"","time","Infaltion CPI_Denmark","Infaltion CPI_Germany","Infaltion CPI_Spain","Infaltion CPI_France","Infaltion CPI_Italy","Infaltion CPI_Netherlands","Infaltion CPI_Finland","Infaltion CPI_Sweden","Change in energy price_Denmark","Change in energy price_Germany","Change in energy price_Spain","Change in energy price_France","Change in energy price_Italy","Change in energy price_Netherlands","Change in energy price_Finland","Change in energy price_Sweden","Change in food price_Denmark","Change in food price_Germany","Change in food price_Spain","Change in food price_France","Change in food price_Italy","Change in food price_Netherlands","Change in food price_Finland","Change in food price_Sweden","Unemployment data_Denmark","Unemployment data_Germany","Unemployment data_Spain","Unemployment data_France","Unemployment data_Italy","Unemployment data_Netherlands","Unemployment data_Finland","Unemployment data_Sweden"
"1",1997-01-01,2.4,1.9,2.8,1.8,2.7,1.7,0.9,1.4,6.2,5.4,4.6,5.7,1.7,8.6,3.8,6.2,3.6,1.6,1.3,2.8,1.9,2.3,1,0.6,NA,NA,NA,NA,NA,NA,NA,NA
"2",1997-02-01,2.1,1.6,2.5,1.7,2.4,1.4,0.6,1.1,5.5,4.3,4.7,4.9,2,8.3,2.3,6.1,3.5,0.9,0.6,1.6,1.3,0.5,0,0.3,-1.7857,0,-0.5319,0,0.8929,-1.4286,-0.7407,4
"3",1997-03-01,1.8,1.3,2.2,1.1,2.2,1.2,0.7,1,3.6,3.5,3.6,3.6,1.8,7.4,2.6,5.4,2.6,-0.4,-0.1,0.2,0.7,-2.1,-0.4,-1.7,-3.6364,1.0526,-0.5348,0,0,-1.4493,-0.7463,0
"4",1997-04-01,1.7,1.2,1.6,1,1.9,1,0.9,1.2,0.9,2.1,1.4,2,0.5,5.3,1.5,3.4,3.2,-0.1,-1.2,0.5,0.1,-2.3,-0.4,-1,-1.8868,1.0417,0,0.9174,0.885,-1.4706,-0.7519,-1.9231
"5",1997-05-01,2.1,1.5,1.3,0.9,1.9,1.6,0.9,1.2,2.1,2.3,1.1,1.3,0.8,6.2,1,3.3,4.2,0.9,-1.9,0.3,-0.7,0.6,-0.1,-0.3,1.9231,0,0.5376,-0.9091,0,-1.4925,-1.5152,0
"6",1997-06-01,2.4,1.5,1.4,1,1.6,1.5,1.1,1.6,2.9,3,2,1.7,1.2,7,1.8,5.1,4.7,1.4,-1.8,0.8,-1.3,1,-1.1,0.3,-1.8868,0,0.5348,0,0,-1.5152,-2.3077,2.9412
"7",1997-07-01,2,1.6,1.5,1.1,1.7,1.9,1.1,1.5,1.8,3,1.7,1.5,3.6,9,1.4,6.3,3,0.8,-2,1.4,-1.3,1,-0.3,-0.7,0,0,-1.0638,0,-3.5088,-1.5385,-1.5748,-3.8095
"8",1997-08-01,2.1,1.7,1.7,1.6,1.6,2.5,1.7,2.1,5.4,4.5,3.8,2.6,3.6,10.9,4.1,8.5,2.1,0.9,-1.9,2.7,-1.3,2.8,0.4,0.1,0,0,-1.6129,0,0,-1.5625,-1.6,-4.9505
"9",1997-09-01,1.8,1.4,1.9,1.4,1.6,2.5,1.6,2.6,2.8,2.3,2.8,1.3,2.7,9.6,2.6,4.5,2.3,1.7,-1,2.8,-1,2.5,0.7,1.3,-1.9231,0,0,0,0,-1.5873,-0.813,-1.0417
"10",1997-10-01,1.7,1.5,1.8,1.1,1.9,2.3,1.7,2.7,1.4,1.5,1.5,0,2.4,8.8,0.5,3.4,1.7,1.9,-1,2.9,-0.7,2.2,1.7,1.4,0,0,-1.6393,0,2.7273,-1.6129,-0.8197,-1.0526
"11",1997-11-01,1.7,1.6,1.9,1.4,1.7,2.5,1.8,2.7,1.9,1,1.4,0.3,1.5,8.4,0.3,3.3,1.6,2.3,-0.4,3.1,-0.4,3.3,2,1.8,0,0,-1.1111,-0.9174,0,-3.2787,-0.8264,-2.1277
"12",1997-12-01,1.5,1.4,1.9,1.2,1.7,2.2,1.6,2.7,1.2,0.4,0.6,-0.2,1,8.1,-0.8,2.9,1.9,2.7,0.3,2.4,-0.1,1.7,1.7,1.2,0,0,-1.1236,0,0,-1.6949,-0.8333,-4.3478
"13",1998-01-01,1.7,0.7,1.9,0.6,1.9,1.6,1.8,2.1,1.2,-2.4,-1,-1.3,0.2,3.4,0.5,2.8,2.1,1.7,0.6,0.8,0.3,-0.4,1.7,0.8,0,0,-2.8409,0,-1.7699,-1.7241,-0.8403,0
"14",1998-02-01,1.7,0.5,1.7,0.7,2,2.1,1.7,2,0.9,-2.5,-2.1,-1.4,-0.2,3.2,2.1,2.4,1.8,1.4,0.2,1.5,0.4,1.1,2.1,0.6,-3.9216,0,-2.3392,-0.9259,0,-1.7544,-0.8475,0
"15",1998-03-01,1.5,0.5,1.7,0.8,2,2.2,1.6,1.7,-0.2,-2.5,-2.3,-1.5,-1,2.9,1.2,1.6,2.1,1.6,0.9,2.1,0.6,2.6,1.9,1.1,0,-1.0309,0,0,0,-1.7857,0,-4.5455
"16",1998-04-01,1.7,0.9,1.9,1,2.2,2.5,1.7,1.4,1.9,-1.5,-1.8,-1,-0.7,4,0.4,1.9,1.8,1.4,1.3,2.6,0.6,3.6,1.6,1,0,0,-0.5988,0,3.6036,-1.8182,0,3.5714
"17",1998-05-01,1.4,0.9,2,0.9,1.9,2.1,1.6,1.6,1,-1.9,-2.5,-1.8,-1,3.4,0,1.6,1.1,1.3,1.2,2.6,1,2.6,1.8,1.1,0,-1.0417,0,0,0,-1.8519,0,2.2989
"18",1998-06-01,1.2,0.8,2,1.1,2,2.2,1.6,1.3,1.4,-2.1,-3,-2.2,-1.2,3.1,-0.5,1.6,0.3,1,1.6,3.1,1.3,2.3,3.4,1.1,-2.0408,-1.0526,1.2048,0,0,-1.8868,-0.8547,-7.8652
"19",1998-07-01,1.4,0.8,2.3,0.8,2,1.8,1.1,1.3,3,-1.9,-3,-2.3,-1.2,-2.2,-0.6,-0.1,0.8,0.9,2.3,2.2,1.3,2.9,2.2,1.1,2.0833,0,-1.1905,0,-1.7391,-1.9231,-0.8621,1.2195
"20",1998-08-01,1,0.6,2.1,0.7,2.1,1.4,1.1,0.6,-1,-4.3,-5.9,-3.8,-1.7,-4.1,-2.7,-2.3,0.6,0.8,2.1,2.1,1.5,2.2,2.9,1.6,0,-1.0638,-1.2048,-0.9346,0,-1.9608,-1.7391,-2.4096
"21",1998-09-01,1.1,0.5,1.5,0.5,2.1,1.3,1.4,-0.1,0.9,-4.3,-5.8,-3.8,-1.8,-3.9,-1.6,-2.4,0.1,0.4,1.2,1.4,1.5,2.4,2.4,0.6,-2.0408,-1.0753,-0.6098,0,0,-2,-2.6549,-6.1728
"22",1998-10-01,1.1,0.4,1.5,0.5,1.9,1.5,1.1,0.1,0.7,-4.9,-5.7,-3.8,-2.2,-3.3,-2,-1.5,0,0,1.3,0.5,1.5,2.2,1.5,1.4,0,-1.087,-1.8405,0.9434,1.7699,-2.0408,-0.9091,-2.6316
"23",1998-11-01,1.1,0.4,1.4,0.2,1.7,1.5,0.9,0.1,0.3,-4.7,-5.9,-4.9,-3.1,-3.4,-2.3,-1.9,-0.1,0.1,0.5,0.1,1.3,2,0.8,2.2,0,0,-1.875,0,-0.8696,-2.0833,-0.9174,2.7027
"24",1998-12-01,1.1,0.1,1.3,0.3,1.6,1.5,0.8,0.1,0.3,-5.5,-6.7,-4.9,-3.1,-3.9,-2.2,-2.8,-0.4,-0.3,0.6,0.4,1.3,3.4,0.9,2.3,2.0833,-1.0989,-1.9108,0,0,-2.1277,0,-2.6316
"25",1999-01-01,1.1,0.3,1.4,0.3,1.4,2.1,0.5,0.1,1,-3.9,-5.2,-5.5,-4.5,-0.8,-3.7,-3.8,-0.1,-0.5,0.6,1.1,1.3,3.6,0.9,3.3,2.0408,-1.1111,-3.8961,0,-2.6316,0,-0.9259,-1.3514
"26",1999-02-01,1.4,0.1,1.8,0.3,1.4,2,0.9,0.2,1,-4.1,-4.9,-5.3,-4,-0.9,-3.6,-3.8,-0.1,-0.4,1.7,1.2,1.4,3.8,0.9,3.2,0,-1.1236,-3.3784,0.9346,0,-2.1739,-0.9346,-4.1096
"27",1999-03-01,1.6,0.5,2.1,0.4,1.4,2,0.9,0.5,4.2,-2.3,-2.9,-4.1,-3.2,0.5,-2.3,-2.2,0.1,-0.1,2.4,1.4,1.6,3.6,0.3,3.4,0,0,-2.7972,-0.9259,0,-2.2222,-0.9434,0
"28",1999-04-01,1.6,0.8,2.3,0.5,1.3,1.9,1.3,0.3,4.6,3.1,-0.5,-2.2,-1.5,1,2.1,-2.4,-0.1,-0.1,2.3,0.7,1.4,2.3,0.8,2.5,0,-1.1364,-2.1583,0.9346,0,0,-0.9524,-1.4286
"29",1999-05-01,1.6,0.4,2.1,0.4,1.5,2.1,1.4,0.3,5.3,2.3,0.1,-1.6,-0.5,1.3,2.9,-1.1,-0.7,-0.8,2,0.2,1.3,2.2,1,2.3,0,-1.1494,-0.7353,-0.9259,0,-2.2727,-0.9615,-2.8986
"30",1999-06-01,1.9,0.4,2.1,0.3,1.4,2.1,1.2,0.5,6,4.1,1.6,-1.1,-0.5,1.6,2.3,-1,0,-1.5,1.2,-0.5,1,2.1,0.5,2.1,-2,0,0,-0.9346,-0.9009,0,0,0
"31",1999-07-01,2,0.5,2.1,0.4,1.7,1.8,1.4,0.2,6.8,5.5,4.9,0.5,1.3,3.4,4.5,-0.3,0,-1.7,0.6,-0.7,0.7,0.2,-0.4,0.4,2.0408,-1.1628,0,-0.9434,0,-2.3256,-0.9709,-1.4925
"32",1999-08-01,2.6,0.6,2.3,0.5,1.5,2.5,1.3,0.8,10.1,7.3,8.9,2.6,2,4.8,6.1,1.7,1.2,-1.7,0.5,-1.4,0.7,1.3,-1.9,0.7,6,0,0,-0.9524,-0.9091,0,-0.9804,1.5152
"33",1999-09-01,2.4,0.8,2.5,0.6,1.8,2,1.4,1.1,10.1,8.7,9.3,3.8,4.7,5.2,6.6,2.5,0.4,-1.6,0.9,-0.8,0.4,0.7,-1.4,1.4,-1.8868,-1.1765,-0.7407,-1.9231,0,-2.381,-0.9901,-1.4925
"34",1999-10-01,2.6,0.9,2.4,0.8,2,1.8,1.6,1,10.6,8.5,7.8,4.3,5.1,4.5,7.2,2,1,-1.5,1.4,0.5,0.6,0.8,-0.3,1.6,1.9231,0,-1.4925,-0.9804,-1.8349,0,1,-3.0303
"35",1999-11-01,2.6,1,2.7,0.9,2,2,1.9,0.8,11.9,9.1,9,5.4,6.1,6.1,9.3,1.8,1.1,-1.6,2.1,0.7,0.6,0.5,-0.4,1.4,0,-1.1905,-0.7576,-0.9901,0,-2.439,0,-1.5625
"36",1999-12-01,3.1,1.4,2.8,1.3,2.2,1.9,2.2,1.1,14.9,12.2,11.5,9,8,7.1,11.4,4.7,2.4,-1.6,2.1,1.1,0.6,-0.4,-0.1,1.1,0,-1.2048,-1.5267,-2,-0.9346,0,0,0
"37",2000-01-01,2.8,1.7,2.9,1.7,2.2,1.6,2.3,1,13.2,14.7,11.8,11.2,9.5,10.6,11.2,5,0.8,-1.4,2.1,0.7,0.4,-0.8,-0.7,-0.3,-5.6604,0,-0.7752,0,0,-2.5,0,-1.5873
"38",2000-02-01,2.8,1.7,3,1.4,2.4,1.5,2.7,1.4,15.7,16,14.8,12.2,10.2,13.3,12.5,7.9,1.5,-0.8,1.8,1.2,0.6,-1.7,0.2,0.7,-8,-1.2195,-3.125,-2.0408,0,0,0.9901,-1.6129
"39",2000-03-01,2.9,1.4,3,1.6,2.5,1.6,3.2,1.3,16.5,17.8,16,13.4,12.7,14.7,15.5,8.3,1.2,-1.4,1.2,0.8,0.7,-1.8,0.8,0.4,-4.3478,0,-1.6129,-1.0417,-0.9434,-2.5641,0,-3.2787
"40",2000-04-01,2.9,1,3,1.3,2.4,1.7,2.5,1,13.6,8.8,13.9,10.3,9.8,11.8,9,5.4,1.4,-1.4,1.5,1.6,1.1,-0.6,0.4,0.3,0,-1.2346,-1.6393,-1.0526,-1.9048,0,-1.9608,0
"41",2000-05-01,2.9,0.8,3.2,1.5,2.5,2,2.7,1.3,13.7,11,15.5,12,11.1,13.9,10.8,7,1.6,-1,1.4,1.8,1.3,-0.2,-0.4,0.4,2.2727,0,-0.8333,-1.0638,0,-2.6316,-2,-5.0847
"42",2000-06-01,2.9,1.4,3.5,1.8,2.8,2.5,3.1,1.3,14.6,13.9,16.6,14.2,13.2,16.2,14.5,8.2,1.5,-0.3,2.2,2,1.6,0.5,-0.1,0.1,-2.2222,0,0,-1.0753,-0.9709,0,-2.0408,3.5714
"43",2000-07-01,2.8,1.3,3.7,1.9,2.8,2.8,2.9,1.3,11.9,12.6,12.9,13.4,13,17.5,12.2,6.8,1.5,0.1,3,2.6,1.8,1.5,0.5,0.9,-4.5455,-1.25,0,-1.087,-1.9608,-2.7027,0,-3.4483
"44",2000-08-01,2.1,1,3.6,2,2.8,2.5,2.9,1.3,9,11.3,9.7,11.6,12.1,16,9.2,4.4,0.8,0.3,3.3,3.4,2,1.9,1.7,1,-2.381,0,-0.8403,-1.0989,0,0,0,-1.7857
"45",2000-09-01,2.8,1.5,3.7,2.3,2.8,2.9,3.4,1.2,12.1,16.3,10.7,15,12.6,17.8,13.2,6.6,1.7,0.3,3.3,3.5,2.3,1.9,2,1.2,-2.439,0,-0.8475,-1.1111,-1,-2.7778,0,-5.4545
"46",2000-10-01,2.9,1.5,4,2.1,2.7,3.2,3.4,1.3,10.8,15.5,13.8,11.7,11.9,18.1,12.1,7,2.1,0.5,3.4,3.2,2.3,2.7,1.4,0.6,0,-1.2658,0,-1.1236,-3.0303,-2.8571,-1.0417,0
"47",2000-11-01,2.8,1.4,4.1,2.3,2.9,2.9,3.3,1.8,9.7,16.4,14.7,12.6,12.8,15.8,9.7,7.9,1.8,0.8,3.2,3.5,2.4,2.8,2.7,0.5,2.5,0,-1.7094,0,0,0,-1.0526,0
"48",2000-12-01,2.4,2.2,4,1.8,2.7,2.9,2.9,1.3,6,12.5,11.2,7.4,10.4,12.8,5.3,3.4,1.8,1.5,3.6,3.1,3,3,2.6,1.2,0,-1.2821,-2.6087,-1.1364,0,-2.9412,-1.0638,-5.7692
"49",2001-01-01,2.4,1.3,2.9,1.3,2.5,4.6,2.9,1.6,5.4,9.3,6.6,1.4,9.2,14.7,2.3,6.4,2.2,2,4.1,3.6,3.1,4.1,3.7,1.2,4.878,0,-3.5714,-1.1494,-2.0833,-3.0303,1.0753,24.4898
"50",2001-02-01,2.3,1.8,2.7,1.5,1.5,5,2.7,1.5,3.9,12,5.2,1.4,8,13.1,3.3,5.6,2,1.7,4.6,3.7,3.7,5.5,2.5,0.7,2.3256,0,-0.9259,0,0,0,0,-1.6393
"51",2001-03-01,2.2,1.8,3,1.5,2.2,5,2.5,1.8,0.7,8.8,2.4,-0.6,5.3,10.3,-0.6,4.1,3,3.6,5.3,5.2,3.8,7.4,3.1,1.9,0,-1.2987,-1.8692,-1.1628,-1.0638,0,-4.2553,-1.6667
"52",2001-04-01,2.6,2.2,3.6,2,3,5.4,2.9,2.9,3.3,12.3,3.5,1.5,6.6,12.3,2.7,10.4,3.9,5,5.2,5.5,3.6,8.6,3.2,3.2,-2.2727,0,-0.9524,0,-1.0753,-3.125,2.2222,-1.6949
"53",2001-05-01,2.7,2.9,3.8,2.4,2.8,5.5,3.3,3.1,4.3,13.9,3.8,3.5,4.8,11,4.4,11,4,6.5,6.1,7.1,4,9.1,5,4.4,0,1.3158,1.9231,0,-1.087,0,-1.087,1.7241
"54",2001-06-01,2.3,2.4,3.7,2.2,2.8,5.1,3,2.9,2,8.7,2.6,1.7,3.7,7,1,7.8,4,6.8,6.5,7.2,4.5,8.5,5.3,4.1,2.3256,0,-0.9434,0,0,0,-1.0989,0
"55",2001-07-01,2.3,2.1,2.4,2.2,2.3,5.3,2.6,2.8,1.7,5.9,-0.1,-0.7,0.6,6.9,-1.3,6.6,3.6,6.7,6.3,7.6,4.9,8.6,5.6,4.3,2.2727,1.2987,0,-1.1765,0,0,-2.2222,1.6949
"56",2001-08-01,2.5,2.2,2.1,2,2,5.2,2.7,3,2,5.4,-1.7,-1.9,-0.4,7.3,-1.5,7.9,4.3,6,6.3,6.6,4.7,7.9,5.7,4.4,4.4444,0,0.9524,0,-1.0989,0,1.1364,0
"57",2001-09-01,2.2,1.8,2.3,1.6,2,5.3,2.6,3.4,-0.6,1.4,-2.8,-5.2,-3,6.2,-3.7,6.9,3.4,6.1,5.9,6.4,4.6,8.8,5.9,4.6,0,1.2821,-0.9434,0,0,0,6.7416,0
"58",2001-10-01,1.9,1.6,2.5,1.8,2.3,5,2.4,3,-1.8,-0.8,-6.4,-4.3,-3.6,3.8,-5.7,3.2,3.5,6.4,5.5,6.4,4.6,8.4,6.2,5.9,0,1.2658,0,0,-1.1111,0,-5.2632,5
"59",2001-11-01,1.8,1.4,2.5,1.3,2.3,4.8,2.2,2.9,-3.2,-3.1,-10,-7,-5.1,3.8,-6.2,2.4,3.2,5.2,5.6,5.3,4.6,6.9,5.1,5.4,0,0,0.9524,0,0,0,4.4444,-6.3492
"60",2001-12-01,2,1.4,2.5,1.5,2.3,5.1,2.3,3.2,-0.1,-2.5,-9.2,-7,-5,5.7,-5.9,3.9,3.1,4.9,5.2,5.6,4.3,7.3,5.9,5.8,0,1.25,0.9434,-1.1905,-1.1236,3.2258,-5.3191,1.6949
"61",2002-01-01,2.3,2,3.1,2.4,2.3,4.9,2.9,2.9,0.8,0.5,-2.9,-2.5,-5.2,1.1,-2,3.1,3.7,6.5,4.7,7,5.1,8.7,8.1,8.3,-2.1277,0,3.7383,-1.2048,-2.2727,0,5.618,-1.6667
"62",2002-02-01,2.4,1.8,3.2,2.2,2.5,4.5,2.5,2.8,0,-1.9,-3.1,-3.2,-4.8,0.4,-3.8,1.9,4,5.5,4.8,6.3,4.5,7.8,7,7,-4.3478,1.2346,3.6036,0,-1.1628,3.125,-4.2553,0
"63",2002-03-01,2.5,1.9,3.2,2.2,2.5,4.4,2.6,2.9,2.3,0,-1.2,-2.1,-4.9,2.1,-1.4,3.8,3.4,4.2,4.6,4.9,4.2,5.8,7.1,7.2,-2.2727,0,-2.6087,0,0,3.0303,-1.1111,1.6949
"64",2002-04-01,2.4,1.5,3.7,2.1,2.5,4.2,2.5,2.3,3.4,0.8,-0.4,-0.9,-3.9,3.4,1.9,1.8,2,2.3,5,3.8,4.4,4,5.2,5.2,0,1.2195,0,0,4.7059,0,3.3708,1.6667
"65",2002-05-01,2,1.1,3.7,1.6,2.5,3.8,1.8,1.6,0.1,-2.7,-1.8,-4.2,-3.9,1.8,-2.4,-1.5,1.7,0.2,4.9,2,4,3.2,4.3,3.2,2.3256,1.2048,0,0,-1.1236,2.9412,3.2609,-3.2787
"66",2002-06-01,2.1,0.9,3.4,1.4,2.4,3.8,1.5,1.7,0.7,-2.6,-4.4,-5.1,-4.7,2.8,-3,-1.3,1.7,-1.1,4.9,1.9,3.3,2.9,2.9,3.2,2.2727,1.1905,1.7857,0,0,2.8571,-8.4211,-1.6949
"67",2002-07-01,2.1,1.1,3.5,1.6,2.5,3.7,2,1.7,1,-0.5,-1.5,-3.9,-2.8,3.1,0.1,0.7,1.8,-1.2,4.8,1.1,2.8,3.5,3.5,3.4,6.6667,1.1765,2.6316,1.2195,-2.2727,2.7778,4.5977,6.8966
"68",2002-08-01,2.4,1.1,3.7,1.8,2.5,3.7,1.8,1.6,1.7,0.2,0.3,-1.3,-1.5,3.4,0.8,0.5,1.2,-0.6,4.8,1.5,2.9,2.8,1.6,3.4,4.1667,1.1628,0.8547,0,0,2.7027,1.0989,-3.2258
"69",2002-09-01,2.4,1.1,3.5,1.8,2.9,3.6,1.3,1.2,1.9,-0.2,0.9,-0.7,-0.9,3.4,0.5,-0.1,2.1,-0.5,4.9,1.5,3.2,3.4,0.6,3.1,0,2.2989,-0.8475,0,0,2.6316,-2.1739,5
"70",2002-10-01,2.6,1.2,4,1.9,2.9,3.4,1.7,1.7,4.8,3.5,3.7,1.2,0.6,5.8,3.6,3.7,1.6,-1,5.2,1.4,3.3,1.6,0.5,2.1,-2,1.1236,-0.8547,0,-1.1628,2.5641,2.2222,-1.5873
"71",2002-11-01,2.8,1.1,3.9,2.1,2.9,3.3,1.7,1.4,5.4,2.6,3.6,1.9,0.4,5.3,3.8,3.1,2.1,-0.9,5.1,1.7,3.4,1.3,0.7,1.3,-2.0408,1.1111,0,1.2048,0,2.5,-4.3478,1.6129
"72",2002-12-01,2.6,1.1,4,2.2,3,3.2,1.7,1.7,3.7,4.2,5.8,3.7,0.8,6.6,5.3,5.8,1.8,-1.1,4.8,1.4,3.4,1.5,0.5,0.8,-2.0833,1.0989,0,1.1905,-1.1765,2.439,2.2727,1.5873
"73",2003-01-01,2.6,1.1,3.8,1.9,2.9,2.7,1.4,2.6,4.4,6.9,5.5,5.8,4.3,6.7,10.2,12.3,1.2,-3,4.9,0.3,2.5,-0.5,-1.7,-0.7,2.1277,2.1739,0.8621,-3.5294,4.7619,26.1905,1.1111,1.5625
"74",2003-02-01,2.7,1.2,3.9,2.6,2.6,2.9,2.1,3.3,6.5,8.4,6.7,7.9,5.2,8.1,13.4,17.4,1.8,-2.1,4.5,1.1,2.2,0.2,0.2,0.9,4.1667,1.0638,0,1.2195,-1.1364,1.8868,-5.4945,-6.1538
"75",2003-03-01,3,1.2,3.7,2.5,3,2.7,1.8,3,6.4,7.3,6.1,8.6,6.4,6.6,12.3,15.1,2.3,-1.3,4.3,1.5,2.5,0.8,-0.5,0.2,4,1.0526,-0.8547,1.2048,0,3.7037,6.9767,6.5574
"76",2003-04-01,2.3,1,3.2,2,3,2.2,1.4,2.3,0.5,1.8,0.8,2.1,4.5,3.6,2.8,9.4,2.3,-1.1,3.7,1.8,2.2,1.3,1.1,0.5,3.8462,1.0417,-1.7241,1.1905,-3.4483,1.7857,2.1739,0
"77",2003-05-01,2.1,0.6,2.7,1.8,2.8,2.2,1.1,1.9,-0.7,1.2,-2,-0.1,2.7,2.7,1.5,8.9,1.7,-0.9,3.6,1.5,2.3,0.9,-0.9,-0.2,3.7037,0,-0.8772,0,1.1905,1.7544,-3.1915,-1.5385
"78",2003-06-01,2,1,2.8,2,2.8,2.1,1.1,2,-0.4,2.6,-0.6,0.5,2.3,3.7,2.8,10.2,1.7,0.5,3.5,2.5,3.1,2.2,0.4,0.3,0,1.0309,1.7699,0,0,1.7241,3.2967,1.5625
"79",2003-07-01,1.7,0.9,2.9,2,2.8,2.1,1,2.4,-0.8,3,0,2,2.1,4.3,3.6,10.4,1.7,0.5,3.6,2.7,3.6,1.6,-0.4,0.7,-3.5714,0,0.8696,0,-1.1765,1.6949,-4.2553,1.5385
"80",2003-08-01,1.6,1.1,3.1,2,2.8,2.2,1.2,2.3,0,3.9,1,1.5,2.7,4.8,5.1,10.6,1.8,0.4,4,3.2,3.8,2.8,0.4,0.8,0,0,-0.8621,-2.3529,0,1.6667,-3.3333,6.0606
"81",2003-09-01,1.7,1.1,3,2.2,2.9,2,1.3,2.3,-0.8,2.3,-0.2,0.4,3,3.4,2.1,8.3,2.4,1,4.4,4,4.1,2.3,2,1.6,1.8519,0,0,3.6145,0,1.6393,3.4483,-4.2857
"82",2003-10-01,1.2,1.2,2.7,2.3,2.8,1.9,0.9,2,-2.6,2.1,-1.8,-0.3,1,3.2,0.4,8.8,2.1,1.5,4.4,3.1,4.4,2.3,1.9,1.2,3.6364,0,-0.8696,1.1628,-2.381,0,0,4.4776
"83",2003-11-01,1.3,1.4,2.9,2.5,2.8,2,1.1,2,-0.7,4.2,1.1,0.1,1.6,4.6,1.9,10.2,2.4,1.8,4.3,3,4.2,2.1,2.4,1.6,1.7544,0,-0.8772,1.1494,0,3.2258,-1.1111,5.7143
"84",2003-12-01,1.2,1.1,2.7,2.4,2.5,1.6,1.2,1.8,-1,3.4,-0.1,-0.1,1.9,3.4,2.9,8.5,2.2,1.6,4.1,2.4,4,0.4,2.2,1.6,0,0,0.885,2.2727,0,1.5625,1.1236,-2.7027
"85",2004-01-01,1,1.1,2.3,2.2,2.2,1.5,0.7,1.2,-2.2,-0.1,-1.6,-1.1,0,2.7,-1.1,3.2,1.5,1.5,4,2.1,4.1,0.1,1.9,1.2,0,0,-0.8772,-1.1111,1.2195,0,0,-2.7778
"86",2004-02-01,0.7,0.8,2.2,1.9,2.4,1.4,0.4,0.1,-4,-2.3,-2.6,-3.4,-1,1.5,-4.1,-2.8,-0.4,0.5,4.1,1.1,4.3,-0.7,0.6,0.1,-1.7241,3.0612,-0.885,0,-3.6145,1.5385,-3.3333,8.5714
"87",2004-03-01,0.4,1.1,2.2,1.9,2.3,1.3,-0.4,0.4,-3.4,-2.2,-2.5,-3.2,-1.6,3,-3.2,-0.9,-0.4,-0.2,4.2,1.3,3.8,-2.1,0.5,0.1,-3.5088,1.9802,-0.8929,0,3.75,1.5152,2.2989,0
"88",2004-04-01,0.6,1.7,2.7,2.4,2.4,1.5,-0.4,1,-1.1,2.7,1.5,1.4,-0.9,5.4,1.4,2.9,-0.5,-0.2,4.8,1.4,3.4,-2.9,0.5,0.1,0,0,0.9009,-1.1236,-1.2048,2.9851,6.7416,-3.9474
"89",2004-05-01,1.1,2.2,3.4,2.8,2.4,1.7,-0.1,1.5,5.1,7.3,6.6,7,1.9,8.7,7,6.1,0,-0.1,5,1.8,3.3,-2.6,0.7,0.9,-1.8182,0,0,0,-1.2195,1.4493,0,6.8493
"90",2004-06-01,1,1.9,3.5,2.7,2.4,1.5,-0.1,1.1,3.7,5,7.2,6.5,3.5,7.1,5.1,3.5,-0.6,-0.4,4.8,1.4,2.8,-3.2,0.2,0.5,1.8519,0,0,0,-3.7037,-1.4286,-9.4737,-2.5641
"91",2004-07-01,1.2,1.9,3.3,2.6,2.2,1.2,0.2,1.2,5.3,5.9,6.6,5.6,3.4,6.3,5,5,-0.6,-0.2,4.7,0.6,2.3,-3.3,1.4,0,1.8182,0,-1.7857,0,0,-1.4493,3.4884,-3.9474
"92",2004-08-01,0.8,2.2,3.3,2.6,2.4,1.2,0.2,1.1,5,6.4,7,7,3.5,5.7,4.5,4.4,-0.6,-0.1,4,-1,1.9,-4.7,1.4,-0.5,0,0.9709,0,0,-2.5641,-1.4706,1.1236,1.3699
"93",2004-09-01,0.8,1.9,3.2,2.2,2.1,1.2,0.2,1.1,4.4,6.2,7.5,6.9,3,6.6,6.1,5.3,-1.1,-1.2,3.1,-1.6,1,-5.4,0.6,-1.2,0,0,-0.9091,1.1364,6.5789,0,-11.1111,8.1081
"94",2004-10-01,1.6,2.2,3.6,2.3,2.1,1.5,0.6,1.5,8.6,9.5,11.6,10,5.9,8.1,11.7,6.4,-1.4,-1.4,3.1,-1,0.1,-4.5,0.2,-0.9,-3.5714,0.9615,-1.8349,0,-1.2346,1.4925,7.5,-8.75
"95",2004-11-01,1.1,1.9,3.5,2.2,2,1.5,0.2,1.1,6.2,7.1,9.9,10.8,6,6.5,8.5,3.9,-2.1,-1.3,3.3,-0.6,-0.4,-4.3,-0.3,-0.9,-1.8519,0.9524,-0.9346,1.1236,1.25,0,1.1628,5.4795
"96",2004-12-01,1,2.3,3.3,2.2,2.3,1.3,0.1,0.9,4.3,4.7,7.6,9.7,5.4,4.8,5.9,2.8,-1.5,-0.4,3.2,0.1,-0.5,-2.7,0,-0.7,0,0.9434,-2.8302,-1.1111,-2.4691,2.9412,-3.4483,-1.2987
"97",2005-01-01,0.8,1.7,3.1,1.6,2,1.3,-0.1,0.5,4,5.4,6,6.7,5,9.6,3,1.4,-1.5,-1.1,3.4,-0.5,-0.7,-3.1,-0.2,-0.9,0,0,-1.9417,-2.2472,-1.2658,0,10.7143,3.9474
"98",2005-02-01,1.1,1.8,3.3,1.9,2.1,1.5,0,1.2,5,6.4,7.6,8.7,6,10.7,4.2,3.5,0,0,3.7,0.7,-0.7,-1.9,1.1,1,-1.8868,1.8692,-1.9802,-1.1494,2.5641,2.8571,-4.3011,5.0633
"99",2005-03-01,1.3,1.8,3.4,2.1,2.2,1.5,0.9,0.6,4.9,8.5,8.2,9.6,7,10.6,4.1,3,0.5,0.5,3.5,1,-0.5,-0.9,1,-0.8,0,0,-2.0202,0,-1.25,-1.3889,-11.236,-9.6386
"100",2005-04-01,1.7,1.4,3.5,2,2.1,1.3,1.2,0.5,8.8,9.1,9.6,10.8,9.6,11.2,7.7,4.3,-0.5,0.1,3.7,0,-0.2,-1.9,0.5,-0.8,0,2.7523,0,1.1628,0,0,12.6582,2.6667
"101",2005-05-01,1.3,1.5,3.1,1.7,2.3,1,0.7,0.2,3.9,6,6.8,6.4,8.2,8.2,1.4,1.6,-0.5,0.4,3.3,0.2,-0.2,-1.4,0.5,-0.3,-3.8462,0,-3.0928,1.1494,-3.7975,1.4085,-8.9888,5.1948
"102",2005-06-01,1.7,1.7,3.2,1.8,2.2,1.4,1,0.8,7.5,10.1,8.3,9.3,7,11.6,5.8,6.1,0.4,0.2,3.3,-0.6,-0.2,-1.5,0.2,-0.6,0,0,-3.1915,1.1364,2.6316,-2.7778,2.4691,2.4691
"103",2005-07-01,1.9,1.9,3.3,1.8,2.2,1.5,0.9,0.7,9,11.6,11.5,12.1,9.8,12.1,7.9,6.8,0.9,-0.1,2.5,-0.3,-0.4,-1.7,-0.9,-1.2,0,0,-3.2967,0,-2.5641,0,1.2048,-1.2048
"104",2005-08-01,2.3,1.9,3.3,2,2.2,1.7,1,1.1,8.9,11.4,11.6,11.3,9.8,13.7,8.1,8.3,1.5,0,2.6,0.6,-0.2,-0.2,-0.6,-1.3,-6,0,-2.2727,1.1236,-1.3158,-1.4286,-3.5714,-2.439
"105",2005-09-01,2.5,2.6,3.8,2.3,2.2,1.7,1.2,1.1,12.4,15.9,15.1,14.8,11.3,15.8,13,8.7,0.9,0.5,2.8,0.4,-0.1,-1.7,-1.2,-1.2,-4.2553,-0.8929,-1.1628,0,5.3333,0,-2.4691,-5
"106",2005-10-01,1.9,2.4,3.5,2,2.5,1.5,0.8,0.9,9,12.6,11.3,11.6,12.4,12.5,8.9,6.8,0.9,0.1,2.9,0.5,0.2,-0.7,-1,-1.3,-4.4444,-0.9009,1.1765,1.1111,0,0,-1.2658,6.5789
"107",2005-11-01,1.9,2.3,3.4,1.8,2.4,1.6,0.9,1.2,8,11.7,9.3,8.3,9.6,11.8,6,7.2,0.8,0.5,3.2,0.6,0.5,0.6,-0.1,-0.2,-4.6512,-0.9091,1.1628,0,-3.7975,-1.4493,8.9744,-8.642
"108",2005-12-01,2.3,2.1,3.7,1.8,2,2,1,1.2,9.6,14.4,10,8,9.2,14.1,8.2,8.9,1.1,0.3,4.3,0.8,0.9,0.2,-0.2,-0.7,0,-1.8349,1.1494,0,0,0,-1.1765,6.7568
"109",2006-01-01,2,2.1,4.2,2.2,2.2,1.7,1.2,1.2,10.4,15.5,14.8,11.8,10.9,11.5,10.8,8.8,1,0.9,4.6,1.2,1,1.2,-0.4,-0.5,0,-0.9346,0,1.0989,-2.6316,-4.4118,-1.1905,0
"110",2006-02-01,2.1,2.1,4.1,2,2.2,1.5,1.3,1,8.8,14.6,13.4,10.5,10.6,9.5,10.6,7.1,0.9,0.6,4.4,1.2,1.1,0.5,0.3,-1.5,2.439,-0.9434,-1.1364,0,0,0,-3.6145,-8.8608
"111",2006-03-01,1.8,1.9,3.9,1.7,2.2,1.4,1.2,1.4,7.6,11.8,11.8,8.3,9.5,9.2,8.6,7.9,0,0.2,4.1,0.2,1.1,0,-0.2,-0.4,0,0,0,-1.087,-2.7027,-3.0769,-3.75,5.5556
"112",2006-04-01,1.9,2.2,3.9,2,2.4,1.8,1.5,1.8,7.5,12.7,12.2,9.3,9.3,10.1,8.9,9.3,1.3,0.9,3.5,0.9,1,1.3,0.8,-0.3,0,-1.9048,-1.1494,-1.0989,-1.3889,-1.5873,0,3.9474
"113",2006-05-01,2,2.1,4.1,2.3,2.3,1.8,1.7,1.9,9.4,13.6,14.3,12.6,10.5,11.1,13.2,10.2,2,1.2,3.7,1.2,1.1,0.5,0.9,1,-2.381,-0.9709,-1.1628,-1.1111,-1.4085,0,2.5974,-7.5949
"114",2006-06-01,2.1,2.1,4,2.2,2.4,1.8,1.5,1.9,8.1,11.8,12,9.9,10.5,9.5,9.1,9.1,2.4,1.4,4.2,1.5,1.5,1.1,1.2,0.5,-2.439,-0.9804,-1.1765,0,-4.2857,-3.2258,-2.5316,-2.7397
"115",2006-07-01,2,2.1,4,2.2,2.4,1.8,1.3,1.7,6.4,10.1,10,7.8,10.5,9.4,8.8,6.5,2.4,2,5,2.1,2.1,1.3,0.9,1.7,-5,-0.9901,-1.1905,1.1236,-1.4925,0,-1.2987,0
"116",2006-08-01,2,1.7,3.8,2.1,2.3,1.9,1.3,1.6,5.8,8,8.2,7,10.4,6.8,7.9,6.2,2.6,2.6,4.7,2.4,2.5,2.1,1.9,1.8,-2.6316,-1,0,0,1.5152,-1.6667,1.3158,1.4085
"117",2006-09-01,1.4,0.9,2.9,1.5,2.5,1.5,0.8,1.2,-0.5,0.7,0.9,0.9,5.9,1.5,-2.4,3.5,3.5,3,4.8,2.8,3,3.7,2.4,2.4,-2.7027,-1.0101,-1.2048,-3.3333,0,0,-1.2987,-6.9444
"118",2006-10-01,1.4,1,2.6,1.2,1.9,1.4,1,1.2,-1.2,-0.1,-1.9,-1.6,1.5,2.2,-4.5,3.5,3.2,3,4.5,2.2,2.9,1.7,3,2,-2.7778,-1.0204,0,-2.2989,0,0,1.3158,0
"119",2006-11-01,1.8,1.5,2.7,1.6,2,1.6,1.3,1.5,1,2.8,0.3,0.6,3.5,4.4,0.7,6.3,4.6,3,4,2.5,3.2,1.9,3.1,2.1,2.8571,-1.0309,1.2195,-2.3529,-1.4925,0,-5.1948,0
"120",2006-12-01,1.6,1.4,2.7,1.7,2.1,1.7,1.2,1.5,1.5,2.8,2.6,2.1,4.3,4.8,1.3,5.2,4.5,2.6,3.2,1.8,2.9,1.9,2.4,1.8,5.5556,-2.0833,0,0,-4.5455,-1.6949,-2.7397,-1.4925
"121",2007-01-01,1.8,1.7,2.4,1.4,1.9,1.2,1.3,1.6,-0.1,1.5,-1.2,-0.3,3,1.9,-1.5,2.5,5.3,2.6,2.3,1.7,3,1.2,3,2.3,7.8947,-2.1277,0,2.4096,0,-1.7241,1.4085,-1.5152
"122",2007-02-01,1.9,1.9,2.4,1.2,2.1,1.4,1.2,1.7,1.3,2.2,-1.7,-0.4,1.4,3.6,-1.6,3.9,5.1,2.1,2.5,0.6,2.6,1.2,1.5,1.6,-4.878,-1.087,-1.2048,0,-3.1746,0,0,-3.0769
"123",2007-03-01,2,2,2.5,1.2,2,1.9,1.6,1.6,2.2,3.5,-0.3,0.6,1.7,4.3,1.6,2.7,4.1,2,2.8,0.4,2.5,0.8,1.9,1.8,-5.1282,-2.1978,-1.2195,-1.1765,0,-3.5088,-1.3889,4.7619
"124",2007-04-01,1.6,2.1,2.5,1.3,1.8,1.9,1.5,1.6,-2,1.8,-1.4,-0.4,-0.1,3.6,-1.2,0.7,5.4,2.7,3.2,1.1,2.8,1.3,3,3,-5.4054,-1.1236,-1.2346,-2.381,-4.918,-3.6364,-8.4507,-6.0606
"125",2007-05-01,1.7,2,2.4,1.2,1.9,2,1.3,1.2,-1.4,2,-1.6,-1.4,-0.1,4.8,-0.5,-0.5,4.3,1.7,3.1,0.8,2.8,1.2,1.3,0.2,2.8571,-2.2727,-1.25,-1.2195,5.1724,0,1.5385,-3.2258
"126",2007-06-01,1.3,2,2.4,1.3,2,1.8,1.4,1.3,-1.7,1.5,-0.2,-0.2,1.3,4.3,0.7,-1.3,2.4,1.7,2.8,1.3,2.5,1,1,1.1,2.7778,0,1.2658,-1.2346,-1.6393,-1.8868,4.5455,5
"127",2007-07-01,1,2.1,2.3,1.2,1.6,1.4,1.6,1.4,-1.7,1.5,-1.2,-0.6,-0.9,0.2,-1.1,-2.1,2.3,1.8,2.6,0.7,2.4,1.2,2.6,1.4,8.1081,-1.1628,1.25,1.25,5,1.9231,-1.4493,-6.3492
"128",2007-08-01,0.8,1.9,2.2,1.3,1.6,1.1,1.3,1.2,-3.1,0.8,-2.1,-1.7,-2.1,0.2,-2.8,-4.1,1.3,2.4,2.8,1.1,2.5,-0.1,1.5,1.5,0,-1.1765,2.4691,-1.2346,-1.5873,-1.8868,0,3.3898
"129",2007-09-01,1.1,2.6,2.7,1.6,1.7,1.3,1.7,1.6,0.9,5.9,2.3,1.5,-0.1,4.2,3.2,-0.7,2.7,2.7,3.5,1.3,2.9,0,2,0.8,2.5,0,0,-1.25,0,0,4.4118,1.6393
"130",2007-10-01,1.7,2.6,3.6,2.1,2.3,1.6,1.8,1.9,1,6.2,7,5.2,3,5,5.3,-0.3,5.4,4.9,5.7,2.3,3.6,2.2,2,2.9,-9.7561,-1.1905,1.2048,-2.5316,1.6129,-1.9231,-7.0423,1.6129
"131",2007-11-01,2.5,3.3,4.1,2.6,2.5,1.8,2.2,2.4,5.1,11,10.6,10,5.1,7.3,10.6,2.7,6.9,5.7,6.5,2.3,4,2.9,2.8,3.9,0,-1.2048,2.381,-2.5974,0,0,1.5152,-3.1746
"132",2007-12-01,2.4,3.1,4.3,2.8,2.8,1.6,1.9,2.5,3.7,8.6,11.4,10.5,6.5,6,9.5,3,6.9,6,6.8,3.3,4.3,3.4,2.2,5.1,-10.8108,-1.2195,2.3256,-2.6667,6.3492,-1.9608,-1.4925,0
"133",2008-01-01,3.1,3,4.4,3.2,3.2,1.8,3.4,3,8.4,9.4,13.4,12.1,8.2,4.7,18.6,7.2,7.1,6.5,7.2,4.5,4.7,4,6,5.7,-3.0303,-1.2346,3.4091,-1.3699,0,0,-1.5152,-1.6393
"134",2008-02-01,3.2,3,4.5,3.2,3,2,3.3,2.9,7.3,9,13.2,11.3,9,4.2,16.6,6.9,6.7,6.6,7.2,5.1,5.2,4.3,6.1,6.3,9.375,-1.25,2.1978,-2.7778,0,-6,-6.1538,-1.6667
"135",2008-03-01,3.3,3.3,4.6,3.5,3.6,1.9,3.6,3.3,6.9,9.8,14.1,12.5,9.8,3.2,15.2,6.5,7.7,7.4,7.1,5.7,5.7,5.4,7.6,7.3,2.8571,-1.2658,2.1505,1.4286,-4.4776,0,4.918,0
"136",2008-04-01,3.4,2.6,4.2,3.4,3.4,1.7,3.3,3.2,9,9.3,13.3,11.9,10.4,3,13.7,7.1,7.5,6.5,6.8,5.5,5.9,5.4,6.4,6.8,-11.1111,-1.2821,5.2632,2.8169,7.8125,2.1277,-10.9375,-3.3898
"137",2008-05-01,3.6,3.2,4.7,3.7,3.8,2.1,4.1,3.7,8.9,12.3,16.5,15,13,4.2,16.3,9.8,8.3,6.7,6.9,6.2,6.1,6.3,9.9,8.4,9.375,-1.2987,4,0,-1.4493,0,12.2807,3.5088
"138",2008-06-01,4.2,3.4,5.1,4,4,2.3,4.3,4,11.2,14.1,19.1,18.4,14.7,6,21.4,13.5,9.7,6.6,7.4,6,6.5,6.7,9.3,8.5,5.7143,-2.6316,3.8462,1.3699,1.4706,0,0,13.5593
"139",2008-07-01,4.3,3.4,5.3,4,4,3,4.3,3.8,11.1,14.7,21.3,18.2,16.6,11.4,20.6,15.3,10.2,7.1,7.1,6.9,6.7,7.1,9,8.4,0,-1.3514,2.7778,1.3514,-4.3478,-2.0833,-4.6875,-5.9701
"140",2008-08-01,4.8,3.3,4.9,3.5,4.3,3,4.6,4.1,10,12.6,17.5,15,14.4,10.2,18.1,15.4,10.7,6.3,6.9,5.5,6.4,7,9.9,7.9,2.7027,-2.7397,3.6036,0,3.0303,0,4.918,-4.7619
"141",2008-09-01,4.5,3,4.6,3.4,3.9,2.8,4.7,4.2,9.7,11.9,14.8,13.9,13.5,9,17.3,16.1,8.5,5.6,6.1,5,5.9,6.9,10.7,8.4,0,-1.4085,4.3478,0,0,2.1277,4.6875,8.3333
"142",2008-10-01,3.8,2.6,3.6,3,3.6,2.5,4.4,3.5,9.1,9.5,9.3,9.5,10.4,4.7,12.4,11.5,6.5,4,3.9,4.9,5.2,6.3,10.6,7.4,-5.2632,0,7.5,1.3333,2.9412,-2.0833,-5.9701,-1.5385
"143",2008-11-01,2.8,1.4,2.4,1.9,2.8,1.9,3.5,2.4,1.3,1.2,-0.4,-0.4,3.3,-1.7,-0.9,3.8,4.3,2.1,2.9,3.9,4.6,5,10.6,6.3,27.7778,0,6.9767,2.6316,1.4286,0,6.3492,10.9375
"144",2008-12-01,2.5,1.1,1.4,1.2,2.4,1.7,3.4,2.1,-0.8,-0.8,-7.1,-6.1,-1.4,-3.8,-5.8,1.2,4,2.1,2.2,3.2,4.2,4.7,11.3,6.1,-8.6957,0,7.2464,2.5641,-4.2254,2.1277,0,-2.8169
"145",2009-01-01,1.7,1,0.8,0.8,1.4,1.7,2.5,2.1,-6.2,-0.8,-9.2,-8.8,-5.4,0.3,-11.4,0.5,3.5,1,1.7,2.3,3.7,4.2,7.5,5.6,28.5714,1.4286,7.4324,3.75,7.3529,0,2.9851,0
"146",2009-02-01,1.7,1.1,0.7,1,1.6,1.9,2.7,2.2,-3.2,-1.2,-8,-7.8,-4.7,1.1,-9.6,1,3.1,1.1,1.4,2.2,3.3,4.4,8,5.5,-7.4074,0,5.6604,3.6145,1.3699,2.0833,8.6957,13.0435
"147",2009-03-01,1.5,0.3,-0.1,0.4,1.1,1.8,2,1.9,-4.4,-4.5,-11.5,-11.8,-6.6,0,-11.3,0.8,2,0.1,0.4,1.5,2.8,3.7,6.7,4.6,8,1.4085,4.1667,3.4884,4.0541,2.0408,2.6667,1.2821
"148",2009-04-01,1.1,0.7,-0.2,0.1,1.2,1.8,2.1,1.8,-5.5,-5.2,-12.3,-12.8,-8.4,-0.9,-10.2,0.1,0.9,-0.6,-0.3,0.8,2.3,3.1,6.4,3.8,14.8148,1.3889,1.7143,2.2472,-2.5974,4,6.4935,0
"149",2009-05-01,1,-0.1,-0.9,-0.3,0.8,1.5,1.5,1.7,-5.4,-7.8,-15.2,-16.2,-11.1,-1.8,-11.4,-0.7,-0.2,-1.2,-1,0,2.1,2,3.2,3,-3.2258,0,0.5618,1.0989,0,0,6.0976,13.9241
"150",2009-06-01,0.9,0,-1,-0.6,0.5,1.4,1.6,1.6,-5.5,-7.8,-14.1,-16.5,-11.6,-1.6,-12.8,-1.2,-0.2,-0.9,-2.1,-0.9,1.5,1.4,4.9,2.8,23.3333,1.3699,0,0,4,1.9231,0,-5.5556
"151",2009-07-01,0.7,-0.7,-1.3,-0.8,-0.1,-0.1,1.2,1.8,-7.8,-11.4,-15.8,-17.4,-14.6,-13.3,-14,-4.8,-0.7,-2.3,-2.4,-1.9,1.2,0.1,2.8,2.1,-21.6216,0,0.5587,-1.087,1.2821,3.7736,-2.2989,0
"152",2009-08-01,0.8,0,-0.7,-0.2,0.1,-0.1,1.3,1.9,-4.2,-6.9,-10.2,-13.2,-12,-10.4,-9.3,-2.6,-1.2,-2.9,-2.3,-1.4,0.9,-0.4,2,2.5,22.4138,0,1.1111,1.0989,0,1.8182,3.5294,4.7059
"153",2009-09-01,0.4,-0.4,-0.9,-0.4,0.3,0,1.1,1.4,-5.4,-8.9,-10.1,-13.5,-11.4,-11.1,-10.8,-6.5,-1.5,-3,-2.6,-0.9,0.5,-1.2,0.7,1.4,1.4085,-1.3514,1.0989,1.087,5.0633,1.7857,-4.5455,0
"154",2009-10-01,0.8,-0.1,-0.6,-0.2,0.3,0.4,0.6,1.8,-4.2,-6.9,-6.5,-10.7,-11.2,-7.3,-6.5,-2.7,-1.7,-3.4,-2.6,-0.9,0.4,-1.1,-5.1,1.3,-2.7778,-1.3699,1.087,2.1505,0,1.7544,8.3333,0
"155",2009-11-01,1,0.3,0.4,0.5,0.9,0.7,1.3,2.4,1.2,-2.5,1.9,-3.9,-5.4,-2.3,3.5,1.9,-2.3,-2.2,-2.6,-0.6,0.4,-1.3,-4.8,1.2,4.2857,-1.3889,0.5376,1.0526,1.2048,1.7241,4.3956,-1.1236
"156",2009-12-01,1.1,0.9,0.9,1,1.1,0.7,1.8,2.8,4.2,0.9,7.4,1.2,-2.6,0.3,8.9,5.4,-3,-2.1,-2.6,-0.8,0.2,-1.1,-4.7,0.5,2.7397,0,1.0695,-1.0417,1.1905,3.3898,-10.5263,3.4091
"157",2010-01-01,1.9,0.7,0.7,1.2,1.3,0.4,1.6,2.7,9.2,1,11.3,5.9,0.8,-4.1,11.5,7.3,-2.6,-1.3,-2,-0.4,0,-2,-6.3,1.1,0,-1.4085,1.0582,0,1.1765,1.6393,10.5882,1.0989
"158",2010-02-01,1.9,0.4,0.4,1.4,1,0.4,1.3,2.8,7.7,0.1,9.8,5.3,0.4,-4.9,9.3,8.8,-2.4,-1.2,-2.2,-0.3,0,-1.4,-6.5,0.8,2.6667,0,0.5236,-1.0526,1.1628,0,-5.3191,-2.1739
"159",2010-03-01,2.1,1.2,2.7,1.7,1.4,0.7,1.5,2.5,9.7,3.9,13.8,9.5,2.4,-2.9,13.7,7.3,-0.8,0.2,-0.8,0.4,0,-1.4,-6.2,0.8,1.2987,-1.4286,1.0417,-1.0638,-1.1494,0,-4.4944,0
"160",2010-04-01,2.4,1,2.4,1.9,1.8,0.7,1.6,2.1,11.6,5.2,16.6,12.4,4.9,-2.2,14.1,5.5,-0.8,1.5,-0.5,0.8,-0.1,-0.9,-5.9,1,-1.2821,-1.4493,2.0619,0,1.1628,-1.6129,1.1765,4.4444
"161",2010-05-01,2.1,1.2,2.5,1.9,1.5,0.4,1.4,1.8,10.6,4.8,16.3,13.3,5.6,-3.9,12.1,4.4,-0.8,1.4,-0.4,0.8,-0.4,-0.9,-6.3,0.8,-1.2987,-1.4706,1.0101,0,0,0,-2.3256,-5.3191
"162",2010-06-01,1.6,0.9,2.1,1.7,1.4,0.2,1.3,1.6,8.1,2.7,10.8,9.2,2.8,-5.6,7.8,1.6,-1.4,1.2,0.1,1.3,-0.2,-0.6,-6.7,1.1,5.2632,-2.9851,0.5,-1.0753,-2.2989,1.6393,2.381,-5.618
"163",2010-07-01,2.2,1.2,1.8,1.9,1.8,1.3,1.3,1.4,9.6,4.6,11.8,10.2,5.4,5.1,9.8,3.3,0,2.6,0.2,1.6,-0.1,0.8,-6,0.7,-3.75,-1.5385,-0.995,0,0,0,0,5.9524
"164",2010-08-01,2.3,1,1.6,1.6,1.7,1.2,1.3,1.1,7.7,2.4,8.9,8.2,4.3,3.8,7.8,1.9,1.1,2.8,0.5,1.5,0.2,1.4,-5,1,-1.2987,0,0.5025,0,-3.5294,-1.6129,-1.1628,-4.4944
"165",2010-09-01,2.6,1.2,2.8,1.8,1.6,1.4,1.4,1.5,9.2,4.5,11,9.5,4.6,5.5,10.2,5.1,1.3,3,-0.3,1,0.4,1.5,-3.9,1.7,0,-1.5625,0.5,0,2.439,-1.6393,-4.7059,0
"166",2010-10-01,2.3,1.3,2.5,1.8,2,1.4,2.4,1.6,9.1,5.1,12.5,10.7,6,5.1,10.3,5,1.6,2.9,0.3,0.6,0.7,1.2,2.6,1.2,6.5789,0,0,0,2.381,0,2.4691,-1.1765
"167",2010-11-01,2.4,1.5,2.3,1.8,1.8,1.4,2.4,1.7,8,5,11.7,9.7,5.4,4.8,9.2,5.8,2.2,3.4,0.6,1,0.7,1.3,1.8,1.8,-7.4074,-1.5873,0.4975,0,-2.3256,-1.6667,-2.4096,-3.5714
"168",2010-12-01,2.8,1.8,2.9,2,2.1,1.8,2.8,2.1,10.3,8.1,15.6,12.1,7.6,7.1,14.8,10,3.3,3.7,0.8,1.4,1,1,2.2,2.3,9.3333,-1.6129,0.9901,0,-2.381,0,6.1728,1.2346
"169",2011-01-01,2.6,2,3,2,2,1.9,3.1,1.4,10,8.5,17.6,13.2,9.2,7.4,17.7,5.7,2.2,2.7,0.1,0.1,1.9,0.8,3.3,0.5,-2.439,-1.6393,0,0,0,-1.6949,-3.4884,-1.2195
"170",2011-02-01,2.6,2.3,3.4,1.8,2.2,2,3.5,1.2,9,10.1,19,14.4,9.9,7.5,18.4,3,2.4,3.3,1,0.3,2.2,1.2,4.9,1.1,-2.5,-1.6667,0.4902,0,-1.2195,1.7241,-1.2048,-2.4691
"171",2011-03-01,2.6,2.4,3.3,2.2,2.8,1.8,3.5,1.4,8.8,10.4,18.9,14.7,10.3,6.9,17.1,5.7,2,2.6,0.8,0.8,2.5,1.5,5,0.8,1.2821,-3.3898,0.4878,-1.087,0,-3.3898,8.5366,1.2658
"172",2011-04-01,2.9,2.7,3.5,2.2,2.9,2.1,3.4,1.8,9.5,10.4,17.6,13.1,10.6,7.7,15.7,7.1,2.6,1.7,1.1,0.4,2.5,1.8,4.5,0.5,-7.5949,-1.7544,0,0,-1.2346,1.7544,-13.4831,-2.5
"173",2011-05-01,3,2.5,3.4,2.2,3,2.3,3.4,1.7,9.1,9.4,15.3,11.2,9.8,8.4,14.5,7.1,3.5,2.8,2,1.2,3.2,2.2,5.8,0.7,6.8493,0,0.4854,0,3.75,0,0,1.2821
"174",2011-06-01,3,2.4,3,2.3,3,2.3,3.4,1.5,8.3,9.1,15.3,11.3,9.4,7.7,15.5,5.6,4.5,2,2,1.6,3.2,2.3,6.1,0.4,-6.4103,-1.7857,1.4493,1.0989,-1.2048,-1.7241,7.7922,1.2658
"175",2011-07-01,2.9,2.6,3,2.1,2.1,3.2,3.7,1.6,9.6,10.6,15.9,11.3,10.6,9.3,14.7,6.3,3.1,1.7,2.3,1.9,2.3,1.7,5.3,0.9,12.3288,0,1.9048,0,2.439,5.2632,-3.6145,-1.25
"176",2011-08-01,2.4,2.5,2.7,2.4,2.3,3.2,3.5,1.6,9.1,9.9,15.3,11.8,11.7,8.6,14.7,5.8,2.3,2.3,1.4,2.7,2.1,1.4,5.3,1,-7.3171,-1.8182,1.4019,0,1.1905,0,-5,-1.2658
"177",2011-09-01,2.3,2.8,3,2.4,3.7,3,3.5,1.5,9.2,11.2,15.9,12,11.7,9.2,15.1,5.2,2.2,2.7,2.2,2.9,2.2,1.6,4.7,0.4,-7.8947,0,1.8433,0,5.8824,3.3333,3.9474,-1.2821
"178",2011-10-01,2.7,2.8,3,2.5,3.7,2.8,3.2,1.1,9.7,11.1,14.5,11,13.9,8.6,14.7,4.3,3.8,3.2,2.1,3.2,2.5,1.9,4.5,0.5,17.1429,-1.8519,1.3575,1.087,-1.1111,3.2258,-1.2658,2.5974
"179",2011-11-01,2.5,2.7,2.9,2.7,3.7,2.6,3.2,1.1,8.3,11.1,13.7,11.1,13.7,7.8,14.1,3.9,4.1,2.6,2.1,2.9,3.1,1.9,4.9,-0.1,-1.2195,-1.8868,1.3393,1.0753,6.7416,3.125,-6.4103,-1.2658
"180",2011-12-01,2.4,2.2,2.3,2.7,3.7,2.5,2.6,0.4,6.6,7.9,10.3,9,13.8,5.7,8.1,-2,4.2,2.2,1.8,3,3,2,4.6,0,-2.4691,0,0.8811,0,2.1053,-1.5152,9.589,1.2821
"181",2012-01-01,2.7,2.4,2,2.6,3.4,2.9,3,0.8,4.9,7.1,7.9,7.7,15.5,7.7,6.6,0.9,4.8,2.9,2.1,3.2,2.2,1.7,5,0.5,-5.0633,-1.9231,1.31,1.0638,0,1.5385,-1.25,1.2658
"182",2012-02-01,2.7,2.6,1.9,2.5,3.5,2.9,3,1,5.2,7.9,7.8,7.8,15.7,8.4,7.4,2.6,5.2,3.4,2,3.4,2.9,2.4,4.3,0.5,8,0,1.7241,0,5.1546,-1.5152,-6.3291,-1.25
"183",2012-03-01,2.7,2.3,1.8,2.6,3.8,2.9,2.9,1.1,5.8,6.4,7.5,6.5,15.4,8.8,5.5,1,5.2,3.6,1.6,3.3,2.4,1.8,4.5,0.7,-6.1728,0,1.2712,0,4.902,0,6.7568,-3.7975
"184",2012-04-01,2.2,2.2,2,2.4,3.7,2.8,3,1,2.5,5.5,8.8,5.4,15.6,7.8,5.3,1.1,4.3,3.4,1.6,3.2,2.3,1.2,4.8,0.3,10.5263,0,1.2552,1.0526,0,4.6154,-3.7975,0
"185",2012-05-01,2.1,2.1,1.9,2.3,3.6,2.5,3.1,0.9,1.3,4.9,8.2,4.9,15.3,6.2,3.4,-0.9,4.3,2.4,1.1,2.7,2,1.2,5,1.3,1.1905,0,1.6529,1.0417,-0.9346,-1.4706,1.3158,9.2105
"186",2012-06-01,2.2,1.9,1.8,2.3,3.7,2.5,2.9,0.9,1,4,6.2,3.3,14.5,5.6,1.5,-1.1,4.4,3.4,1.5,3,2.7,1.5,5,2.7,-8.2353,0,0.813,0,2.8302,0,0,-3.6145
"187",2012-07-01,2.2,1.9,2.2,2.2,3.6,2.6,3.1,0.7,1.7,4.4,7.8,3.6,12,4.5,2.2,-1.8,4.3,3,1.1,2.4,2.6,1.3,6.2,1.9,-3.8462,0,0.8065,0,0.9174,1.4925,1.2987,1.25
"188",2012-08-01,2.6,2.3,2.7,2.4,3.4,2.6,3.3,0.9,3.9,7.4,11.9,6.7,13.5,6.4,4.5,1.1,5.2,3.3,2.1,2.1,2.6,1.3,6.2,1.4,8,-1.9608,0.8,0,-0.9091,0,7.6923,2.4691
"189",2012-09-01,2.6,2.2,3.5,2.2,3.4,2.5,3.4,1,3.3,6.7,13.4,5.7,15.9,6.5,5.5,1.8,5.1,2.9,2.6,2.2,2.9,1.7,6.6,1.9,-4.9383,0,1.1905,1.0309,2.7523,1.4706,-4.7619,-1.2048
"190",2012-10-01,2.3,2.1,3.5,2.1,2.8,3.3,3.5,1.2,2.4,5.4,11.2,5,13.7,8.1,5.6,1.4,3.7,3.3,2.6,2.9,2.7,2.5,6.9,2.2,-1.2987,0,0.7843,2.0408,3.5714,1.4493,-3.75,0
"191",2012-11-01,2.3,1.9,3,1.6,2.6,3.2,3.2,0.8,1.8,3.7,7.6,2.8,11.6,7,2.4,-0.7,4,4.3,2.8,2.6,2.4,2.6,6.4,2.4,-3.9474,0,0.7782,2,0,2.8571,7.7922,3.6585
"192",2012-12-01,1.9,2.1,3,1.5,2.6,3.4,3.4,1,0.7,3.7,7.6,2.7,9.3,6.1,2.1,1.2,3.6,4.6,3.2,2.3,2.5,3.7,6.9,2.3,1.3699,0,0.3861,0.9804,0,2.7778,-8.4337,-3.5294
"193",2013-01-01,0.9,1.9,2.8,1.4,2.4,3.2,2.6,0.6,0.9,4.3,5.3,2.1,5.4,4.2,0,-0.9,2.8,4.5,3.3,2.2,3.2,3.8,5.9,2.6,6.7568,2,0.7692,0.9709,4.3103,1.3514,14.4737,-2.439
"194",2013-02-01,1.1,1.8,2.9,1.2,2,3.2,2.4,0.5,1.8,4.1,5.9,2.5,5,4.1,0.6,-2,1.6,3.1,2.9,1.6,2.4,2.7,7,2.1,-8.8608,0,0.7634,0,0,2.6667,-2.2989,1.25
"195",2013-03-01,0.7,1.9,2.6,1.1,1.8,3.2,2.5,0.5,-1,1.1,3.2,1.2,3.4,2.1,-0.1,-2.4,1.9,3.6,2.7,1.4,2.2,3.4,7.1,1.9,4.1667,-1.9608,-0.3788,0,0,2.5974,-3.5294,3.7037
"196",2013-04-01,0.5,1.1,1.5,0.8,1.2,2.8,2.4,0,-1.5,1.1,-2.5,0,-0.9,0.3,-2.3,-3.6,1.7,3.9,2.7,1.8,2.6,2.9,7.8,3.3,10.6667,0,0,0.9615,0.8264,1.2658,0,0
"197",2013-05-01,0.7,1.5,1.8,0.9,1.2,3.1,2.5,0.3,0,2,-1.8,-0.3,-2.3,1,-1.2,-2,0.9,5.5,3.5,2,2.9,3.5,8.8,3.4,-20.4819,0,-0.3802,-0.9524,1.6393,1.25,3.6585,-4.7619
"198",2013-06-01,0.6,2,2.2,1,1.2,3.2,2.3,0.5,0.9,3.1,1,1.8,-0.5,2.5,1,-1.3,0.4,5.3,3.8,2,2.8,3,7.5,2.6,13.6364,-2,-0.3817,0,0,2.4691,-12.9412,1.25
"199",2013-07-01,0.4,2,1.9,1.2,1.2,3.1,2.5,0.8,-0.3,3.3,-0.4,1.8,0.3,1.4,1.2,0.9,0.9,5.7,4.6,2,2.9,3.3,7.6,3.3,0,0,0.3831,-0.9615,-1.6129,2.4096,5.4054,-1.2346
"200",2013-08-01,0.1,1.5,1.6,1,1.1,2.8,2.1,0.8,-2,1,-2.2,-0.2,-1.1,0.3,-0.5,-0.9,0.2,4.6,4.6,2,2.5,3.1,6.2,2.6,-5.3333,0,-0.3817,-1.9417,2.459,0,5.1282,1.25
"201",2013-09-01,0.1,1.5,0.5,1,0.9,2.4,1.8,0.5,-1.6,0.5,-3.7,0.8,-2.5,-0.8,-1.6,-0.8,1.3,4.5,2.6,1.2,1.8,2.3,4.8,3,5.6338,0,-0.3831,1.9802,0.8,0,2.439,1.2346
"202",2013-10-01,0.4,1.2,0,0.7,0.7,1.3,1.7,0.2,-1.2,-0.1,-2.7,-0.2,-3.6,-3.1,-2.5,-1.3,0.3,3.9,1.6,0.1,1,1.1,4.4,1.8,-9.3333,-2.0408,0,-1.9417,0,0,-3.5714,-3.6585
"203",2013-11-01,0.2,1.6,0.3,0.8,0.6,1.2,1.8,0.3,-0.3,0.1,-0.7,0.2,-3.2,-2.5,-1.2,-0.4,-0.7,2.9,1.2,0.2,0.9,0.6,4.1,1.7,11.7647,0,-0.3846,0.9901,0,-1.1765,11.1111,3.7975
"204",2013-12-01,0.5,1.2,0.3,0.8,0.6,1.4,1.9,0.4,0.8,1.4,0.2,1.1,-2.2,-1.3,0.4,-1.3,-0.7,3.7,1.2,0.3,1.5,0.3,4.2,1.5,-9.2105,2.0833,-1.5444,0,0,1.1905,-5.5556,-1.2195
"205",2014-01-01,0.8,1.1,0.3,0.8,0.6,0.8,1.9,0.2,0.2,-1.7,0,0.2,-2.2,-1.8,0.2,-2.5,-0.3,3.5,1.2,0.3,1.1,0.8,4.1,0.8,8.6957,-2.0408,0,0,3.1746,1.1765,-1.1765,1.2346
"206",2014-02-01,0.3,1,0.1,1.1,0.4,0.4,1.6,0.1,-1.2,-2.6,-1.7,-1,-3.3,-2.6,-1.3,-3,-0.1,3.5,1.2,0.1,0.7,0.1,1.5,1,-8,0,-0.7843,0,-0.7692,1.1628,4.7619,-1.2195
"207",2014-03-01,0.2,0.7,-0.2,0.8,0.3,0.1,1.3,-0.3,-1,-1.6,-1.4,-1.5,-3.6,-2.4,-2.4,-2.8,-1,2,0.6,-0.3,0.5,-0.2,0.1,0.6,-2.8986,0,-0.7905,0,-0.7752,0,0,1.2346
"208",2014-04-01,0.5,1.1,0.3,0.8,0.5,0.6,1.3,0.3,1.4,-1.3,1.6,-0.6,-2.8,-0.8,-1.1,-1.3,-0.7,1.6,0.2,-0.7,0.1,0.3,-0.9,-0.1,0,0,-1.1952,-0.9804,0,-1.1494,-5.6818,0
"209",2014-05-01,0.3,0.7,0.2,0.8,0.4,0.1,1,0.2,0.8,-0.8,3,1,-1.1,-0.1,-0.6,-0.4,-0.1,0.2,-0.8,-1.1,-0.4,-0.7,-2.4,-0.3,1.4925,-2.0833,-0.8065,0,-0.7813,-1.1628,4.8193,-4.878
"210",2014-06-01,0.4,0.9,0,0.6,0.3,0.3,1.1,0.5,1.9,-0.3,2.6,1,-1.3,0.2,-0.5,0.4,0.1,-0.1,-1.5,-1.8,-0.9,-0.8,-1.4,-0.3,2.9412,0,-0.813,0.9901,-3.937,-2.3529,2.2989,6.4103
"211",2014-07-01,0.5,0.7,-0.4,0.6,0,0.3,1,0.4,0.7,-1.5,0.3,0.8,-2.8,-0.5,-0.8,-1.2,0.3,0,-2.1,-1.7,-1,-0.6,-1.7,0.1,-7.1429,0,-0.4098,0,5.7377,-1.2048,-8.9888,-4.8193
"212",2014-08-01,0.3,0.8,-0.5,0.5,-0.1,0.4,1.2,0.2,0.4,-1.9,-0.9,-1.4,-3.6,-1.6,-1.5,-1.5,-0.4,0.4,-2.3,-1.7,-0.5,-0.5,-0.8,0.3,9.2308,0,-0.823,0,-3.1008,-1.2195,4.9383,2.5316
"213",2014-09-01,0.3,0.8,-0.3,0.4,-0.1,0.3,1.5,0,-0.6,-2.2,0,-2.3,-4.4,-1.4,-2.2,-1.7,-0.7,0.8,-0.8,-0.7,-0.2,-0.1,0,-0.3,1.4085,0,-0.4149,1.9608,3.2,-1.2346,7.0588,-2.4691
"214",2014-10-01,0.2,0.7,-0.2,0.5,0.2,0.4,1.2,0.3,-0.7,-2.1,-1.1,-1,-2.5,-0.9,-1.8,-2.6,0.5,0.6,0.5,-0.1,0,0.3,-1.1,0.9,-5.5556,0,-0.4167,0,0.7752,1.25,0,2.5316
"215",2014-11-01,0.3,0.5,-0.5,0.4,0.3,0.3,1.1,0.3,-0.7,-2.3,-3.2,-1,-2.8,-1.5,-2.6,-3,0.1,0,0.2,-0.3,0.4,0.7,-1.4,0.8,-1.4706,-2.1277,-0.4184,0.9615,2.3077,0,0,0
"216",2014-12-01,0.1,0.1,-1.1,0.1,0,-0.1,0.6,0.3,-3.8,-6.5,-8.4,-4.1,-5.3,-4.3,-6.4,-4.9,-0.3,-1.3,-0.3,-0.5,-0.4,-0.3,-2,0.9,5.9701,0,-0.8403,0,-6.7669,1.2346,3.2967,-6.1728
"217",2015-01-01,-0.3,-0.5,-1.5,-0.4,-0.5,-0.7,-0.1,0.4,-8.3,-8.9,-11.4,-6.8,-9.1,-7.2,-10.2,-5.6,0.7,-1.4,-0.5,-0.3,0,-0.9,-2.2,0.8,-15.493,-2.1739,-0.8475,-0.9524,0,1.2195,-7.4468,3.9474
"218",2015-02-01,-0.1,-0.2,-1.2,-0.3,0.1,-0.5,-0.1,0.7,-6.8,-7.2,-10.1,-5,-8.4,-6.1,-8.9,-3.8,0.2,-0.5,0.2,0.1,1,-0.4,-3.3,1,8.3333,0,-0.8547,-0.9615,0,-2.4096,11.4943,1.2658
"219",2015-03-01,0.3,0.3,-0.8,0,0,-0.3,0,0.7,-5.7,-5.6,-7.4,-3.5,-6.5,-4.4,-5.9,-2.9,1.2,-0.1,0.4,0.2,1.1,-0.7,-2.4,1.3,1.5385,0,-1.2931,0.9709,1.6129,0,-2.0619,-3.75
"220",2015-04-01,0.4,1,-0.7,0.1,-0.1,0,-0.1,0.5,-6.3,-5.8,-7.1,-3.2,-6.4,-4.4,-4.7,-3,1.3,1,0.4,0.3,1.2,-0.2,-2.4,2.1,-1.5152,-2.2222,-0.8734,0,-3.1746,0,0,2.5974
"221",2015-05-01,0.4,1.6,-0.3,0.3,0.2,0.7,0.1,0.9,-5.7,-4.9,-6.4,-2.2,-5.8,-3.7,-3.2,-3.7,1.5,1.4,1.3,0.4,1.2,0.3,-1.4,2.3,-6.1538,0,-0.8811,0.9615,1.6393,-1.2346,-2.1053,-2.5316
"222",2015-06-01,0.4,1.1,0,0.3,0.2,0.5,0.1,0.4,-6.2,-5.8,-5.7,-2.6,-5.8,-4,-3,-4.8,1.9,0.8,1.9,0.4,1.2,0.4,-1.8,1.8,4.918,0,-0.8889,-0.9524,-0.8065,-1.25,6.4516,-1.2987
"223",2015-07-01,0.5,1.3,0,0.2,0.4,0.8,-0.1,0.8,-5.8,-6.1,-5.7,-3.9,-5.4,-4.6,-4.6,-5.7,1.2,0.3,1.4,0.3,0.8,0.7,-3,2,3.125,-2.2727,-1.7937,-0.9615,-4.878,-2.5316,-4.0404,-5.2632
"224",2015-08-01,0.3,1.1,-0.5,0.1,0.3,0.4,-0.2,0.6,-7.2,-7.5,-9.7,-4.9,-6.4,-5.9,-5.4,-6,1.2,0.6,1.9,0.9,1.1,1.6,-2.6,2.8,-7.5758,0,-1.3699,0,-0.8547,0,0,-2.7778
"225",2015-09-01,0.3,0.8,-1.1,0.1,0.2,0.3,-0.7,0.9,-7.8,-9.2,-13.6,-5.7,-7.6,-7.6,-8,-7.5,1.6,1,1.9,1,1.5,1.6,-3,3.2,-1.6393,0,-0.9259,0,0,1.2987,-2.1053,7.1429
"226",2015-10-01,0.1,1.2,-0.9,0.2,0.3,0.4,-0.3,0.9,-8.3,-8.7,-13.1,-5.9,-7.7,-7.4,-8,-5.5,1.3,1.7,1.9,1.2,2.1,1.3,-1.4,3.1,3.3333,0,-0.9346,0,1.7241,1.2821,2.1505,-2.6667
"227",2015-11-01,0.1,0.2,-0.4,0.1,0.1,0.4,-0.2,0.8,-8.1,-7.6,-9.9,-5.8,-6.8,-5.8,-5.8,-3.8,1.1,2.2,1.8,0.9,1.6,1.1,-1.4,2.8,-4.8387,-2.3256,-1.4151,0,-2.5424,-2.5316,-3.1579,-4.1096
"228",2015-12-01,0.3,0.2,-0.1,0.3,0.1,0.5,-0.2,0.7,-6.4,-6.5,-7.4,-4.5,-5.4,-5.3,-4.4,-3.6,1.8,1.3,1.8,0.6,1.2,1.1,-1.7,2.1,6.7797,0,-0.4785,-0.9709,1.7391,-1.2987,5.4348,4.2857
"229",2016-01-01,0.4,0.4,-0.4,0.3,0.4,0.2,0,1.3,-3.2,-5.7,-10.3,-3.7,-4.1,-5,-2.7,0.8,0.2,0.8,2.2,0.4,0.4,1.1,-2,2.5,-9.5238,0,-1.4423,0.9804,-0.8547,-2.6316,-6.1856,-2.7397
"230",2016-02-01,0.1,-0.1,-1,-0.1,-0.2,0.3,-0.1,0.8,-5.8,-8.6,-14.1,-6.5,-5.5,-7.3,-5.6,-4,1.5,0.8,1.3,0.2,-0.5,1.1,-1.3,2.2,7.0175,-2.381,-0.4878,0.9709,0.8621,1.3514,0,1.4085
"231",2016-03-01,-0.3,0.1,-1,-0.1,-0.2,0.5,0,1.2,-5.7,-8.9,-14.8,-6.7,-7,-8.1,-6.8,-3.1,-0.2,1.4,1.7,0.5,-0.4,1.5,-1.2,2.7,0,0,-0.4902,-1.9231,-0.8547,-1.3333,3.2967,2.7778
"232",2016-04-01,-0.3,-0.3,-1.2,-0.1,-0.4,-0.2,0.3,1,-5.2,-8.5,-15.1,-6.6,-8.2,-8,-6.8,-3.5,0.4,0.8,2,0.5,-0.1,1.2,-0.6,2,-1.6393,-2.439,0,-0.9804,2.5862,0,-5.3191,-6.7568
"233",2016-05-01,-0.1,-0.1,-1.1,0.1,-0.3,-0.2,0.3,0.8,-5,-8,-14,-5,-8.4,-7.7,-6.5,-2.6,0.8,0.2,1.7,1.2,0.2,1.1,-1.6,1.4,5,0,-0.4926,-0.9901,-3.3613,-2.7027,-3.3708,5.7971
"234",2016-06-01,0.1,0.1,-0.9,0.3,-0.2,-0.2,0.3,1.2,-4.1,-6.4,-11.6,-2.6,-7.5,-7.1,-5.5,1,0.1,0.4,1.5,0.7,0.3,1.4,-1.5,0.9,-6.3492,0,-1.4851,0,1.7391,-1.3889,8.1395,-6.8493
"235",2016-07-01,0.1,0.3,-0.7,0.4,-0.2,-0.6,0.5,1.1,-5.8,-7,-12,-2.7,-6.9,-8.3,-6,0.7,0.4,1.4,2.6,1.5,0.8,0.5,0.3,1.3,10.1695,-2.5,-2.0101,-2,-0.8547,-1.4085,-3.2258,1.4706
"236",2016-08-01,0,0.3,-0.3,0.4,-0.1,0.1,0.5,1.2,-4.5,-5.9,-9,-2.4,-6.4,-6.2,-6.3,1.4,1,1.1,1.8,1.8,0.9,0,-0.3,0.7,-10.7692,0,-1.0256,1.0204,0,-2.8571,-6.6667,4.3478
"237",2016-09-01,-0.3,0.6,0,0.5,0.1,-0.1,0.5,0.8,-2.5,-3.6,-4.8,-0.6,-3.3,-3.8,-2.4,3,0.2,0.7,0.8,0.5,0.1,-0.2,-0.5,0.1,-1.7241,-2.5641,-1.0363,0,2.5862,-1.4706,0,-5.5556
"238",2016-10-01,0.1,0.7,0.5,0.5,-0.1,0.3,0.6,1.1,-0.4,-1.4,0.1,0.6,-3.5,-2,1,5.9,-0.1,0.1,0.3,-0.2,-0.2,0.1,-1.3,0.4,10.5263,0,-1.5707,2.0202,-1.6807,-1.4925,5.9524,2.9412
"239",2016-11-01,0.1,0.8,0.5,0.7,0.1,0.4,0.6,1.3,-0.3,-2.6,-0.5,2,-2.9,-3.1,-0.2,5.4,1.5,1.1,0.4,0.3,0.3,0.6,-0.9,0.5,-7.9365,-2.6316,0,0,2.5641,0,5.618,0
"240",2016-12-01,0.3,1.6,1.4,0.8,0.5,0.7,1.1,1.7,3.2,2.4,5.3,4.1,-2,0.7,4.3,8.1,1.3,2.8,0.8,0.8,1,1.1,-0.7,1.6,-3.4483,0,-1.5957,-0.9901,-1.6667,-3.0303,-9.5745,1.4286
"241",2017-01-01,0.7,1.7,2.9,1.6,1,1.6,0.9,1.5,3.5,5.9,17.4,9.9,2.7,4.7,8.7,6.7,1.9,3.4,1.1,1.5,2.6,1.5,-2.8,1.6,8.9286,0,-0.5405,-3,-0.8475,0,4.7059,-1.4085
"242",2017-02-01,0.9,2.1,3,1.4,1.6,1.7,1.4,1.9,4.7,7.2,16.8,11,4.9,6.3,10.9,10.3,2.6,4.7,1.8,1.8,4.3,2.1,-0.9,1.8,3.2787,0,-1.087,-1.0309,-1.7094,-1.5625,1.1236,0
"243",2017-03-01,0.9,1.5,2.1,1.4,1.4,0.6,0.9,1.4,3.6,5.2,11.7,9.7,4.7,5.2,8.8,7,2.6,2.3,1.5,0.9,3.2,1.9,-2.1,1.3,-6.3492,0,-1.0989,0,0.8696,-1.5873,0,-7.1429
"244",2017-04-01,1,2,2.6,1.4,2,1.4,1,2,2.6,5,12,9.1,7.5,4.9,8.2,7.1,2.2,1.7,1.2,0.8,2.3,1.8,-2.2,1.3,0,-2.7027,-1.6667,-1.0417,-3.4483,-1.6129,3.3333,6.1538
"245",2017-05-01,0.7,1.3,2,0.9,1.6,0.7,0.9,1.8,0.4,2,8.3,5.2,6.4,2,5.3,5.3,1.8,2.2,1.2,0.4,2.2,2.5,-1.4,1.2,0,0,-1.6949,0,2.6786,0,-5.3763,0
"246",2017-06-01,0.4,1.7,1.6,0.8,1.2,1,0.9,1.8,-1.8,-0.1,3.7,1.9,4.6,0.5,2.6,1,2.1,2.6,0.8,0.8,1,2.8,-1.4,2.1,-1.6949,0,-1.7241,0,-2.6087,-1.6393,1.1364,-2.8986
"247",2017-07-01,1.5,1.7,1.7,0.8,1.2,1.5,0.6,2.3,0,0.8,4.1,1.9,3.4,2.9,4.1,4.6,3.8,2.6,0.1,0.7,1.1,3.3,-1.9,1.9,0,-2.7778,-1.1696,1.0526,1.7857,-1.6667,-4.4944,4.4776
"248",2017-08-01,1.5,1.9,2,1,1.4,1.5,0.8,2.2,0.6,2.1,6.3,4.7,4.5,3.7,5.6,5.4,3.4,3,-0.1,0.6,0.9,3.7,-0.4,2.2,3.4483,0,-1.1834,-1.0417,-0.8772,-3.3898,-1.1765,-7.1429
"249",2017-09-01,1.6,1.9,1.8,1.1,1.3,1.4,0.8,2.2,1.6,2.7,5.8,4.9,3.4,3.6,5.9,6.5,3.8,3.4,1.2,1.2,1.7,3.8,-0.8,2.8,0,0,0,-2.1053,-0.885,0,7.1429,6.1538
"250",2017-10-01,1.4,1.5,1.7,1.2,1.1,1.3,0.5,1.7,1.1,1.2,3.9,4.7,4.1,2.5,2.8,2.4,3.9,4.3,2.3,1.8,2.4,3.5,-0.7,2.4,-10,0,0,-2.1505,-0.8929,-3.5088,-8.8889,1.4493
"251",2017-11-01,1.3,1.7,1.8,1.2,1.1,1.5,0.9,1.9,1.5,3.7,5.9,5.4,4.5,4.8,5.7,4.3,3.4,3.2,2.2,1.7,2.1,3.2,-0.5,2.8,1.8519,-2.8571,-0.5988,-1.0989,-0.9009,-1.8182,-2.439,-7.1429
"252",2017-12-01,0.8,1.5,1.2,1.2,1,1.2,0.5,1.7,-0.9,1.2,2.6,4.9,4.2,2.3,1.3,3.6,1.9,2.8,1.7,1.5,1.9,2.6,-0.3,3,-3.6364,0,0,0,-0.9091,0,12.5,3.0769
"253",2018-01-01,0.6,1.5,0.7,1.5,1.2,1.5,0.8,1.6,0,0.7,-1.7,5.1,4.6,5.5,0.4,3.7,1.4,2.9,1.1,1.3,1.2,2.2,1.6,2.6,1.8868,-2.9412,-1.2048,2.2222,0.9174,-3.7037,-5.5556,1.4925
"254",2018-02-01,0.5,1.2,1.2,1.3,0.5,1.3,0.6,1.6,-1.3,0.1,1.3,5.1,3.6,4.2,-0.8,4.4,0.8,0.8,0.8,0.8,-1,1.8,1.4,2,-14.8148,0,-1.2195,1.087,-1.8182,-1.9231,-1.1765,-13.2353
"255",2018-03-01,0.4,1.7,1.3,1.7,0.9,1,0.9,2,-0.6,0.4,1.3,4.9,3,4.4,-0.7,7.6,0.7,2.8,1.2,1.7,0.5,0.7,2.8,2.3,21.7391,0,-1.2346,0,0.9259,-1.9608,-1.1905,5.0847
"256",2018-04-01,0.7,1.3,1.1,1.8,0.6,1,0.8,1.8,1.1,1.2,2.3,6.1,0.8,5.3,1.1,7,1,3.3,1.5,1.8,1.4,1,1.9,2.7,-8.9286,0,-1.875,-1.0753,0.9174,-2,-7.2289,4.8387
"257",2018-05-01,1,2.5,2.1,2.3,1,1.9,1,2,4.8,5.2,7.8,9.8,2.1,9.2,4,8.7,0.7,3.6,1.9,2,1.9,0.6,2.7,3.6,-1.9608,-3.0303,-1.2739,-1.087,-3.6364,0,-5.1948,-7.6923
"258",2018-06-01,1.1,2.1,2.3,2.3,1.4,1.7,1.2,2.1,6.2,6.6,9.9,12,4.3,10.1,6.3,12.6,0,3.3,2.5,2.2,2.5,0,2.6,2.8,6,0,-1.9355,-1.0989,0.9434,0,-4.1096,10
"259",2018-07-01,0.9,2.2,2.3,2.6,1.9,1.9,1.4,2.2,5.2,6.7,11.2,14.1,8.2,11.6,6.5,13.1,-1,2.6,1.8,2.2,2.3,0.2,2.3,3,-5.6604,0,-1.3158,0,-3.7383,0,2.8571,-1.5152
"260",2018-08-01,0.8,2.1,2.2,2.6,1.6,1.9,1.4,2.1,6,7.1,11.1,12.8,7.8,11.4,7.7,13.7,-1.4,2.5,2,2.4,2.1,0.5,2,2.6,0,0,-1.3333,-1.1111,-1.9417,0,2.7778,0
"261",2018-09-01,0.5,2.2,2.3,2.5,1.5,1.6,1.4,2.5,4.5,7.8,12,12.7,7.8,10.8,7,12.3,-0.7,2.8,1.7,3.1,1.6,0.6,3.1,3.4,-6,0,-0.6757,0,1.9802,-2.0408,-5.4054,1.5385
"262",2018-10-01,0.7,2.6,2.3,2.5,1.7,1.9,1.7,2.4,4.9,8.9,10.7,13.5,10.3,11.2,9.9,13.1,-0.8,1.8,1.7,2.4,0.6,0.5,3,2.7,6.383,-3.125,0,-1.1236,3.8835,-2.0833,2.8571,-1.5152
"263",2018-11-01,0.7,2.2,1.7,2.2,1.6,1.8,1.4,2.1,3.5,9.4,6.4,11,9.3,8.3,8.1,10,-1.1,1.4,1.4,2,0.8,1,1.3,2.4,2,0,-1.3605,0,-1.8692,-2.1277,-1.3889,1.5385
"264",2018-12-01,0.7,1.7,1.2,1.9,1.2,1.8,1.3,2.2,2.1,5.1,2,8,6.7,6.3,5.7,9.4,0,1,1.3,2.7,0.6,1.2,1.3,2.2,11.7647,0,-0.6897,0,-1.9048,0,-16.9014,3.0303
"265",2019-01-01,1.2,1.7,1,1.4,0.9,2,1.2,2,1,2.6,1.5,2,3.8,8.4,2.7,9.5,1.6,0.8,1,2.9,0.7,3.2,2.1,1.9,-10.5263,0,-0.6944,0,0.9709,0,11.8644,-7.3529
"266",2019-02-01,1.1,1.7,1.1,1.6,1.1,2.6,1.3,1.9,3.3,3.2,2.6,3.3,4.2,10.5,4,8,1,1.4,1.4,3.1,1.8,3.1,2.1,3.1,0,-3.2258,-0.6993,-1.1364,0.9615,-4.3478,6.0606,9.5238
"267",2019-03-01,1.2,1.4,1.3,1.3,1.1,2.9,1.1,1.8,2.5,4.6,5.6,5.1,5.6,11.7,6.8,5.9,1.8,0.8,0.9,2.4,1,3.8,0.9,3.6,1.9608,0,0,0,-1.9048,0,-7.1429,7.2464
"268",2019-04-01,0.9,2.1,1.6,1.5,1.1,3,1.5,2.1,2.9,4.9,5.4,4.8,5,12,7.2,7.3,0.8,0.7,0.7,2.4,0.3,3.8,2.2,3.1,3.8462,0,0,-2.2989,0,-2.2727,10.7692,-10.8108
"269",2019-05-01,0.7,1.3,0.9,1.1,0.9,2.3,1.3,2.1,0.3,4.1,1.3,3.4,4.5,10.3,5.9,6.5,1.4,0.8,0.5,2.1,0.5,3.8,0.4,2.2,-11.1111,-3.3333,0.7042,-1.1765,-2.9126,0,-5.5556,0
"270",2019-06-01,0.5,1.5,0.6,1.4,0.8,2.7,1.1,1.6,-1.9,2.4,-2.5,2.4,2.6,8.3,3.5,-0.2,2.3,1.4,0.4,2.5,0.3,4.8,1.1,3.2,-6.25,0,-0.6993,1.1905,-4,2.3256,-8.8235,-3.0303
"271",2019-07-01,0.4,1.1,0.6,1.3,0.3,2.6,1,1.5,-1.7,2.3,-2.4,0.8,-1.9,6,2.9,0.1,2.5,2.1,0.9,3,1,5.1,0.7,4.1,2.2222,0,0,-1.1765,0,0,4.8387,14.0625
"272",2019-08-01,0.5,1,0.4,1.3,0.5,3.1,1.2,1.3,-2.9,0.7,-4.5,0.7,-2,4.5,1,-1.3,2.6,2.6,1,3.4,1.1,5,1.8,3.5,6.5217,0,-0.7042,-1.1905,-2.0833,2.2727,7.6923,0
"273",2019-09-01,0.4,0.9,0.2,1.1,0.2,2.7,1,1.3,-3.2,-1.2,-6.5,0.1,-2.9,4.2,1,-1.6,1.6,1.5,0.9,2.1,0.7,4.9,0.2,2.8,4.0816,0,-0.7092,-1.2048,3.1915,0,-5.7143,-6.8493
"274",2019-10-01,0.6,0.9,0.2,0.9,0.2,2.8,0.9,1.6,-3.1,-2.2,-6.5,-1.7,-4.8,3.9,-0.7,-0.1,1.6,1.2,1.2,1.8,0.9,5.1,0.2,2.8,-1.9608,3.4483,0,0,-2.0619,0,4.5455,1.4706
"275",2019-11-01,0.6,1.2,0.5,1.2,0.2,2.6,0.8,1.8,-1.7,-4,-5.1,-0.7,-4.7,5.4,-1,1.4,1.8,1.9,1.7,2.2,0.9,4.4,1.1,3.1,4,3.3333,-0.7143,0,3.1579,0,0,11.5942
"276",2019-12-01,0.8,1.5,0.8,1.6,0.5,2.8,1.1,1.7,0.9,0.1,-2.1,2.4,-2.2,8,3.9,1.2,1.3,2.1,1.7,2.2,1,3.8,1.8,2.6,-1.9231,0,-0.7194,0,0,-4.4444,-5.7971,-11.6883
"277",2020-01-01,0.8,1.6,1.1,1.7,0.4,1.7,1.2,1.5,1.3,3.3,0,4.2,-2.1,-1.5,4.9,-3.1,0.5,2.5,2.1,2.1,0.9,1.9,1.8,2.3,-7.8431,3.2258,0,0,-1.0204,-4.6512,4.6154,8.8235
"278",2020-02-01,0.7,1.7,0.9,1.6,0.2,1.3,1.1,1.3,-2.4,2.2,-3.3,0.9,-3.4,-4.1,2.6,-5.8,1.2,3.4,2,1.9,0.6,2.1,1.1,2.3,12.766,3.125,-1.4493,-4.878,-2.0619,-2.439,-1.4706,5.4054
"279",2020-03-01,0.3,1.3,0.1,0.8,0.1,1.1,0.9,0.8,-5.5,-0.8,-9.6,-4,-5.7,-8.2,-3.1,-9.6,1.9,3.7,2.5,2.2,1.5,3.2,1.5,2.4,-9.434,3.0303,6.6176,-2.5641,-18.9474,2.5,1.4925,-12.8205
"280",2020-04-01,-0.1,0.8,-0.7,0.4,0.1,1,-0.3,-0.2,-11,-5.6,-17.1,-8.5,-9.9,-12.9,-8.9,-15.4,2.2,4.8,4.1,4.6,3.3,3.6,0.7,3.4,-12.5,2.9412,5.5172,0,-3.8961,9.7561,5.8824,20.5882
"281",2020-05-01,-0.2,0.5,-0.9,0.4,-0.3,1.1,-0.1,0.1,-10.4,-8.2,-17.7,-10.9,-13.1,-13.4,-11.8,-14.1,1.9,4.5,3.6,4.3,2.9,3.3,2.2,3.9,26.1905,2.8571,1.3072,-9.2105,17.5676,2.2222,18.0556,3.6585
"282",2020-06-01,0.2,0.8,-0.3,0.2,-0.4,1.7,0.1,0.9,-7.1,-5.9,-12,-9.2,-12.5,-10.7,-8.4,-6.5,1.2,4.2,2.9,3.1,2.7,2.7,2.1,2.6,28.3019,2.7778,3.2258,5.7971,10.3448,17.3913,-9.4118,7.0588
"283",2020-07-01,0.4,0,-0.7,0.9,0.8,1.6,0.7,0.7,-4.8,-6.4,-10.8,-7.4,-10.6,-10.2,-6.3,-11.4,1,1.1,2.3,1.2,1.5,2,2.5,1.4,-5.8824,2.7027,1.25,17.8082,7.2917,1.8519,6.4935,5.4945
"284",2020-08-01,0.4,-0.1,-0.6,0.2,-0.5,0.3,0.3,1,-4,-6,-9.3,-7.1,-10.3,-9.2,-4.1,-6.7,0.9,0.6,2.2,0.9,1.2,1,0.3,1.8,-1.5625,2.6316,1.8519,4.6512,-1.9417,0,7.3171,-3.125
"285",2020-09-01,0.5,-0.4,-0.6,0,-1,1,0.3,0.6,-4.1,-6.6,-8.6,-7.9,-10.1,-9.5,-5.2,-6.2,0.3,0.6,2.4,1,1.3,1.3,1.6,0.9,-4.7619,0,-0.6061,0,0,-1.8182,-7.9545,-3.2258
"286",2020-10-01,0.3,-0.5,-0.9,0.1,-0.6,1.2,0.2,0.4,-4.8,-6.6,-11.1,-7.7,-8.9,-9.4,-5.3,-9.3,0.8,1.4,2.3,1.8,1.6,1.2,1.3,1.3,-1.6667,0,-0.6098,-7.7778,-0.9901,-1.8519,1.2346,-2.2222
"287",2020-11-01,0.4,-0.7,-0.8,0.2,-0.3,0.7,0.2,0.2,-6.8,-7.4,-9.5,-7.7,-8.8,-10.3,-7.1,-10.6,0.6,1.4,1.3,2.4,1.6,0.8,0.9,1,0,0,-0.6135,-2.4096,-5,-5.6604,-2.439,-2.2727
"288",2020-12-01,0.4,-0.7,-0.6,0,-0.3,0.9,0.2,0.6,-5.6,-6,-6.3,-6.9,-8,-9.4,-5.9,-6.8,0.3,0.5,1.1,1.3,0.9,0.7,-0.3,0.8,0,0,0,-2.4691,2.1053,-2,2.5,6.9767
"289",2021-01-01,0.4,1.6,0.4,0.8,0.7,1.6,1,1.9,-5.2,-2.2,-2,-5.8,-5.1,-5,-3.8,-0.3,0.2,2.1,1.5,1.1,0.6,0.6,-0.1,1.8,5.0847,0,-1.8519,2.5316,4.1237,-4.0816,1.2195,-2.1739
"290",2021-02-01,0.5,1.6,-0.1,0.8,1,1.9,0.9,1.8,-0.4,0.2,-4.2,-1.6,-3.2,-0.9,0.3,5,0.1,1.4,1.4,0.9,0.2,0.4,-0.5,0.1,-3.2258,0,-1.2579,1.2346,0,0,-2.4096,1.1111
"291",2021-03-01,0.9,2,1.2,1.4,0.6,1.9,1.4,2.1,4.5,4.5,8.5,4.6,0.3,4.9,5.9,8.4,-1.3,1.5,1.2,1.1,0,-1.3,0.3,-0.1,6.6667,0,-1.2739,0,0.9901,-2.1277,-3.7037,5.4945
"292",2021-04-01,1.5,2.1,2,1.6,1,1.7,2.2,2.8,8.9,7.6,21.3,8.6,9.8,9.5,10.4,13.2,0.3,1.7,0.1,-0.6,-0.7,-2.2,0.6,-0.7,-21.875,-2.5641,1.2903,0,0,-2.1739,8.9744,-5.2083
"293",2021-05-01,1.9,2.4,2.4,1.8,1.2,2,2.3,2.4,9.9,9.5,24,11.5,14.1,10.7,13.9,13.8,-0.2,1.3,0.5,-0.5,-0.8,-1.4,0.2,-1.1,2,0,0,-2.439,-2.9412,-2.2222,-3.5294,0
"294",2021-06-01,1.9,2.1,2.5,1.9,1.3,1.7,1.9,1.8,9.4,9,23.4,10.9,14.4,10.8,10.1,10.7,-0.3,1.2,0.8,-0.3,-0.6,-1.5,-0.6,-0.3,-5.8824,-5.2632,-0.6369,-1.25,-5.0505,-4.5455,-6.0976,3.2967
"295",2021-07-01,1.7,3.1,2.9,1.5,1,1.4,1.8,1.8,12.1,11.2,20.7,12.3,18.9,15.2,9.8,17.6,0.6,4.3,1.5,1,0.1,-0.9,-0.3,-0.4,-12.5,-2.7778,-2.5641,0,-3.1915,-2.381,-1.2987,-7.4468
"296",2021-08-01,1.8,3.4,3.3,2.4,2.5,2.7,1.8,2.5,13,12.1,23.4,12.7,20,15.8,9.7,15.1,0.7,4.6,1.7,1.5,0.9,0.2,0.3,0.4,21.4286,-2.8571,-2.6316,0,0,2.439,-7.8947,2.2989
"297",2021-09-01,2.4,4.1,4,2.7,2.9,3,2.1,3,14.5,13.6,28.6,15,20.5,19.8,10,19.8,1.5,4.8,1.5,1.2,1.1,0,0.1,0.7,-5.8824,0,-3.3784,-2.5316,0,-2.381,7.1429,0
"298",2021-10-01,3.2,4.6,5.4,3.2,3.2,3.7,2.8,3.3,22.6,18.1,39.3,20.2,25.3,29.9,15.6,20.2,1.3,4.4,1.4,0.8,1.1,0.2,0.6,1.1,0,-2.9412,-2.7972,-2.5974,0,-4.878,-10.6667,-5.618
"299",2021-11-01,3.8,6,5.5,3.4,3.9,5.9,3.5,3.9,28,21.6,35.8,21.9,31.2,46.4,20.3,26,2.1,4.5,3.1,0.4,1.5,1.1,1.1,0.9,-14.5833,0,-2.8777,0,-1.0989,-5.1282,1.4925,1.1905
"300",2021-12-01,3.4,5.7,6.6,3.4,4.2,6.4,3.2,4.5,23.5,18.1,39.7,19.3,29.6,53.1,16.1,35.4,1.9,5.9,4.8,1.5,3,2.6,1.3,1.7,9.7561,-3.0303,-1.4815,-1.3333,-2.2222,2.7027,5.8824,-5.8824
"301",2022-01-01,4.9,5.1,6.2,3.3,5.1,7.6,4.1,3.9,36.6,20.6,32.8,20.5,39.1,58.4,24.1,23.8,4.3,4.9,4.8,1.8,3.9,4.3,2.4,2.1,8.8889,0,0,-1.3514,-2.2727,-5.2632,-2.7778,0
"302",2022-02-01,5.3,5.5,7.6,4.2,6.2,7.3,4.4,4.4,30.6,22.4,43.7,22,46.5,51.7,24,20.1,5.7,5.2,5.6,2.5,5.2,4.9,3.8,3.9,-10.2041,-3.125,-0.7519,0,-2.3256,-5.5556,-5.7143,-8.75
"303",2022-03-01,6,7.6,9.8,5.1,6.8,11.7,5.8,6.3,34.1,37.6,60.3,29.8,51.5,99.6,34,34.4,6.8,6.2,6.9,3.4,6,6.2,4.1,5.9,-6.8182,0,0.7576,1.3699,-1.1905,-2.9412,0,4.1096
"304",2022-04-01,7.4,7.8,8.3,5.4,6.3,11.2,5.8,6.6,45.8,34.5,33.3,27.1,40,83.1,29.7,33.2,7.7,8.5,10.3,4.3,6.7,8.5,5.1,6.7,-2.439,-3.2258,-0.7519,1.3514,-2.4096,-3.0303,-6.0606,2.6316
"305",2022-05-01,8.2,8.7,8.5,5.8,7.3,10.2,7.1,7.5,44.3,37.5,33.8,28.8,42.9,67.3,32.4,32.7,10.5,10.9,11.2,4.6,7.7,9.1,8.4,8.9,2.5,0,-2.2727,0,0,3.125,-1.6129,0
"306",2022-06-01,9.1,8.2,10,6.5,8.5,9.9,8.1,8.9,46.8,37.4,40.5,33.8,49.1,59.7,40.7,40.3,13.6,12.5,13.3,6.4,9.4,11.2,10.4,11.2,4.878,0,0,-1.3333,1.2346,3.0303,13.1148,-5.1282
"307",2022-07-01,9.6,8.5,10.7,6.8,8.4,11.6,8,8.3,43.3,35.6,40.9,28.9,43.4,68.4,34.8,27,15.6,14.5,13.9,7.3,10.3,12.3,12,14,9.3023,0,-1.5504,-1.3514,-2.439,5.8824,2.8986,-1.3514
"308",2022-08-01,9.9,8.8,10.5,6.6,9.1,13.7,7.9,9.5,40.8,35.8,37,23.3,45.4,88.4,29.9,37.8,16.7,16.4,14.1,8.5,10.7,13.1,12.2,14.5,-2.1277,0,0.7874,-1.3699,2.5,5.5556,2.8169,-5.4795
"309",2022-09-01,11.1,10.9,9,6.2,9.4,17.1,8.4,10.3,56.8,44.2,22.2,18.8,45,113.8,31.9,38.5,15.9,18.4,14.7,10.8,12,12.8,14.7,16.7,-2.1739,3.3333,0.7812,-1.3889,-2.439,0,-1.3699,1.4493
"310",2022-10-01,11.4,11.6,7.3,7.1,12.6,16.8,8.4,9.8,53.2,43.5,7.9,20,71.7,99.7,27.4,27.6,16.5,19.9,15.8,13.2,13.8,14,15.9,18,0,0,0.7752,1.4085,-1.25,-2.6316,-11.1111,11.4286
"311",2022-11-01,9.7,11.3,6.7,7.1,12.6,11.3,9.1,10.1,36.6,40.1,4.3,19,68.1,41.3,34,29.2,16,20.8,15.7,13.2,13.8,15.7,16.5,19,4.4444,0,0.7692,0,-1.2658,-2.7027,4.6875,-6.4103
"312",2022-12-01,9.6,9.6,5.5,6.7,12.3,11,8.8,10.8,30.1,25.1,-6.9,15.3,65.1,30,28.3,31.8,15.6,20.5,15.9,13.1,13.3,17,16.5,18.9,0,-3.2258,0,0,1.2821,-2.7778,8.9552,2.7397
"313",2023-01-01,8.4,9.2,5.9,7,10.7,8.4,7.9,9.6,16.3,25.1,-8.1,16.4,42.8,-0.2,21.3,14.7,14.9,20.5,15.5,14.4,12.6,17.7,16.3,20.9,-8.5106,0,0,-1.3889,0,2.8571,-2.7397,-5.3333
"314",2023-02-01,8.3,9.3,6,7.3,9.8,8.9,8,9.7,14,21.6,-8.8,14,28.2,-1.1,16.9,9.7,15.3,22.3,16.7,16.1,13.5,18.4,17.3,22.6,25.5814,-3.3333,-0.7634,0,-1.2658,-2.7778,-7.0423,8.4507
"315",2023-03-01,7.3,7.8,3.1,6.7,8.1,4.5,6.7,8.1,7,6.1,-25.5,5.2,10.7,-28.2,3.5,-2.1,16.1,22.9,16.5,17.2,13.3,18.4,17.7,21,-11.1111,0,-3.0769,0,1.2821,0,-1.5152,-7.7922
"316",2023-04-01,5.6,7.6,3.8,6.9,8.6,5.8,6.3,7.7,-4.1,9.4,-15.4,7.1,16.4,-22.2,5.2,-2,13,18,12.8,15.9,12.2,16,14.9,18.3,4.1667,0,-3.9683,2.8169,0,-2.8571,7.6923,0
"317",2023-05-01,2.9,6.3,2.9,6,8,6.8,5,6.7,-19.1,5,-19.5,2.1,11.5,-18.5,0,-10.9,10.7,15.4,11.9,15,11.9,15.2,12,15.3,-4,0,-0.8264,0,-1.2658,2.9412,1.4286,2.8169
"318",2023-06-01,2.4,6.8,1.6,5.3,6.7,6.4,4.1,6.3,-22.3,4,-24.8,-2.8,2,-16.3,-6.8,-11.9,8.7,14.1,10.2,14.3,11.1,13.2,9.8,13.5,-2.0833,3.4483,-0.8333,0,-5.1282,0,1.4085,9.589
"319",2023-07-01,3.2,6.5,2.1,5.1,6.3,5.3,4.2,6.3,-17.5,3.9,-24.2,-3.3,0.6,-21.4,-4.5,-13.7,6.2,11.3,10.8,13.2,11,11.7,8.6,11.3,14.8936,0,0.8403,1.3699,5.4054,2.8571,2.7778,-11.25
"320",2023-08-01,2.3,6.4,2.4,5.7,5.5,3.4,3.1,4.5,-15.5,5.3,-21.2,6.9,-0.2,-28.6,-7.7,-21,4.6,9.3,10.4,11.6,10.2,9.7,7.1,9.8,-20.3704,0,0,0,-2.5641,0,0,15.493
"321",2023-09-01,0.6,4.3,3.3,5.7,5.6,-0.3,3,3.7,-24,-0.8,-13.8,11.7,1.6,-38.2,-4.9,-25.8,4.7,7.8,10.5,9.8,8.9,9.4,4.7,8.2,11.6279,3.3333,0,0,1.3158,2.7778,1.3514,-1.2195
"322",2023-10-01,-0.4,3,3.5,4.5,1.8,-1,2.4,4,-27.6,-6,-10.1,4.9,-19.9,-40.2,-9.5,-18.4,3.5,6.5,9.3,7.8,6.7,7.9,4,7,29.1667,0,0,1.3514,1.2987,-2.7027,0,-1.2346
"323",2023-11-01,0.3,2.3,3.3,3.9,0.6,1.4,0.7,3.3,-21.6,-7.3,-9.8,2.9,-24.6,-25.3,-16.7,-15.6,2.9,5.8,9,7.8,6.1,6.3,3,6.7,-4.8387,0,-0.8333,1.3333,-3.8462,-2.7778,1.3333,1.25
"324",2023-12-01,0.4,3.8,3.3,4.1,0.5,1,1.3,1.9,-17.2,3.1,-6.2,5.5,-25,-24.6,-11.4,-25.6,1.9,5.1,7.3,7.4,6.1,4.1,2.4,5.9,-1.6949,3.2258,0,0,-5.3333,2.8571,0,2.4691
"325",2024-01-01,0.9,3.1,3.5,3.4,0.9,3.1,1.1,3.4,-11.6,-3,-2.4,1.9,-20.7,-2.5,-13.3,-10.1,1.8,4.4,7.5,5.7,6,2.1,1.4,3.6,1.7241,0,0,0,0,0,1.3158,-4.8193
"326",2024-02-01,0.6,2.7,2.9,3.2,0.8,2.7,1.1,2.6,-7.8,-2.6,-4.6,4.4,-17.4,1.1,-9.4,-9.6,-0.9,1.4,5.4,3.4,4,0.3,-0.8,0.8,-1.6949,3.125,-0.8403,-2.6316,2.8169,2.7778,0,2.5316
"327",2024-03-01,0.8,2.3,3.3,2.4,1.2,3.1,0.6,2.3,-6.2,-2.9,1.6,3.2,-10.9,3.7,-9.1,-7.5,-0.8,-0.2,4.4,1.4,3,0.3,-1.9,-1.1,0,0,-0.8475,0,-4.1096,-2.7027,10.3896,6.1728
"328",2024-04-01,0.5,2.4,3.4,2.4,0.9,2.6,0.6,2.4,-7.2,-1.3,5,3.7,-12.2,3.3,-8.1,-6.7,0.5,1,4.8,1,2.7,0.5,-0.9,0.2,3.4483,3.0303,-0.8547,-1.3514,-4.2857,2.7778,-2.3529,-2.3256
"329",2024-05-01,2.1,2.8,3.8,2.6,0.8,2.7,0.4,2.5,9.2,-1.2,7.9,5.5,-11.7,4,-8,-7.2,0.5,1,4.5,1.2,2.1,0.4,-0.9,1.2,1.6667,0,0,1.3699,0,-2.7027,-1.2048,-2.381
"330",2024-06-01,1.8,2.5,3.6,2.5,0.9,3.4,0.5,1.4,10,-2.2,6,4.6,-8.6,3.5,-8.9,-11.6,0.5,1.5,4.2,0.8,1.5,0.4,-0.9,0.8,3.2787,2.9412,-0.8621,0,1.4925,0,2.439,0
"331",2024-07-01,1,2.6,2.9,2.7,1.6,3.5,0.5,1.7,3.4,-1.9,2.6,8.2,-4,0,-8.6,-5.8,0.6,1.7,3,0.5,0.8,0.6,-0.8,0.7,-4.7619,0,0,0,-5.8824,0,2.381,4.878
"332",2024-08-01,1.4,2,2.4,2.2,1.2,3.3,1.1,1.3,3.8,-5.1,-1.7,0.4,-6.2,-3.3,-5.2,-11.6,1.7,1.8,2.4,0.5,0.8,1.1,-0.7,0.9,1.6667,0,-1.7391,0,-3.125,2.7778,-3.4884,-3.4884
"333",2024-09-01,1.2,1.8,1.7,1.4,0.7,3.3,1,1.2,-1.6,-7.5,-6.7,-3.3,-8.7,-6.2,-10.5,-11,2.6,2,1.6,0.4,1,1.6,-0.2,1.7,8.1967,0,-1.7699,0,0,0,3.6145,4.8193
"334",2024-10-01,1.6,2.4,1.8,1.6,1,3.3,1.5,1.6,3.1,-5.4,-4,-1.9,-9,-2.7,-4.1,-7.6,3.6,2.6,1.7,0.7,2.4,1.5,-0.3,1.6,-10.6061,-2.8571,-1.8018,0,-3.2258,0,3.4884,-3.4483
"335",2024-11-01,1.6,2.4,2.4,1.7,1.5,3.8,1.7,2,5.4,-3.6,2.6,-0.7,-5.4,-0.3,-5.3,-6.3,3.9,2.1,1.4,0.1,2.7,1.8,0,1.5,15.2542,0,-1.8349,-1.3514,0,0,0,0
"336",2024-12-01,1.8,2.8,2.8,1.8,1.4,3.9,1.6,1.6,5.7,-1.5,5.5,1.2,-2.7,1.5,-4.7,-6.8,4.4,2.2,1.5,-0.2,1.8,2.2,-0.3,1.1,2.9412,2.9412,-0.9346,0,5,0,-2.2472,2.381
"337",2025-01-01,1.4,2.8,2.9,1.8,1.7,3,1.7,2,2,-1.3,7.8,2.6,-0.7,-1.4,-5.1,-2.8,4.2,0.9,1.5,-0.1,1.8,3.1,0.2,1.6,-4.2857,0,-0.9434,0,-1.5873,2.7027,3.4483,12.7907
"338",2025-02-01,2,2.6,2.9,0.9,1.7,3.5,1.5,2.8,3.5,-1.3,8.6,-5.7,0.6,-1.9,-7.2,3.2,5.3,2.6,1.9,0.2,2,3.8,0.7,3.2,-14.9254,0,-0.9524,1.3699,-4.8387,0,2.2222,-8.2474
"339",2025-03-01,NA,2.3,2.2,0.9,2.1,3.4,1.9,NA,NA,-2.5,NA,-5.9,3.3,-3.4,-5.3,NA,NA,NA,NA,NA,NA,NA,NA,NA,NA,NA,NA,NA,NA,NA,NA,NA
