"","time","Current account_Denmark","Current account_Finland","Current account_France","Current account_Germany","Current account_Italy","Current account_Netherlands","Current account_Spain","Current account_Sweden","Direct investment_Denmark","Direct investment_Finland","Direct investment_France","Direct investment_Germany","Direct investment_Italy","Direct investment_Netherlands","Direct investment_Spain","Direct investment_Sweden","Employees Compensation_Denmark","Employees Compensation_Finland","Employees Compensation_France","Employees Compensation_Germany","Employees Compensation_Italy","Employees Compensation_Netherlands","Employees Compensation_Spain","Employees Compensation_Sweden","Totlat employment_Denmark","Totlat employment_Finland","Totlat employment_France","Totlat employment_Germany","Totlat employment_Italy","Totlat employment_Netherlands","Totlat employment_Spain","Totlat employment_Sweden","Final consumption expenditure households_Denmark","Final consumption expenditure households_Finland","Final consumption expenditure households_France","Final consumption expenditure households_Germany","Final consumption expenditure households_Italy","Final consumption expenditure households_Netherlands","Final consumption expenditure households_Spain","Final consumption expenditure households_Sweden","Change in GDP_Denmark","Change in GDP_Finland","Change in GDP_France","Change in GDP_Germany","Change in GDP_Italy","Change in GDP_Netherlands","Change in GDP_Spain","Change in GDP_Sweden","Gross fixed capital formation_Denmark","Gross fixed capital formation_Finland","Gross fixed capital formation_France","Gross fixed capital formation_Germany","Gross fixed capital formation_Italy","Gross fixed capital formation_Netherlands","Gross fixed capital formation_Spain","Gross fixed capital formation_Sweden","Government debt to gdp_Denmark","Government debt to gdp_Finland","Government debt to gdp_France","Government debt to gdp_Germany","Government debt to gdp_Italy","Government debt to gdp_Netherlands","Government debt to gdp_Spain","Government debt to gdp_Sweden","Government expenditure_Denmark","Government expenditure_Finland","Government expenditure_France","Government expenditure_Germany","Government expenditure_Italy","Government expenditure_Netherlands","Government expenditure_Spain","Government expenditure_Sweden","Change in Housing prices_Denmark","Change in Housing prices_Finland","Change in Housing prices_France","Change in Housing prices_Germany","Change in Housing prices_Italy","Change in Housing prices_Netherlands","Change in Housing prices_Spain","Change in Housing prices_Sweden","Labour productivity_Denmark","Labour productivity_Finland","Labour productivity_France","Labour productivity_Germany","Labour productivity_Italy","Labour productivity_Netherlands","Labour productivity_Spain","Labour productivity_Sweden","Net international investment_Denmark","Net international investment_Finland","Net international investment_France","Net international investment_Germany","Net international investment_Italy","Net international investment_Netherlands","Net international investment_Spain","Net international investment_Sweden","Nominal unit labour cost_Denmark","Nominal unit labour cost_Finland","Nominal unit labour cost_France","Nominal unit labour cost_Germany","Nominal unit labour cost_Italy","Nominal unit labour cost_Netherlands","Nominal unit labour cost_Spain","Nominal unit labour cost_Sweden","Infaltion CPI_Denmark","Infaltion CPI_Finland","Infaltion CPI_France","Infaltion CPI_Germany","Infaltion CPI_Italy","Infaltion CPI_Netherlands","Infaltion CPI_Spain","Infaltion CPI_Sweden","Change in energy price_Denmark","Change in energy price_Finland","Change in energy price_France","Change in energy price_Germany","Change in energy price_Italy","Change in energy price_Netherlands","Change in energy price_Spain","Change in energy price_Sweden","Change in food price_Denmark","Change in food price_Finland","Change in food price_France","Change in food price_Germany","Change in food price_Italy","Change in food price_Netherlands","Change in food price_Spain","Change in food price_Sweden","Unemployment data_Denmark","Unemployment data_Finland","Unemployment data_France","Unemployment data_Germany","Unemployment data_Italy","Unemployment data_Netherlands","Unemployment data_Spain","Unemployment data_Sweden"
"1",2005-01-01,1.5,4.1,0.5,4.8,-1.8,8.8,-8.7,6,714258,83063.3,670259,748731,224194,1903936,247691,2017603,193272,18470,218640.8,274554,127417.1,62371,101453,318111,2722.52,2357.6,26237.3,38915,24168.4,8263,19385.9,4293.3,181641.7,19135,235656.9,319023,214262.7,64936,134029,324462,-0.4,1,0.3,0.2,-0.2,0.3,0.9,0.3,10009.3,7951,88287,91887,76383.7,27238,62807,15002.6,46.7,40.2,67.7,66.1,108.2,50,45.1,48.4,12596.6,8216,102614.9,104945,66580.1,29185,37067,19185,NA,NA,NA,NA,NA,NA,NA,NA,-0.8,2.3,1.1,-0.3,-1.1,0.3,-0.5,1.6,-4.6,-9,-3.3,7.1,-17.8,-3.6,-60.6,-23.5,4,0.2,1.9,0.7,3.3,0,2.8,1.5,0.8,-0.1,1.6,1.7,2,1.3,3.1,0.5,4,3,6.7,5.4,5,9.6,6,1.4,-1.5,-0.2,-0.5,-1.1,-0.7,-3.1,3.4,-0.9,5.3,9.3,8.7,10.7,7.8,7,10.1,7.9
"2",2005-04-01,4.7,-2.8,-0.2,4.5,-1,6.8,-6.7,5.9,748710,84588.6,681976,781445,230736,1949674,260637,2097779,204310.4,19219,221579.7,283593,140263.5,75433,109418,336534,2818.02,2434.8,26393.5,39155,24435,8377,19714.4,4406.3,191266.5,20837,236761.8,331447,219216.9,67103,133256,351212,2.1,-1.2,0.3,0.6,0.9,0.9,0.9,0.9,11615.1,9315,93564.4,112312,84395.7,29211,68115,18016.4,46.3,40.8,68.1,66.5,110.4,52.2,44,47.1,13022.8,8887,101558.8,106820,68695.1,32114,41734,19921.5,5.2,2.9,4.2,-1.8,NA,1,NA,3.3,2.8,2.2,1.7,1.7,-0.2,1.7,-0.3,3.9,-0.4,-15.8,-3.2,9.2,-17.5,-4.2,-61.7,-22.2,1.3,1.5,1.2,-1.1,1.2,-0.3,3.2,-0.9,1.7,1.2,2,1.4,2.1,1.3,3.5,0.5,8.8,7.7,10.8,9.1,9.6,11.2,9.6,4.3,-0.5,0.5,0,0.1,-0.2,-1.9,3.7,-0.8,5.2,8.9,8.7,11.2,7.9,7.1,9.7,7.7
"3",2005-07-01,4.9,5.2,0.9,3.6,0.2,6,-6.4,7.1,784681,87865.1,703264,801299,238740,2007555,263830,2179016,197177.6,20223,220963.5,288524,130088.7,62208,107353,335199,2798.18,2464,26532.8,39492,24277.9,8408,20060.7,4508.6,187417.6,20390,233282.9,337619,225665.7,67961,131791,344003,-0.1,1.5,0.8,0.8,0.5,1.2,1,1.4,11155.7,10083,91764,113065,77558.6,26789,65812,15630.2,42.5,40.2,67.8,67.1,108.7,50.5,42.9,47.2,13026.4,8618,101096.3,108093,65402.3,29407,36445,18965.2,7.7,1.6,4.7,2.1,NA,1.5,NA,3.9,1.2,1.8,1.2,1.5,1.6,2,-1.1,3.3,1.8,-12.1,-3.9,10.6,-17.3,-9.8,-64.6,-20.8,0.8,3.1,1.8,-1.4,0.1,-0.4,3.2,-0.1,1.9,0.9,1.8,1.9,2.2,1.5,3.3,0.7,9,7.9,12.1,11.6,9.8,12.1,11.5,6.8,0.9,-0.9,-0.3,-0.1,-0.4,-1.7,2.5,-1.2,5,8.4,8.9,11.2,7.6,7,8.8,8.2
"4",2005-10-01,4.9,5.7,-0.7,5.7,-0.9,6.6,-7,5.2,808470,90199,772998,844891,264697,2102000,282503,2345233,205244.3,19483,238089.6,321762,168965.9,65899,117221,336968,2793.97,2419.2,26489.9,39726,24344.6,8335,20072.2,4395.2,202941.8,21375,251385.5,346364,223400.2,67616,140811,366211,0.5,0.3,0.7,0.4,0.5,0.7,1,0.3,12396.1,10394,100912.5,119142,86562.6,29114,72685,19127.1,39.4,42.1,68.2,67.1,106.2,49.6,42.4,48.9,13579.6,9529,104716.4,120468,94635.4,32695,44800,20395.4,6.6,2.2,1.9,-2.8,NA,0.4,NA,2.6,0.5,-1.1,0.8,1.1,0.7,1.5,-0.8,2.6,3.8,-14,-2,13,-15.3,-5,-63.7,-17.2,3.1,3.5,2.6,-1.1,4.1,-0.3,3.5,1.5,1.9,0.8,2,2.4,2.5,1.5,3.5,0.9,9,8.9,11.6,12.6,12.4,12.5,11.3,6.8,0.9,-1,0.5,0.1,0.2,-0.7,2.9,-1.3,4.3,7.8,9.1,11,7.9,6.9,8.6,8.1
"5",2006-01-01,2.4,4.1,0.4,5,-3.2,11.6,-10.1,9.6,836729,92086,794962,869503,271408,2211032,329373,2284925,203724.2,19550,225934.6,276676,134323,63548,110498,333100,2786.34,2407.6,26465.5,38947,24513.5,8402,20293.8,4347.4,195558.5,20299,248291.6,328643,224054.5,66892,145368,337874,1,2.5,0.8,1.1,0.3,0.6,1.2,1.7,11639.8,8782,95895.1,99532,81811.2,28947,70622,15895.7,36.3,38.8,68,67.2,108.4,49,41.6,45.5,13350.4,8675,103788.3,107989,68153.2,32249,39568,19435.9,7.1,1.2,2.2,1.5,NA,1.1,3.7,3.5,2.2,2.3,2.1,4.2,1.4,2.1,0,4.4,1.8,-24.9,-3.8,3.4,-16.5,-8.9,-64.5,-20.4,0.6,1.4,0.4,-3.2,2,-1.4,3.4,-0.8,2,1.2,2.2,2.1,2.2,1.7,4.2,1.2,10.4,10.8,11.8,15.5,10.9,11.5,14.8,8.8,1,-0.4,1.2,0.9,1,1.2,4.6,-0.5,4.1,8.3,9.2,10.6,7.4,6.5,8.8,7.9
"6",2006-04-01,3.2,1.3,-0.5,5,-1.4,9,-7.4,6.6,837690,93037,820475,873862,277637,2366970,343438,2311095,217372.9,20200,232096.1,288532,148311.6,77626,118594,351965,2868.82,2480,26656.4,39443,24933.8,8514,20546.2,4475.8,202690.4,21852,249065.1,338716,228638.9,69420,144017,363759,3,0.2,1.2,1.7,0.4,1.6,0.9,1.5,13837.1,9607,100070.9,120353,88000.5,31241,76687,20055.7,36.3,41,67.1,67.2,109.5,48.4,40.4,44.4,13701.2,9215,106123.1,108178,73787.1,35307,45042,20650.7,6.1,2.3,3.1,0.4,NA,1.3,4.3,2.9,1.8,1.8,1.5,2,-0.6,2,-0.4,2.1,-1.7,-17.2,-6.5,8.3,-15.4,-6.1,-65.1,-19.8,2.6,1.8,2.2,-0.9,3.7,-0.4,4.1,0.9,1.9,1.5,2,2.2,2.4,1.8,3.9,1.8,7.5,8.9,9.3,12.7,9.3,10.1,12.2,9.3,1.3,0.8,0.9,0.9,1,1.3,3.5,-0.3,4.2,7.7,9,10.3,7.1,6.2,8.6,7.9
"7",2006-07-01,4.7,6.5,1,4.4,-0.4,7.9,-8.3,8.4,873422,95796,828850,910610,289198,2451263,362874,2336987,207033.6,21038,229453.6,295932,138140.9,63799,115954,353892,2859.24,2522,26849.5,39892,24813.2,8578,20826.5,4613.7,194110.8,21475,245505.7,345819,234665.7,69686,141566,354585,-0.7,1,0.1,0.8,0.3,0.5,0.9,1,13359.4,10428,98570.3,122420,79799.2,29284,72846,17530.6,36,38,67,67.3,108.6,47.3,40.1,44.4,13644.2,8977,103789.8,109331,67808.5,32623,39662,20600.6,2,0.7,3.1,-1.4,NA,1.2,3.3,2.7,1.8,1.4,1.4,2.5,-1,1.3,-0.1,1.8,1.4,-14.6,-7.3,10,-18.7,-9.9,-68.7,-10.4,0.8,0.3,1.2,-0.9,5,-0.6,3.6,1.4,2,1.3,2.2,2.1,2.4,1.8,4,1.7,6.4,8.8,7.8,10.1,10.5,9.4,10,6.5,2.4,0.9,2.1,2,2.1,1.3,5,1.7,3.8,7.6,9,10,6.6,6,8.3,7.1
"8",2006-10-01,2.4,3.9,0.1,8.6,-1,7.8,-9.4,8.2,825855,91634,868023,938463,306306,2511779,368584,2486729,219685.5,20550,249841.5,329209,171325.8,69779,126912,353781,2869.32,2448,26837.8,40149,24894.3,8610,20841.9,4501.8,209590,22500,261448.4,356821,231507.4,68714,150559,380535,-0.1,0.8,0.5,1.5,1.4,0.9,0.9,1.1,13749.7,10541,109701.5,129888,92377.6,33360,81795,22580.3,33.2,40.2,65.4,66.4,106.3,45,39,43.8,14006.4,9968,109486.3,122254,95208.2,36137,49283,22197.6,-1,1.5,0.8,0.9,NA,0.9,2.6,0.6,0.4,3,1.5,3.8,-0.5,0,0.2,2.7,-0.3,-14.7,-4.8,13.3,-19.9,-1.9,-73,-9.8,3.6,1.2,2,-2.5,-0.3,2.6,3.3,0,1.4,1,1.2,1,1.9,1.4,2.6,1.2,-1.2,-4.5,-1.6,-0.1,1.5,2.2,-1.9,3.5,3.2,3,2.2,3,2.9,1.7,4.5,2,3.5,7.7,8.5,9.7,6.7,5.9,8.2,6.7
"9",2007-01-01,-2.6,2.7,1.1,6.6,-2.8,10.2,-10.3,9.9,855451,93088,868055,977814,329726,2577079,374774,2491826,217506.1,20712,235515.8,284965,139216.6,67249,119538,359677,2881.9,2432,26868.6,39718,24741,8634,21022.8,4473.5,200636.8,21579,258012.5,334058,231447.1,69422,155932,355665,0.4,2,1.1,0.1,-0.2,1.1,0.9,0.4,13383.6,9709,104119.7,112814,86974.9,33108,76645,18550.9,32.5,37.6,66.6,65.6,107,45.2,39,42,13825.2,9219,106720.2,109841,69313.3,34372,42893,20573.8,0.4,2.2,0.8,-3.6,NA,1.3,2.4,3.8,-0.8,3.2,1.1,2,1,0.7,-0.1,1.1,-4.8,-17.9,-5,12.7,-21.4,-7.6,-77.5,-16.7,3.8,1.6,1.5,-1.1,1.2,2.5,4,3.8,1.8,1.3,1.4,1.7,1.9,1.2,2.4,1.6,-0.1,-1.5,-0.3,1.5,3,1.9,-1.2,2.5,5.3,3,1.7,2.6,3,1.2,2.3,2.3,4.1,7.2,8.5,9.2,6.3,5.7,8.3,6.5
"10",2007-04-01,1.8,0.1,-0.8,5.9,-1,6.3,-7.9,6.9,892278,97357,903784,1015956,331695,2680126,410765,2620589,230571.3,21252,242158,297427,152812.4,81416,128098,379374,2937.66,2544.4,27073.3,40137,25181.5,8789,21239.7,4597.4,206613.7,22899,259193.3,344851,237439.5,71694,153227,384089,-1.1,1.7,0.6,0.7,0.3,0.6,0.9,1,13863.9,11270,107664.7,126292,93197.2,34034,82211,22262.1,31.6,37.8,67.6,65.6,107,45.4,38.4,40.1,14013.3,9620,109979.8,110602,72974.1,37563,49290,21736.5,1.3,1.7,1.8,2.1,NA,0.9,2.9,6.1,-3.9,3,0.7,1.2,1,0.1,0.2,0.9,-4.2,-24.8,-10.4,10.5,-23,-19.6,-78.9,-11.4,7.6,-0.6,1.9,0,0.9,1.6,3.6,4.3,1.6,1.5,1.3,2.1,1.8,1.9,2.5,1.6,-2,-1.2,-0.4,1.8,-0.1,3.6,-1.4,0.7,5.4,3,1.1,2.7,2.8,1.3,3.2,3,3.5,6.5,8.2,8.8,5.8,5.3,8,6.2
"11",2007-07-01,2.1,8.3,0.5,5.6,0,4.5,-9.2,7.5,895729,99654,903666,1028055,336984,2827852,411126,2749428,221173.5,21979,238024.4,302901,142176.9,67339,124754,378834,2919.13,2571.6,27221,40503,25249.9,8855,21495.7,4704.6,202642.6,22664,257424.9,352698,242784.2,72264,150657,377067,1.7,1,0.3,0.5,0,1.1,0.7,0.4,13328.4,12000,107481.9,127968,83788.4,31765,76195,19007,31.4,34.8,66.9,64,105.9,44.4,37,39.3,14087.8,9341,107683.9,111502,68254.7,34548,43636,20979.6,0.2,0.3,2.2,-0.1,NA,1.9,1.1,3.6,-1.1,3.2,1.4,1.1,-0.1,1.1,0.3,0.9,-4.5,-31.6,-10.9,8.9,-24.1,-15.4,-81.8,-4.9,5.6,-0.7,0.8,-0.4,1.1,1.3,3.7,3.9,1,1.6,1.2,2.1,1.6,1.4,2.3,1.4,-1.7,-1.1,-0.6,1.5,-0.9,0.2,-1.2,-2.1,2.3,2.6,0.7,1.8,2.4,1.2,2.6,1.4,4,6.8,8.1,8.5,6.3,5.3,8.1,5.9
"12",2007-10-01,3.5,4.9,-1.1,8.5,-1.7,6.5,-10,8.3,908801,103953,939284,1049715,376825,2908292,441294,3007346,232483.5,21952,258637,338711,180692.6,74618,136717,385686,2910.95,2527.6,27194.8,40766,25236.5,8825,21428.6,4577.8,221513.7,23722,276924.6,362759,238844.2,72493,162098,402394,1.1,1.3,0,0.7,-0.2,1.5,0.6,1,14399.8,12284,118416.8,134129,92727.2,44978,86873,24330.7,29.5,36,65.5,63.7,103.5,42.8,35.7,39.2,14984.7,10663,113636.3,125007,99304.9,38290,53890,23185.3,-1.9,0.2,0.6,0,NA,1,-0.7,-2.9,0.6,2.6,1,0.4,-1.1,1.8,0.8,0.7,-5.8,-28.2,-8.9,11.5,-21,-14.8,-85,1.2,3.7,0.4,1.1,0.8,4.5,2.3,3.6,6,1.7,1.8,2.1,2.6,2.3,1.6,3.6,1.9,1,5.3,5.2,6.2,3,5,7,-0.3,5.4,2,2.3,4.9,3.6,2.2,5.7,2.9,3.7,6.6,7.7,8.3,6.3,5.1,8.4,6.3
"13",2008-01-01,-0.5,3.5,-0.4,6.4,-4.1,7.6,-11.9,10.1,944931,109696,959012,1045182,391496,2989352,441225,2993708,230280,22275,244680,296074,146520.8,72190,131025,381804,2915.35,2503.6,27175.1,40397,25101.3,8847,21496.4,4532.8,210963.3,22932,271419.8,342243,238932.6,72349,166320,372768,-0.4,-0.1,0.9,0.6,1,0.7,0.2,-0.6,13340.8,10644,111533.1,115125,85979.2,35413,78081,19522.1,29.9,34.3,67,64,105.6,43.7,34.9,36.8,14235.9,9798,109442.8,113680,72319,36222,47223,21010.3,-1.3,1,-0.6,1.5,NA,0.1,-0.4,0.3,-0.5,0.1,0.2,0.1,-0.6,0.9,-0.1,-0.6,-9.1,-13.7,-6.9,13,-22.4,-14.4,-86.9,-2.2,4.9,4.1,2.5,1.8,4.6,3.3,6.9,4.8,3.1,3.4,3.2,3,3.2,1.8,4.4,3,8.4,18.6,12.1,9.4,8.2,4.7,13.4,7.2,7.1,6,4.5,6.5,4.7,4,7.2,5.7,3.2,6.5,7.2,8,6.7,5,9.1,6
"14",2008-04-01,3.8,-1.2,-2.1,5.7,-1.4,5.1,-8.5,5.9,1002329,111955,974007,1063605,405107,3011852,456707,3109341,242459,22875,250244.8,309758,158650.2,86655,139117,404428,2960.49,2617.6,27278.3,40722,25316.4,8940,21474.5,4634.1,219056,24416,271294.8,354462,243024.2,74911,159854,402345,-0.9,-0.8,-0.7,-0.4,-0.9,0.1,0,-0.3,14249.5,11884,115347.4,134187,94278,37445,81329,23061.8,28.9,34.4,67.4,64.8,105.1,43.6,35.4,35,14996.7,10493,113351.4,116027,79474.2,39579,54625,22635.5,0.3,0.9,0.4,0.4,NA,0.2,-0.3,1.9,1.4,-0.8,0.4,1.4,-0.9,1.5,0.7,1.1,-8.1,-5.9,-7.4,16,-22.1,-12.1,-86.9,-1.4,2.7,5.1,2.2,1.1,3.7,2.7,6.3,3.9,3.4,3.3,3.4,2.6,3.4,1.7,4.2,3.2,9,13.7,11.9,9.3,10.4,3,13.3,7.1,7.5,6.4,5.5,6.5,5.9,5.4,6.8,6.8,3.2,5.7,7.3,7.7,6.9,4.8,10,5.7
"15",2008-07-01,4.3,4.3,0.6,4,-2.2,5.1,-7.3,8.7,1057482,121442,969241,1081315,404839,3037115,471192,3224492,234157.3,23378,245582.6,314570,149064.2,71042,133582,398777,2969.21,2616,27315.2,41046,25237.7,8969,21413.2,4716.4,211659.1,23830,265870.8,362544,248588,74721,154627,385034,-0.5,0.3,-0.2,-0.5,-1.5,-0.3,-0.2,-0.8,13953.4,12767,111306.7,133622,85594.6,34121,73359,19603.6,26.4,30.7,67.8,64.3,104.4,43.9,36.3,37.2,15390.2,10100,111473.8,115986,72487,36462,47501,21772.8,-2.6,-1.3,0.2,-1.8,NA,1.3,-1.6,-0.7,-2.2,-0.7,0,-0.4,-0.7,1,1.3,-0.6,-5.8,0.9,-10.5,17.9,-19.7,-9.6,-85.8,-3.5,6.4,4.9,2.9,2.7,4.4,3.1,6,5,4.3,4.3,4,3.4,4,3,5.3,3.8,11.1,20.6,18.2,14.7,16.6,11.4,21.3,15.3,10.2,9,6.9,7.1,6.7,7.1,7.1,8.4,3.7,6.1,7.5,7.3,6.6,4.7,11.1,6.3
"16",2008-10-01,3.6,3.6,-0.8,6.3,-3.3,1.3,-7.6,6.9,1025290,120834,948759,1048783,389622,3040678,472756,3533434,243239.6,23042,263377.4,351310,182467.6,77921,141502,395641,2950.47,2563.2,27141.5,41240,24978.2,8916,20864.7,4561.4,217229.1,24630,278200.6,364219,239543.8,72923,159193,403102,-1.9,-2.2,-1.2,-1.5,-2.3,-1.1,-1.6,-3.8,14135.1,12288,118179.7,133965,88567.5,35858,77117,22377.3,35.5,34.7,69.8,65.2,105.8,54.3,39.6,38,16135.7,11497,117505.8,129524,99072.8,40502,58925,21836.8,-7.8,-3.8,-3.3,0.2,NA,-2.1,-3.1,-5.1,-5.1,-4.1,-1,-3,-2.7,-1.4,1,-5.3,-5.1,-4.9,-13.8,16.5,-21.6,-14.8,-85.1,-7.9,8.7,8.7,3.2,5.6,4.2,5.1,5.4,8.6,3.8,4.4,3,2.6,3.6,2.5,3.6,3.5,9.1,12.4,9.5,9.5,10.4,4.7,9.3,11.5,6.5,10.6,4.9,4,5.2,6.3,3.9,7.4,3.6,6.3,7.6,7,7,4.7,12.9,6.4
"17",2009-01-01,1.1,0.7,-0.6,4.5,-3.8,0.3,-6.6,6.1,1075037,125242,972024,1059391,421596,3144370,465317,3563047,237051.9,22276,246081.9,301410,145370.2,73831,128552,385516,2870.4,2500.8,26943.6,40661,24736.1,8847,20130.6,4475.4,203610.7,22540,268568.3,341230,233666.5,71030,158356,378599,-2,-6.5,-2,-4.7,-2.4,-2.3,-2.7,-1,12172.2,9657,101896.7,103841,77362.2,34737,64121,15209.9,37.2,39.2,74.7,67.2,111.8,57.1,43,35.3,15694.6,10383,113625.3,119975,74420.1,38754,49740,18952.6,-6.3,2.4,-3.7,0,NA,-1,-2.7,2.8,-2.9,-8.8,-3.3,-7.3,-5.9,-3.8,1.8,-4.6,-5,-2.9,-13.3,16,-21.8,-17.4,-87.5,-12.6,7.7,10.6,5,9,5.8,6.3,3,7.3,1.7,2.5,0.8,1,1.4,1.7,0.8,2.1,-6.2,-11.4,-8.8,-0.8,-5.4,0.3,-9.2,0.5,3.5,7.5,2.3,1,3.7,4.2,1.7,5.6,5.4,6.9,8.3,7.1,7.3,4.8,15.9,6.9
"18",2009-04-01,4,-1.3,-2.1,4.6,-1.7,6.1,-2.4,7.2,1101341,125167,1007468,1077155,421942,3181568,471234,3669835,243509.9,22619,249858.7,311244,157890.5,88482,135363,403333,2871.42,2551.2,26932.8,40833,24817.5,8866,20019.2,4534.2,209902.3,23886,264875.3,353926,236783.8,71660,149977,412522,-1.8,-0.4,0.2,0.3,-0.6,-0.9,0.1,0.2,11580,10238,102360.2,119399,83338.8,35194,60781,17986.3,40.2,35.9,80,70.8,114.2,56.3,46.9,37.5,16120,11040,117974.7,121143,78021.8,42409,57932,20170.5,1.2,1.6,-1.4,1.6,NA,-2.9,-0.4,2.9,-4,-7,-2.6,-7.9,-5.1,-3.8,2.4,-4.2,-3.5,-6.6,-13.1,19,-22.7,-12.8,-92.4,-8.1,7.9,9.7,4,8.8,6.5,7.2,2,6.7,1.1,2.1,0.1,0.7,1.2,1.8,-0.2,1.8,-5.5,-10.2,-12.8,-5.2,-8.4,-0.9,-12.3,0.1,0.9,6.4,0.8,-0.6,2.3,3.1,-0.3,3.8,6.2,8.2,9.1,7.3,7.5,5.2,17.8,7.9
"19",2009-07-01,3.1,2.5,1.5,5.3,-1,2.2,-2.8,5.7,1103201,119385,1028187,1084672,423450,3184521,479470,3662624,232374.9,23018,244943.9,315671,147181.8,71628,129117,397132,2859.78,2531.6,26953.1,40995,24789,8844,19992.5,4595.1,206598.4,23547,259924.9,362030,243012.2,71991,147806,398939,0.3,1,0.2,0.6,0.3,0.1,0.2,-0.2,11674.3,10622,99671.9,122421,75804.6,31047,59616,15768.1,42.4,40.1,82.6,71.7,117.4,56.8,49.4,38.8,16190.3,10562,115932.8,123148,77122,39058,50362,20246.6,0.8,1.5,1.6,-0.2,NA,-0.9,-0.9,2.7,-1.6,-4.6,-1.3,-5.2,-2.9,-2.5,3.3,-2,0,-1.5,-13.8,17.9,-22.9,-10.3,-95.9,-9.4,4.7,7.4,2.6,6.1,3.2,5,0.2,4.7,0.7,1.2,-0.8,-0.7,-0.1,-0.1,-1.3,1.8,-7.8,-14,-17.4,-11.4,-14.6,-13.3,-15.8,-4.8,-0.7,2.8,-1.9,-2.3,1.2,0.1,-2.4,2.1,5.8,8.5,9.1,7.4,7.9,5.5,18,8.5
"20",2009-10-01,5.9,5.9,-1,8.7,-1,5.5,-4.2,4.9,1107532,123137,1044552,1114315,434100,3498335,495318,3581602,233021.5,22595,265748.6,350455,181873.9,78379,138621,393662,2823.76,2455.6,26859.7,41123,24603.3,8802,19728.9,4465.8,218746.5,24793,279459.2,369959,238013.8,71246,155353,422236,0.2,-0.7,0.8,0.8,0.2,0.7,0,0.4,11264.4,11203,111299.7,124158,85321,31878,64010,20175,43,44.1,84.1,72.3,116.1,56.3,53.1,41.2,16711,11752,122880.7,134524,100261.2,43350,62191,22320.2,-0.4,2.1,0.3,1.6,NA,0,-0.4,2.7,1.1,-2.3,0.2,-2.2,-0.9,-1.1,3.2,1.6,0.8,2.6,-14.8,21.2,-22.2,-25,-97.2,-7.2,-0.9,5.5,2,2.4,1.8,3.3,-0.1,0.2,0.8,0.6,-0.2,-0.1,0.3,0.4,-0.6,1.8,-4.2,-6.5,-10.7,-6.9,-11.2,-7.3,-6.5,-2.7,-1.7,-5.1,-0.9,-3.4,0.4,-1.1,-2.6,1.3,7,9.1,9.5,7.2,8.3,5.8,18.6,8.9
"21",2010-01-01,3.4,-0.6,-0.9,5.4,-4.7,5,-5,6.4,1172201,127610,1061798,1170609,436746,3499846,502956,3478180,234914,22119,251246.2,307003,145269.6,72598,126810,389593,2753.51,2430.8,26811.8,40564,24545.6,8689,19507.8,4431.1,212955.8,22964,274035.9,344832,237525.2,70897,159314,402171,0.9,0.9,0.2,0.7,0.5,0,-0.1,1.6,10177.3,8821,100772.4,105242,75844.1,31092,57023,16018.8,45.5,46.1,85.9,72.5,118.2,57.2,54.7,39.2,16290,10729,118031.8,124976,75835.6,39970,50960,21150.8,0.6,2.3,0.7,-1.4,NA,-0.4,-1.3,1.5,3.4,3.6,1.9,2.9,1.3,1.7,3.2,3.1,7.2,5,-14.8,21,-21.6,-21,-95.8,-10.6,0,-1.3,0.9,-0.7,-0.3,-1.1,-1.4,-0.6,1.9,1.6,1.2,0.7,1.3,0.4,0.7,2.7,9.2,11.5,5.9,1,0.8,-4.1,11.3,7.3,-2.6,-6.3,-0.4,-1.3,0,-2,-2,1.1,7.5,9.4,9.5,7,8.6,6.2,19.1,9.2
"22",2010-04-01,6.1,-0.8,-1.8,4.7,-2.8,6.9,-3.3,5.9,1225321,131476,1069261,1231721,440673,3615233,517568,3449730,244337.4,23086,257171.4,320755,161668.5,87612,135675,413047,2797.81,2527.2,26938.5,41004,24659.5,8800,19638.9,4542.2,216049,24668,271758,359865,241525.1,72861,155119,432069,0.4,2.9,0.5,2.2,0.6,0.9,0.1,3.3,11088.6,10613,106316,129685,86356.3,33625,60038,21000.5,47.7,48.2,88.2,73.2,119,58.8,56.7,38.5,16737.9,11101,121300,123713,81589.9,43739,58827,23214.6,2.1,0.9,2,1.6,0.9,-0.1,1.6,1.2,4.8,4.9,2.2,4.3,2.6,2.7,2.2,5.6,8.4,13.3,-13.4,22.2,-19.7,-21.3,-90.4,-15.7,-1.8,-2.1,0.9,-1.5,1.2,-2.5,-0.1,-3,2.4,1.6,1.9,1,1.8,0.7,2.4,2.1,11.6,14.1,12.4,5.2,4.9,-2.2,16.6,5.5,-0.8,-5.9,0.8,1.5,-0.1,-0.9,-0.5,1,7.7,8.6,9.3,6.8,8.7,6.1,19.8,9.4
"23",2010-07-01,7.5,1.1,0.8,4.7,-2.5,6.3,-2.9,5.5,1224890,136085,1105769,1205807,446990,3689540,518687,3356840,233252.1,23822,252120.4,325887,149503.6,71764,128668,411285,2809.57,2535.6,27047.7,41314,24575.9,8821,19738.5,4668.2,213469,24455,270038.4,372075,251167.9,73637,152190,418516,1.4,-0.5,0.7,1,0.3,0.1,-0.1,1.4,11039.8,11403,104968.6,132468,78078.9,29132,56677,19742.3,47.5,48.2,86.3,73.3,119.6,58.7,57.7,37.6,16571,10682,118865,125538,77728.3,40297,50244,22933.5,0.8,1.1,2.7,0,0.8,0.1,-1.7,1.5,4.7,2.2,2,3.8,2.3,1.9,1.4,5.6,12.6,13.3,-11.5,19.7,-22.5,-17.7,-94.9,-20.3,-2.5,1.2,0.9,-1.4,0.8,-1.5,-0.8,-3.4,2.2,1.3,1.9,1.2,1.8,1.3,1.8,1.4,9.6,9.8,10.2,4.6,5.4,5.1,11.8,3.3,0,-6,1.6,2.6,-0.1,0.8,0.2,0.7,7.7,8.6,9.2,6.4,8.5,6.2,19.9,8.9
"24",2010-10-01,8.5,5.3,-0.6,8.1,-3,8.2,-3.2,5.8,1244176,140451,1165280,1223562,445007,3735777,535965,3550130,241431.2,23569,272190.7,363458,183736.9,79926,137662,415692,2798.5,2470.4,26995,41515,24596.2,8804,19538,4549.9,227786.4,26141,290564.8,382157,246051.3,73462,159782,444051,-0.6,2.1,0.6,0.7,0.9,0.9,0.1,1,11496.6,12100,116743.2,134373,87171,31155,61879,25635.5,46.1,50.1,86.3,81,118.7,58.9,60.3,38.6,17053.2,12074,124216.1,137795,99562.2,44704,60619,26457.5,-1,0,1.2,-0.6,0.1,-0.6,-0.1,1.6,3,4.9,1.5,3.6,2.2,1.8,1,5.7,12.8,15.5,-9.3,20.6,-20,-19.2,-90.5,-5.5,1.4,-1.6,0.7,-0.9,-0.8,0,-0.5,-2.1,2.3,2.4,1.8,1.3,2,1.4,2.5,1.6,9.1,10.3,10.7,5.1,6,5.1,12.5,5,1.6,2.6,0.6,2.9,0.7,1.2,0.3,1.2,8.1,8.3,9.2,6.3,8.6,6,20.1,8.4
"25",2011-01-01,5.4,-1.2,-2.7,6.1,-5.5,10.5,-5.2,6.7,1223360,137367,1138310,1238781,457186,3890731,531498,3581891,238099.8,23356,259459.7,320244,148881,74845,124554,415184,2747.23,2455.6,26964.6,41038,24557.5,8779,19117.3,4556.8,218031.2,24364,285864.4,357148,245552.6,73539,161609,417422,0.7,0.4,1.3,1.8,0.5,1.1,-0.1,0.6,10396.1,9545,106679.4,121748,79871.5,33935,53143,19908.3,48.2,48.8,87.5,79.8,119,59.1,64.1,36.2,16135,10987,121606.2,127079,75773.2,40105,51170,24584.8,-1,1.3,0.7,2.7,-0.5,0.1,-3.4,0.9,2.7,4.3,2.9,4.9,2.3,1.9,2.3,3.9,13.8,16.2,-9.9,21.3,-21.9,-19,-94,-3.3,-1.2,0.4,0.2,-1.8,0.6,0.2,-2,-0.6,2.6,3.1,2,2,2,1.9,3,1.4,10,17.7,13.2,8.5,9.2,7.4,17.6,5.7,2.2,3.3,0.1,2.7,1.9,0.8,0.1,0.5,8,8.3,9.2,6,8.2,5.8,20.4,8.1
"26",2011-04-01,5.9,-3.8,-0.9,5,-2.7,4.3,-1.5,4.7,1256267,133117,1153295,1254395,461502,3966243,536205,3582812,248012.3,24383,265212.2,336155,164678.5,89768,132861,439110,2796.02,2572.8,27203.9,41471,24805.3,8858,19303.5,4653.9,223750.4,26558,280685.3,373827,251648.6,75843,154940,451426,0.9,-0.2,0,0.3,-0.2,-0.1,-0.3,0.7,11520.7,11057,111464.7,139507,86679.2,34420,55249,24838.8,49.7,48.4,89,79.2,120.3,60,66,36.4,16757.9,11708,123683.7,127585,78895.7,43743,57796,25786.2,2.3,1.8,1.9,1.2,2,-1.4,-1.2,0,2.1,0.1,1.6,2.6,0.9,1.6,1.3,0.9,17.3,16.1,-11.7,20.1,-21.6,-16.7,-94.3,-5.3,-0.5,4,0.8,0.9,0.1,-0.1,-1.7,2.4,2.9,3.4,2.2,2.7,2.9,2.1,3.5,1.8,9.5,15.7,13.1,10.4,10.6,7.7,17.6,7.1,2.6,4.5,0.4,1.7,2.5,1.8,1.1,0.5,7.3,7.7,9.1,5.6,8,5.8,20.6,7.8
"27",2011-07-01,6.5,0.9,0.4,5.6,-2,7.3,-1.3,6.9,1302511,133987,1168775,1283796,461733,3985092,532232,3680299,236202.3,25042,259323.4,339350,151258.6,73542,125139,437709,2807.62,2574.4,27296.4,41774,24706.7,8897,19208.4,4767.2,217909.4,26127,275548.9,383486,258645.3,75930,152091,431066,-1.3,0.1,0.4,0.5,-0.4,-0.1,-0.6,0.5,11141.3,12024,108012.3,142916,78429.9,29906,51813,21336.3,52.6,50.1,88.3,78.9,118.4,60.6,66.4,35.7,16367.8,11141,121384.8,127893,74792.7,40393,49686,24728.2,-3.3,-0.2,2,-0.5,-0.3,-0.4,-3.6,-0.2,-0.2,1,1.1,2.1,0.2,0.7,2.3,1,24.5,17,-9.8,17.7,-19,-11,-94.2,-3.6,1.5,2.5,1.1,0.8,0.1,1.2,-2.2,2.8,2.9,3.7,2.1,2.6,2.1,3.2,3,1.6,9.6,14.7,11.3,10.6,10.6,9.3,15.9,6.3,3.1,5.3,1.9,1.7,2.3,1.7,2.3,0.9,8.2,8,9.2,5.5,8.4,6,21.4,7.9
"28",2011-10-01,7.6,-1.9,-0.2,8.4,-1,7,-2.5,3.9,1344580,134036,1252232,1310913,478218,4060861,545618,3628795,244505.7,24295,280382.8,377711,184249.1,81732,133186,434100,2795.67,2512,27157.4,41998,24547.6,8863,18891.6,4630.7,232661.6,27369,293330.9,391501,250586,74878,156868,452334,0.8,0.1,0.3,0,-1,-0.5,-0.6,-1.7,11967.7,12654,121313.8,145434,84981.1,32492,55104,25805.2,50,52,88.7,78.5,119.1,61.2,69.5,37.7,16696.6,12474,127571,140864,101081.3,44586,60334,27587.5,-3.6,-0.6,-0.9,0.7,-0.7,-1.9,-5.2,-2,1.1,-1.6,1,0.9,-1.4,-0.4,1.4,-2,27.7,13.9,-8.7,18.2,-18.1,-11.6,-93.3,-8.4,0.3,3.3,1.7,1.7,1.7,2.5,-1.2,4.2,2.7,3.2,2.5,2.8,3.7,2.8,3,1.1,9.7,14.7,11,11.1,13.9,8.6,14.5,4.3,3.8,4.5,3.2,3.2,2.5,1.9,2.1,0.5,8.2,7.8,9.3,5.3,8.9,6.4,22.4,7.9
"29",2012-01-01,2.2,-4.5,-1.9,6.8,-3,7.8,-4,6.2,1372325,134786,1267660,1344675,488730,4162197,545049,3665565,241313.2,24650,265737,332803,148471.5,75943,119367,431292,2736.73,2487.6,27134.8,41574,24445.3,8791,18358.7,4608.9,224219.3,26262,288549.7,372370,245388.3,74280,160209,425803,-0.2,-0.6,0,0.2,-1.1,-0.1,-0.9,0.5,11355.3,10382,110940.4,127806,74417.3,31331,47944,21210.3,48.5,52.5,91.1,79,122.3,62,73.6,36.8,16317,11781,124114.4,130428,75918,40586,49272,25548.1,0,1.7,-1.3,0.8,-0.4,-1.8,-5,1.2,0.6,-1.2,0.4,0.3,-2,-1.2,2,-0.9,29.3,5.9,-11.5,18.3,-20.7,-6.4,-92,-7.4,1.1,5.5,1.7,2.1,1.8,2.9,-1.6,3.4,2.7,3,2.6,2.4,3.4,2.9,2,0.8,4.9,6.6,7.7,7.1,15.5,7.7,7.9,0.9,4.8,5,3.2,2.9,2.2,1.7,2.1,0.5,7.5,7.9,9.5,5.1,9.7,6.6,23.2,8
"30",2012-04-01,7.5,-2.6,-1.2,6.4,0.2,7.7,0.2,4.8,1394564,140993,1296937,1373593,492317,4238651,543291,3676250,249353.6,25426,271347.9,350322,161607,91188,125813,458211,2774.76,2586.4,27316.4,41981,24803.2,8862,18448.5,4689.2,228981.8,26720,282728,381474,249156.1,75923,153046,456418,0,-1,-0.4,0.1,-0.8,0,-1,0.3,12011.3,11706,111753.8,142287,79111.5,32762,49836,24268.3,49.8,56,92.6,80.4,124.5,63.5,77.1,37.1,16831.8,12167,126651,131246,77670.9,44324,54921,26915.4,1.5,1.1,0.1,1.2,-0.8,-1.7,-3.2,1.5,0,-2.1,-0.8,-0.9,-3.5,-0.5,1.3,-1.6,32.4,10.3,-10.9,20.3,-18.7,-3.2,-91.1,-7,1.3,5.9,3,3.7,1.2,2.7,-1.6,5,2.2,3,2.4,2.2,3.7,2.8,2,1,2.5,5.3,5.4,5.5,15.6,7.8,8.8,1.1,4.3,4.8,3.2,3.4,2.3,1.2,1.6,0.3,8.4,7.6,9.6,5.1,10.7,6.8,24.2,7.6
"31",2012-07-01,7.1,-0.1,-0.2,6.7,0.5,6.1,2.2,6.1,1421211,144404,1297367,1388161,501230,4345949,531939,3583610,238838.4,25408,265391.1,353010,148851.8,74598,117780,454804,2783.12,2591.2,27367.9,42252,24687.6,8843,18387.4,4796.8,223531.1,26718,278016.2,392953,254377.6,75873,149558,438343,0.2,-0.4,0.2,0.2,-0.7,-0.5,-0.5,0.4,11796.6,12343,108827.8,143612,71168.1,28101,46208,21804.9,50.5,55.4,91.3,79.8,125.9,64.4,78.7,37.2,16748.6,11696,123955.7,131925,75031.1,40820,47470,27657.4,0.3,-0.1,0.6,1.5,-1.9,-3.9,-3.7,1.2,1.5,-2.7,-0.2,-1.1,-3.4,-0.5,1.5,-1.5,35.9,11.4,-11.7,20.7,-19.1,-0.3,-92.5,-10,0.5,3.6,2.7,3.8,2.1,2.8,-2.1,4.6,2.2,3.1,2.2,1.9,3.6,2.6,2.2,0.7,1.7,2.2,3.6,4.4,12,4.5,7.8,-1.8,4.3,6.2,2.4,3,2.6,1.3,1.1,1.9,7.5,7.8,9.7,5.1,11,6.8,25,8.1
"32",2012-10-01,7.4,-1.7,-0.5,8.8,1.3,9.6,2,5.1,1387557,145367,1295271,1461814,491232,4336154,564726,3527378,248019.8,24773,286303.6,392673,181179.4,82545,120991,453137,2774,2511.6,27193.7,42454,24434,8813,18043.4,4657.6,239654.7,28078,297099.6,399461,247288.5,74586,154342,460178,0,-0.1,0,-0.3,-0.7,-0.6,-0.8,-0.5,12640.2,12287,120715.8,145208,77101.9,30174,49847,27944,48.7,57.9,91.7,79.8,125.9,65.7,89.6,38,17650.1,12862,131096.7,145271,96907.9,45293,53324,30448.5,-0.5,0.3,-1.4,1.3,-2,0.4,-1.4,0,0.7,-2.5,-0.1,-1.1,-2.6,-0.6,1.2,-0.7,36.1,10.7,-12.8,22,-22.9,3.1,-88.5,-15.6,1.5,4.1,2.4,3.9,1.6,2.6,-5,4.7,2.3,3.5,2.1,2.1,2.8,3.3,3.5,1.2,2.4,5.6,5,5.4,13.7,8.1,11.2,1.4,3.7,6.9,2.9,3.3,2.7,2.5,2.6,2.2,7.6,7.7,10,5,11.6,7,25.7,8.2
"33",2013-01-01,4,-2.4,-2.4,5.9,-0.9,12,-0.3,4.9,1414890,143288,1273083,1499253,495939,4412959,574827,3526459,244530.8,24667,269793.4,343190,145933.7,76955,113512,446113,2725.98,2470.4,27158.1,41948,24068,8670,17714.9,4644.2,230266,26103,290665.2,373803,241912.9,74638,154412,431939,0.7,-0.9,0.1,-0.6,-0.9,0,-0.3,0.5,11280.5,10163,107649.5,120498,67590.3,28552,43925,20866.6,47.9,58.9,93.6,79.4,129.5,66.2,97.1,40.7,16229.4,11987,125871.3,136399,74883,41388,47100,27759.2,1.3,0.6,-1.2,-0.3,-2.7,-2.7,-5.1,1.5,0.5,-2.6,-1.5,-2.6,-1.9,-0.3,0.6,-1.1,39.8,10.3,-16.2,22.3,-21.8,7.9,-88.6,-13.2,1.2,2.8,3.4,4.7,1.4,3.1,-1.2,3.8,0.9,2.6,1.4,1.9,2.4,3.2,2.8,0.6,0.9,0,2.1,4.3,5.4,4.2,5.3,-0.9,2.8,5.9,2.2,4.5,3.2,3.8,3.3,2.6,7.9,8.7,10.4,5.1,12.1,7.5,26.2,8
"34",2013-04-01,8.1,-2.8,-0.4,6.2,1.2,6.1,3.5,3.3,1398794,140288,1259160,1507145,493033,4503960,557724,3625079,255309,25745,276193.4,360058,158988.6,91416,119845,469836,2773.83,2573.2,27336.9,42288,24240.9,8739,17952,4734.6,234769,27772,285701.2,389744,244452.6,76600,148860,464918,0.2,0.4,0.9,1.2,0,0.4,-0.1,0.2,12216.8,11454,111519.7,143828,72863.8,30709,45592,25545,49.1,61.1,95.2,78.7,132.4,67.8,98.8,41.3,16813.3,12770,129385.1,136129,77666.4,44441,52881,29213.3,3.6,0.4,-0.1,2,-0.3,-2.1,-0.8,1.8,2,0,1.2,0.2,-0.1,1,1.4,0.1,39.2,9.1,-18.9,22.2,-23.5,4.3,-88.5,-8.3,0.3,1.6,1,1.7,0.5,0.9,-2.7,1.6,0.5,2.4,0.8,1.1,1.2,2.8,1.5,0,-1.5,-2.3,0,1.1,-0.9,0.3,-2.5,-3.6,1.7,7.8,1.8,3.9,2.6,2.9,2.7,3.3,8.3,8.2,10.5,5,12.2,8,26.3,8.4
"35",2013-07-01,8,-1,-0.6,5.7,1.6,8,3.1,5.2,1414882,139076,1265266,1516719,502669,4513510,562178,3619067,242848.9,25746,270997.5,363571,147755.3,74795,114716,468444,2790.51,2561.6,27409.7,42544,24188.6,8756,18093.1,4845.8,228548.4,27461,282995.1,402723,251885.7,77246,148030,451286,0.8,0.3,0,0.5,0.3,0.5,-0.1,0.8,12413,11710,109239,146496,67457.8,28226,43689,22492.2,49.6,58.5,94.2,77.5,131.9,67.3,100,41.2,16954.3,12046,127747,138202,73351.9,40998,46303,28137.1,0.1,-0.1,0.9,-0.2,-1.5,0.7,0.8,1.8,1.5,1.3,1.3,0.5,1.1,1.4,0.7,0.1,38.7,5.2,-20.6,24.1,-23.3,0.4,-91.1,-8.4,-0.2,1.1,1.1,1.6,0.2,0.6,-1.4,1.6,0.4,2.5,1.2,2,1.2,3.1,1.9,0.8,-0.3,1.2,1.8,3.3,0.3,1.4,-0.4,0.9,0.9,7.6,2,5.7,2.9,3.3,4.6,3.3,7.5,7.8,10.3,4.9,12.2,8.5,26.2,8
"36",2013-10-01,9.3,-1.3,0.9,8.9,2.1,7.6,2,4,1411985,136243,1246783,1517076,504040,4536531,554363,3709079,251539.5,24940,290930.6,404624,181436.2,81985,122080,467613,2782.7,2490,27315.7,42732,24078.5,8710,17867.6,4719.7,243515.9,28507,301345.2,405479,246315.7,76354,153822,475541,0,-0.2,0.7,0.1,-0.1,0.6,0.2,1,12898.3,12117,122581.3,150353,72759.1,33641,47292,27599.3,47.8,60.8,94.6,77.4,131.8,67.2,100,40.8,17489.7,13401,133832.3,151245,97452.7,44540,56247,30706.1,-1.4,-0.6,-1.1,0.1,-1.4,-0.3,-1.3,1.5,1.3,0.4,1.3,0.4,0.8,2.7,0.4,1.3,37.1,3,-19.4,24.4,-23.4,-1.9,-92.4,-15.9,-0.3,1.2,0.2,1.8,1.1,-1.9,1.6,0.4,0.4,1.7,0.7,1.2,0.7,1.3,0,0.2,-1.2,-2.5,-0.2,-0.1,-3.6,-3.1,-2.7,-1.3,0.3,4.4,0.1,3.9,1,1.1,1.6,1.8,6.8,8.1,10.1,4.8,12.6,8.5,26,7.9
"37",2014-01-01,4.9,-2.1,-2.9,6.7,-0.1,9.5,-1.2,3.2,1448611,134789,1269359,1549200,495228,4583754,558645,3786499,250223.9,24692,275142.5,357955,145465.2,76861,112294,462337,2741.43,2450,27326.7,42322,23922.5,8610,17642.2,4692.2,231369.2,26749,292641.2,381714,243174.1,75774,155699,445758,0,-0.9,-0.1,1,0,0.2,0.4,0.3,12071.6,9622,109453.3,134318,66210,29285,45470,22551.5,48.1,62.4,96.2,76.2,134.5,66.6,102.6,41.1,16603.5,12198,128233.2,141308,73443.1,41836,47564,27397.4,1.4,0.1,-1.2,0.9,-1.3,0.4,-0.3,2.9,1.2,0.4,1,2.3,0.8,2.2,1.2,1.2,31.6,1.9,-19.9,25.2,-25.2,1.8,-95.6,-15.7,0.4,0.8,0.6,0.9,-0.3,-0.9,-1.7,1.1,0.8,1.9,0.8,1.1,0.6,0.8,0.3,0.2,0.2,0.2,0.2,-1.7,-2.2,-1.8,0,-2.5,-0.3,4.1,0.3,3.5,1.1,0.8,1.2,0.8,7.5,8.4,10.2,4.8,13,8.6,25.5,8.2
"38",2014-04-01,7.8,-3.1,-1.9,6.1,1.3,7.8,1.8,1.3,1456505,130535,1286132,1572042,495818,4617483,569964,3847666,260755.8,25769,281262.9,374965,159224.2,91712,121499,491073,2792.58,2554,27524.8,42721,24186.5,8725,18111.1,4797,235561.8,28177,289723.7,395969,246269.3,77954,152276,485415,0.1,0.2,0.2,0,0,0.3,0.5,0.5,12678.3,11435,111904.5,149099,70177.3,30325,48039,26022,48.4,63.7,96.8,75.8,137.2,68,103.6,42.1,17017,12836,131477.3,141864,76190.7,44941,52711,28780.5,3.8,0.4,0.2,2,-0.9,0.6,1.7,2.2,-0.4,-0.1,0,0.2,0.2,1.8,0,0.9,34.5,1.1,-19.9,26.8,-24.7,6.7,-96.8,-6.5,1.8,0.9,1.3,2.6,0.1,-0.7,0.3,2,0.5,1.3,0.8,1.1,0.5,0.6,0.3,0.3,1.4,-1.1,-0.6,-1.3,-2.8,-0.8,1.6,-1.3,-0.7,-0.9,-0.7,1.6,0.1,0.3,0.2,-0.1,6.7,8.3,10.1,4.8,12.8,8.6,24.8,8.2
"39",2014-07-01,10,-0.7,0.3,7.2,2.3,9,3.4,4.6,1530582,130665,1320447,1625047,504635,4706443,593717,3904240,247262.2,25764,275262.4,378024,148675.4,75733,117165,488482,2806.05,2550.8,27565.8,42923,24283.4,8731,18363.4,4941.9,228792.6,27969,286690.9,409922,252390.9,78280,151811,467039,1.5,0.3,0.6,0.5,0,0,0.8,0.8,12677.6,11848,109694.2,151949,65981.9,27010,44899,22290.9,50.1,63.1,96.8,75.2,134.9,67.4,103.9,42.5,17217.6,12285,129373,143182,73291.9,41731,46612,27715.3,-0.5,-0.4,0.7,0.5,-1.1,0.6,0.2,3.3,1,-0.1,0.4,0.8,-0.3,1.6,0.3,0.3,39.4,-0.1,-18.7,29.6,-24.3,12.2,-94.9,-6.1,0.2,0.6,0.7,2,0.4,-0.1,0.2,1.9,0.5,1,0.6,0.7,0,0.3,-0.4,0.4,0.7,-0.8,0.8,-1.5,-2.8,-0.5,0.3,-1.2,0.3,-1.7,-1.7,0,-1,-0.6,-2.1,0.1,6.5,8.1,10.2,4.7,12.9,8.2,24.3,7.9
"40",2014-10-01,10.8,0.4,0.8,8.9,3.4,9.2,3.1,4.1,1516186,126788,1346680,1643356,509775,4849611,578226,3948215,257159.7,25150,295186.7,420926,182573,84437,125343,482369,2804.74,2485.2,27390.8,43059,24188.6,8755,18253.7,4790.5,244994.3,28954,305032.1,417131,247997.8,77652,156631,493891,-0.1,-0.1,-0.2,0.7,-0.1,1.4,1,0.7,13933,11800,120335.6,155039,73107,31392,48914,27934.3,48.7,64.8,96.2,74.5,134.8,67.2,104.4,45.7,17938.6,13502,135675.3,157169,98115.3,45318,55517,30675.3,-0.4,-0.6,-2,0,-1.5,0.4,0.2,1.6,0.7,0,0.5,1.7,-0.7,1.5,0.3,0.9,43.4,-3.3,-18.7,28.7,-20.9,24.6,-95.2,-3.4,0.7,1.4,0.8,1.3,0.8,1.4,0.1,0.6,0.2,1.2,0.5,0.7,0.2,0.4,-0.2,0.3,-0.7,-1.8,-1,-2.1,-2.5,-0.9,-1.1,-2.6,0.5,-1.1,-0.1,0.6,0,0.3,0.5,0.9,6.8,9.1,10.4,4.7,13,8.1,23.9,8.1
"41",2015-01-01,7.1,-2.3,-1.9,7.8,-0.7,14.7,-0.3,2.4,1666908,129716,1470267,1748173,535509,4958547,624423,4029817,256402.8,24962,278929.9,370524,147632.1,77309,117210,482182,2775.06,2462.4,27356,42605,24017.2,8653,18124.4,4787,234129.7,27189,298416.7,390568,246368.8,76659,159392,470952,0.8,-0.8,0.6,-0.2,0.4,0.4,1.2,1.2,12173.2,9691,108643.5,135964,67567.3,23401,46765,22875.7,47.6,66,98.1,74.2,137.5,68.2,104.5,45.2,17055.1,12389,129568.2,145974,72823.7,41684,48879,27296.6,0.7,0.1,-0.9,1.7,-2.2,1,-0.5,4.2,0.6,-0.9,1.2,0.6,0,1.6,0.7,1.1,36.4,0.8,-20.3,27.7,-21.7,39.2,-95.6,-1.1,0.7,1.9,0.1,2,1.1,-1.5,0.6,1.2,-0.3,-0.1,-0.4,-0.5,-0.5,-0.7,-1.5,0.4,-8.3,-10.2,-6.8,-8.9,-9.1,-7.2,-11.4,-5.6,0.7,-2.2,-0.3,-1.4,0,-0.9,-0.5,0.8,6,8.7,10.4,4.5,12.4,8.3,23.4,7.9
"42",2015-04-01,7.7,-2,-0.1,7.3,1,-9.5,2.7,1.9,1668621,129747,1474819,1762170,538427,5029203,637474,4041134,269253.5,26080,285293,390667,162452.3,92480,126726,512743,2832.5,2545.6,27565.7,43060,24291.8,8784,18645,4855.4,239655.1,28726,295312.6,407623,252818,80057,156554,508493,0.7,1.4,0,0.6,0.4,0.4,1.1,1.8,13689.4,11407,111222.9,152627,73281.4,63432,51443,27856.9,46.3,67.4,98.3,72.4,138.1,66,103.8,44.9,17453.3,13071,133420,147080,75506.7,44800,54744,29238.1,6,0.9,0.2,2.1,0.1,0.9,4.1,3.3,1.8,1.1,0.9,0.8,0.3,1.5,1.2,3.9,33.6,6.4,-17.9,32.6,-17.4,24.8,-91.2,2.1,0.1,0.8,0.3,2.3,1.1,-1.4,-0.1,-0.8,0.4,-0.1,0.1,1,-0.1,0,-0.7,0.5,-6.3,-4.7,-3.2,-5.8,-6.4,-4.4,-7.1,-3,1.3,-2.4,0.3,1,1.2,-0.2,0.4,2.1,6.5,9.5,10.4,4.4,12.2,8.1,22.7,7.9
"43",2015-07-01,9.2,1,-0.1,8.2,2.4,7,3.5,3.6,1654951,132487,1441939,1756905,537209,5174993,630628,4132834,255853.1,26072,279081.9,393749,152178.5,76402,121808,508051,2850.26,2566.8,27657.2,43325,24485.4,8831,18933.3,4995.2,235079.6,28463,292817.5,421568,257677.7,80764,157132,491550,0.2,-0.1,0.3,0.5,0,0.5,0.9,0.4,12991.5,11684,109033.6,156305,67959.4,30132,47935,23424.1,45.9,65.9,97.8,71.9,136.7,65.1,103.5,44.3,17439.9,12399,130026.8,148279,73448.7,42046,47867,28271,2.4,-0.1,1.4,0.5,0.9,1.8,0.7,3.8,-0.2,-0.4,0.4,0.7,-0.1,1.5,1.2,2.9,29.6,5.5,-19,34.6,-20.9,28.3,-90.1,1.2,2.1,1,0.6,2.2,1.3,-1.5,-0.8,-0.2,0.5,-0.1,0.2,1.3,0.4,0.8,0,0.8,-5.8,-4.6,-3.9,-6.1,-5.4,-4.6,-5.7,-5.7,1.2,-3,0.3,0.3,0.8,0.7,1.4,2,6.6,9.5,10.3,4.3,11.7,7.7,21.9,7.2
"44",2015-10-01,7.8,-0.4,0.7,9.1,2.1,7.8,2.2,2.4,1668675,132969,1474081,1798972,529600,5287744,637549,3893179,265360,25458,299785.8,439064,187052.3,84803,131275,505509,2850.79,2497.2,27505.8,43559,24418.5,8833,18756.5,4872.9,252071.1,29520,309500.9,430547,252639.2,79335,161326,520550,0.3,0.6,0.2,0.5,0.5,0.2,0.9,1,15046.6,12241,123705.3,164723,75295.1,35503,52787,31058.2,44.6,68.8,97,71.2,134.7,63.8,102.5,44.5,17804.4,13785,136861.7,164609,97112.9,45281,57827,32365.1,0.2,-0.5,-0.8,1.4,-0.9,0.5,0,2.1,0.2,0.7,0.8,1,0.6,0.7,1.4,3.4,27.9,4.7,-18.7,34.1,-19.4,27.9,-87.7,-5,1.2,-0.1,0.3,1.9,-0.2,-1.5,0.4,-0.9,0.1,-0.3,0.2,1.2,0.3,0.4,-0.9,0.9,-8.3,-8,-5.9,-8.7,-7.7,-7.4,-13.1,-5.5,1.3,-1.4,1.2,1.7,2.1,1.3,1.9,3.1,6.2,9.5,10.3,4.3,11.8,7.9,21.2,7.3
"45",2016-01-01,4.1,-1.9,-2.6,9.1,0.6,8.5,0.4,1.7,1750023,143647,1455260,1808722,541562,5391003,645530,3936086,264940,25366,283807.4,387016,151833,79835,119620,506236,2818.85,2478.8,27499.5,43152,24320.9,8773,18562.3,4877.8,242961.8,27595,304042.2,403297,251563.3,78476,163446,487920,1.2,1.2,0.4,1,0.2,0.6,0.7,0,13312.9,10256,112656.9,143675,69980.3,34171,49318,24076,43.8,69.4,98.9,70.9,137.4,63.4,103.7,42.8,17225.9,12473,129643.2,153580,75558.2,42014,49434,28894.2,-3.3,0.7,-0.4,2.1,0,1,1.4,1.3,0.1,2.1,0.5,0.9,0,0.9,1.2,0.8,32.8,4.2,-18.8,34.5,-19.7,36.6,-87.2,-4.7,1.4,-1.3,0.6,1.9,0.5,1.1,-1.6,1.6,0.4,0,0.3,0.4,0.4,0.2,-0.4,1.3,-3.2,-2.7,-3.7,-5.7,-4.1,-5,-10.3,0.8,0.2,-2,0.4,0.8,0.4,1.1,2.2,2.5,5.7,9.1,10.3,4.2,11.6,7.4,20.5,7.1
"46",2016-04-01,7.7,-4.1,-0.5,9.1,2.6,4.5,4.4,0.3,1768789,139078,1479660,1826623,554680,5432628,669220,4041491,279294.7,26410,291043.6,404672,166939.8,95415,129427,533219,2878.32,2561.2,27745.6,43601,24798.9,8907,19025,4981.3,249700.2,29472,301581.3,421376,253460.6,80972,160436,524513,1.1,0,-0.2,0.3,0.3,0.8,0.3,0.7,15216.8,12806,116788.2,164248,75200.4,36535,52063,29987.9,43.9,66.9,99.7,70.2,137.8,62.3,103.6,43.5,17800.6,12993,136418.9,154446,77585.5,45634,55788,31367.1,5,1.1,0.5,2.9,0.7,1.5,1.8,1.2,1.8,1.7,1,2.3,-0.8,1.2,1.1,0.4,34.4,2.7,-17.8,37.8,-15.2,42.2,-85.1,-1.9,0,-1.1,0.3,-0.3,1,0.4,-1.1,0.3,-0.3,0.3,-0.1,-0.3,-0.4,-0.2,-1.2,1,-5.2,-6.8,-6.6,-8.5,-8.2,-8,-15.1,-3.5,0.4,-0.6,0.5,0.8,-0.1,1.2,2,2,6,8.9,10.1,4,11.9,7.4,20.3,6.9
"47",2016-07-01,6.5,-0.6,-0.5,8.1,3.5,5.8,4.6,2.5,1794799,143750,1476257,1843960,555927,5649480,672749,4121593,262963.7,26705,284068.5,408958,155692.8,79420,124755,531694,2896.87,2583.6,27878.5,43858,24750.4,8954,19339.3,5071.5,240161.4,28960,297095.2,431608,260442,82061,161501,506860,0.8,1.1,0.1,0.3,0.7,0.9,0.8,0.3,14550.6,13312,111826.5,163786,70397.6,32555,48593,25245.7,42.8,66.8,99.1,69.4,134.8,60.7,102.9,42.2,17704.7,12273,132057.9,155186,73837.7,42665,48744,29746.2,3.3,0.3,2.1,1.8,0.2,2.5,0.8,2.3,1.7,2.2,-0.6,0.7,0.2,1,0.7,0.4,40.5,1.3,-19.2,36.8,-13.6,47,-86.1,-0.8,-0.8,-0.3,1.5,1.7,0.2,1.3,-0.5,2.3,0.1,0.5,0.4,0.3,-0.2,-0.6,-0.7,1.1,-5.8,-6,-2.7,-7,-6.9,-8.3,-12,0.7,0.4,0.3,1.5,1.4,0.8,0.5,2.6,1.3,6.5,9,9.8,3.9,11.6,7,19.5,6.9
"48",2016-10-01,9.7,-1.3,1.4,9.3,2.9,10.4,3.1,2.9,1828607,145749,1532125,1890089,543624,5739536,686805,4116615,273987.7,25802,306066.6,456755,190758,87972,134223,534974,2899.56,2504.4,27755.2,44134,24733.2,8999,19124.2,4968.6,260363.9,30154,316491,443055,257186.2,81588,167154,535599,0.5,0.5,0.5,0.4,0.4,0.8,0.6,0.1,16156.2,13354,125653.2,168734,79250.5,35691,54313,31480.8,41.7,68.6,98.2,68.3,134.2,60.9,102,42.8,17902.2,13823,140194,170679,99296.5,46176,57884,32877.1,-0.5,-0.8,-0.5,1.5,-0.7,1.4,0.4,1.6,2,2.1,-0.3,0.2,-0.1,0.5,0.1,-0.2,46.4,5.4,-19,38.8,-12.1,39.2,-84.3,-1.6,-0.7,-1.2,1.4,2.2,0.3,1.4,0,3.7,0.1,0.6,0.5,0.7,-0.1,0.3,0.5,1.1,-0.4,1,0.6,-1.4,-3.5,-2,0.1,5.9,-0.1,-1.3,-0.2,0.1,-0.2,0.1,0.3,0.4,6.3,8.9,10.1,3.8,11.7,6.6,18.8,7
"49",2017-01-01,5.5,-0.6,-3.3,8.7,1.1,10.8,0.6,2.3,1898627,152074,1537154,1963212,546825,5957471,714255,3947009,272445.2,25541,292645.5,404132,156286.8,82137,123759,530213,2866.49,2491.2,27765.2,43764,24653.4,8957,18990.7,4993.4,254100.9,28169,310884.7,418217,257864.3,81707,172242,513125,1,1,0.7,1.2,0.4,0.6,0.7,0.9,14032.7,11057,118359,152105,73299.4,36278,52338,26210.6,40.7,68.5,100.6,66.8,135.8,58.7,102.9,42.1,17424.3,12213,135116.9,159182,77094.3,43124,50570,29686,-1.7,0.6,0.7,0.5,-0.9,2,2.3,2.7,2.3,2.8,0.8,2.1,1,1,0,1.1,50.9,2,-23,43.3,-10.5,39.3,-85.6,-6.5,-1.3,-3.2,1.3,0.5,0,-0.5,0.8,1,0.7,0.9,1.6,1.7,1,1.6,2.9,1.5,3.5,8.7,9.9,5.9,2.7,4.7,17.4,6.7,1.9,-2.8,1.5,3.4,2.6,1.5,1.1,1.6,6.1,8.9,9.7,3.7,11.7,6.4,18.4,7
"50",2017-04-01,8.7,-3.4,-0.9,6.5,2.1,4.7,4,1.3,1873652,154130,1507855,1956200,551778,5925196,701853,3999575,287052.7,26645,299794.1,423329,170633.2,98472,134304,560542,2923.12,2574,28090,44201,25007.3,9113,19533.4,5101.2,257292.4,29648,307246,434814,261389.6,84760,168260,546457,1.2,1.3,0.9,0.9,0.4,0.5,1,0.3,15703.9,13411,120936.5,169747,77478.1,38092,56123,30401.2,40.5,67.7,101.2,66.1,136.8,58,102.6,41.6,17999.1,12978,139204.1,159899,78777.8,46848,56040,31067.6,4.2,1.5,1,2,0.5,1.7,2,1.7,1.5,2.8,-0.1,0,0.7,0.6,0.5,-2.3,43.9,-0.1,-24.5,43.6,-9.7,37.9,-87.5,-7.9,-0.3,-2.9,1.8,2.8,-0.8,0.2,0.1,4.8,1,1,1.4,2,2,1.4,2.6,2,2.6,8.2,9.1,5,7.5,4.9,12,7.1,2.2,-2.2,0.8,1.7,2.3,1.8,1.2,1.3,5.9,9.3,9.5,3.6,11.2,6.1,17.7,6.9
"51",2017-07-01,7.5,0.6,1,7.9,3.5,7.3,3.8,2.3,1864995,159348,1497936,1968539,550960,5951231,709613,4003636,271264.5,26713,293481,427573,160364.7,82199,130306,558530,2936.52,2582.8,28227.4,44471,25127.7,9173,19881.6,5213.6,248274.8,29283,305201.6,445977,266362.2,86289,168005,526081,-0.2,0.5,0.7,0.7,0.2,0.8,0.6,0.7,15451,14290,117737.9,171788,73492.6,35462,54171,27536.7,40.5,66,100.4,65.3,136.4,56.2,101.8,40.1,18099.9,12604,136118.3,160707,74979.9,43778,49920,30778.7,2.3,-0.7,2,1.7,-0.4,2.8,1.8,1.4,1,3.2,1.2,1.3,-0.5,0.2,0.1,-1.4,48,-0.1,-26.4,42.7,-9.2,34.9,-85.7,-8.6,0.7,-3.6,0.8,1.5,0.9,0.7,0.9,3.5,1.5,0.6,0.8,1.7,1.2,1.5,1.7,2.3,0,4.1,1.9,0.8,3.4,2.9,4.1,4.6,3.8,-1.9,0.7,2.6,1.1,3.3,0.1,1.9,5.8,8.5,9.6,3.5,11.4,5.9,16.9,7
"52",2017-10-01,7.5,0.7,1,9.1,3,9.8,2.7,2.3,1874660,157460,1504021,1994155,558082,5855978,702675,4246910,285589.4,26162,316278.4,477353,195470,91670,139771,559030,2940.43,2541.2,28104.7,44724,24975.2,9217,19643.5,5093,270271.1,30800,323314.4,454772,263452.6,84407,174285,556647,0.8,0.8,0.6,1,0.6,0.6,0.6,0.7,17303.1,14473,133854.5,177446,82402.4,38525,58575,32557.8,40.2,66.6,98.8,64,133.7,56,101.2,41.6,18677.7,13822,143963.6,178202,100563.1,47720,59268,33534,-0.6,-0.4,-0.4,2,-0.4,2.2,0.9,-2.9,1.3,1.9,1.6,1.8,0.5,0,0.4,-0.2,49.5,1.2,-25.6,44,-8.9,39.3,-84.4,-0.8,1.4,-2.8,0.4,1,0.2,1.4,0.2,1.8,1.4,0.5,1.2,1.5,1.1,1.3,1.7,1.7,1.1,2.8,4.7,1.2,4.1,2.5,3.9,2.4,3.9,-0.7,1.8,4.3,2.4,3.5,2.3,2.4,5.4,8.2,9.1,3.5,11.1,5.5,16.7,7
"53",2018-01-01,3.3,-1.3,-2.3,9.6,1.4,10.4,0.2,1.4,1984709,161597,1543587,2049209,563487,5897458,709182,4434516,282043.7,26447,300703.2,423703,160275,86604,128234,561127,2907.98,2540.4,28143.7,44417,24837.4,9215,19395.3,5096.9,263838.5,28713,320023.8,431571,261633.3,85730,178402,532631,0.8,0.2,-0.1,-0.5,-0.2,0.7,0.4,0.3,15033.2,12123,122773.8,160268,76878.9,39081,55783,27078.4,39.8,65.4,99.3,62.9,135.2,54.3,101.7,39.6,17932.8,12698,137127.8,165105,78413.2,45680,51601,29474.1,0,0.6,0.3,0.9,-0.2,2.2,1.4,-0.8,0.4,0.6,0.5,-0.1,-0.1,-0.4,0.4,-0.5,54.8,-4,-28.6,46.6,-10.6,39.9,-84.5,-0.1,1.6,0.6,0.8,3,0.7,2.7,0.7,3.9,0.6,0.8,1.5,1.5,1.2,1.5,0.7,1.6,0,0.4,5.1,0.7,4.6,5.5,-1.7,3.7,1.4,1.6,1.3,2.9,1.2,2.2,1.1,2.6,5.4,8.5,9.2,3.3,11,5.2,16.4,6.8
"54",2018-04-01,4.9,-5,-1.9,8.7,2.4,5.6,3,0.6,2008781,161382,1580743,2118342,577002,6033629,708396,4483403,298358.4,27709,307453.3,443495,177000.1,102898,139420,597227,2966.56,2645.6,28387.6,44808,25386.2,9349,19954.6,5192.4,272028.7,30746,316635.6,447587,265676.6,88766,173379,576792,0,-0.2,0.2,0.7,0.2,0.5,0.7,0.7,18211.6,14411,126496.3,181224,83019.1,41212,61851,29935.9,39.3,65.2,99.4,61.9,135.7,53.2,101.1,39.6,18450.1,13419,140933,165964,80050,48486,57594,30573.7,3.8,1.2,0.9,1.9,0.6,1.9,2.6,0.7,0.5,-1.2,0.3,0.8,-0.5,0,0.3,1,57.6,-6.2,-28.5,49.4,-6.7,39.1,-83.8,5.3,1.8,2.3,1.2,2.2,2.4,1.5,0.9,3.3,0.7,0.8,1.8,1.3,0.6,1,1.1,1.8,1.1,1.1,6.1,1.2,0.8,5.3,2.3,7,1,1.9,1.8,3.3,1.4,1,1.5,2.7,5.1,7.7,9.2,3.3,11,4.9,15.7,6.5
"55",2018-07-01,8.2,-1,0.2,7.2,3.6,8.4,2.5,4.1,2021610,163852,1595479,2153148,582305,5934429,717063,4510977,280712.3,27707,300662.9,449750,165254.2,86839,136508,589723,2985.43,2652,28462.9,45029,25356.8,9431,20279.8,5283.9,260775.6,30015,315123.4,458425,272209.5,89701,173649,551965,0.5,-0.1,0.5,-0.7,0,0.3,0.6,-0.1,15430.7,14962,124104.4,183171,75530.4,35839,57812,25539.1,39.3,64.8,99.6,61.6,135.6,52.2,101.2,39.3,18243.5,13041,137761.2,166027,75914.7,46189,52217,29696.1,0.2,-0.5,2.1,2.1,-0.8,3.1,2.2,1,0.4,-2,0.6,-0.8,-0.2,-0.7,0,0.1,59,-5.3,-29,51.1,-4.9,43.4,-81.8,2.2,1.3,3.1,1,4.4,2.3,3.5,2.3,3.9,0.9,1.4,2.6,2.2,1.9,1.9,2.3,2.2,5.2,6.5,14.1,6.7,8.2,11.6,11.2,13.1,-1,2.3,2.2,2.6,2.3,0.2,1.8,3,5,7.2,9,3.2,10.3,4.9,15,6.5
"56",2018-10-01,8.7,0.8,1.1,8.3,2.6,11.6,1.7,2.9,2034868,159805,1641305,2159349,594261,5729601,716877,4657242,293530.2,27283,323166,499154,201121.1,96559,146487,588048,2987.27,2616.4,28317,45259,25195.4,9447,20123.9,5171.8,277098.6,31313,332127.4,470914,268944.4,88103,178938,577966,0.1,0.1,0.8,0.6,0.3,0.3,0.6,1.1,16835.2,15537,141870.3,190217,84071.4,40937,63056,32300.4,38.5,65.4,98.6,60.8,134.1,51.6,99.8,39.8,18989.4,14378,145805.8,183429,101347.1,50294,62261,33155.2,-1.2,-0.3,-0.1,1.2,-0.1,1.4,0.4,-0.2,-0.1,-2.7,1.1,-0.8,0,-0.6,0.1,0.1,58.4,-5,-23.3,52.5,-6.4,50.5,-78,8.2,1.2,4.5,0.5,3.8,1.8,3.1,2.1,3.6,0.7,1.7,2.5,2.6,1.7,1.9,2.3,2.4,4.9,9.9,13.5,8.9,10.3,11.2,10.7,13.1,-0.8,3,2.4,1.8,0.6,0.5,1.7,2.7,5,7.2,8.8,3.1,10.7,4.7,14.7,6.5
"57",2019-01-01,2.9,0.3,-0.5,8.6,1.6,8.7,-0.2,5.9,1949760,158907,1695651,2252067,595277,5870202,748266,4853682,292551,27440,304855.2,444425,165249.3,91557,137015,585455,2958.72,2595.6,28381.9,44914,25020,9463,20007.7,5140.1,271662.8,28919,326322.1,442738,265542.2,88540,182654,542812,0.4,0.9,0.8,0.6,0.2,1.2,0.6,0.7,15564.2,12513,129259.6,171817,79280.5,42424,62400,25255.6,38,65.2,99.5,60.6,135.7,50,100.6,37.5,18046.5,13538,138934.8,173351,78814.6,48538,54361,29591.1,0.1,-0.1,0,0,-0.6,1.7,1.6,0,-0.2,-1.6,1.1,0,-0.2,-0.5,-0.4,1.6,61.7,-3.7,-25,55.6,-6,55.2,-76.5,13.4,2,3.4,-0.4,3.4,2.5,3.5,4,2,1.2,1.2,1.4,1.7,0.9,2,1,2,1,2.7,2,2.6,3.8,8.4,1.5,9.5,1.6,2.1,2.9,0.8,0.7,3.2,1,1.9,5.1,6.6,8.8,3.1,10.4,4.6,14.3,6.3
"58",2019-04-01,9.3,-5.8,-0.3,7.3,2.6,3.5,3.5,4.7,1967641,159016,1701220,2281003,600778,5893972,759799,4954227,306815.8,28726,310378.3,464823,181026.6,108628,149358,619593,3012.77,2688,28697.7,45246,25513.2,9580,20529.7,5222.1,275351.9,30920,325085.2,462557,269193,91768,176563,590185,0.9,0.7,0.6,0.1,0.3,0.4,0.3,0.9,16505.9,14902,134835.4,189366,85050.3,45220,64951,29200.9,39.5,67.3,99.3,60.1,136.8,50,100.6,36.5,18551.3,14119,143646.6,173795,80477.3,51689,60918,30391.6,2.3,1.5,1.2,2.6,1.4,1.4,1.1,1.3,-0.1,-0.5,1.6,-0.9,0.1,-0.2,-1,1.3,66.9,-0.4,-27,55.5,-4.9,60.4,-75.2,10.8,1.3,2.5,-1.4,4.4,1.4,3.2,5.1,1.9,0.9,1.5,1.5,2.1,1.1,3,1.6,2.1,2.9,7.2,4.8,4.9,5,12,5.4,7.3,0.8,2.2,2.4,0.7,0.3,3.8,0.7,3.1,5.4,7.2,8.5,3,10.3,4.3,14.2,6.6
"59",2019-07-01,8.6,1.2,0.6,7.4,3.9,6.6,2.7,7.4,2050356,163704,1729730,2320758,611457,5987103,766716,5119886,290111.7,28616,303588.5,471520,168322.3,91156,144595,611418,3025.09,2689.2,28828.2,45397,25539.2,9588,20734.4,5316.9,265893,30821,324633.9,477151,273767.5,92625,178157,573696,0.3,0,0,0.3,-0.4,0.5,0.2,0,16036.8,15207,132773.8,192441,77468,41338,61356,24731.8,39.1,65.8,100,60,136,48.3,99.6,36,18504.9,13550,141041.6,176758,76382.6,49122,53782,29833,1.1,-0.6,2.3,1.4,-0.3,1.8,1.6,1.7,0.5,0.7,1.5,1.2,0.1,0.7,-0.4,2.6,72.7,-1,-27.6,57.5,-6.3,71.7,-74.5,17.5,1.4,1,-1.5,2.4,0.7,2,3.6,0.2,0.4,1,1.3,1.1,0.3,2.6,0.6,1.5,-1.7,2.9,0.8,2.3,-1.9,6,-2.4,0.1,2.5,0.7,3,2.1,1,5.1,0.9,4.1,4.6,6.5,8.4,2.9,9.6,4.4,14.2,7.3
"60",2019-10-01,8.7,3.7,2.5,8.2,4.3,8.7,2.4,3.5,2067933,164804,1717691,2329970,621797,5909122,766083,5075457,304013.7,27845,324219.1,518295,204358.6,101721,154865,605313,3020.18,2635.6,28740.3,45608,25323.6,9658,20596.6,5199.3,288903.9,31818,339939.2,482669,269298.5,91343,182651,596348,0.4,-0.2,-0.5,0,-0.4,0.1,0.6,0.9,17777.1,15626,148337.1,194592,85263.6,44502,65859,34011.5,38.3,65.3,98.2,58.7,133.8,47.7,97.7,35.7,19796.2,14797,148392.3,193602,101459.5,52913,65066,32925.4,-1,-0.7,0.3,2.4,-0.3,1.5,-0.6,0.2,0.9,0.9,-0.7,-0.1,-0.7,0.1,-0.9,2.1,69.9,-0.8,-28.2,58.5,-3.1,68.1,-72,13.9,1.4,0.8,-0.2,2.8,1.5,3.3,3.9,0,0.6,0.9,0.9,0.9,0.2,2.8,0.2,1.6,-3.1,-0.7,-1.7,-2.2,-4.8,3.9,-6.5,-0.1,1.6,0.2,1.8,1.2,0.9,5.1,1.2,2.8,5,6.9,8.2,3,9.5,4.5,14,6.9
"61",2020-01-01,5.2,-2.4,-2.5,6.9,2.3,5,-0.3,6.8,2128699,164094,1697949,2371722,615284,5733181,730138,5425463,299912.6,28366,299957,457741,160867.7,96080,141482,605681,2972.86,2595.6,28698.6,45179,24988.2,9558,20023.2,5130.2,268862.7,29273,314208.8,439475,247723.6,89487,172745,562767,-0.8,-0.2,-5.1,-2.2,-5.8,-1.1,-5.2,0.3,16001.4,13012,126231.6,173906,72390,45628,60851,26682.1,37.9,70.1,101.3,59.8,136.8,48.4,101.3,36.4,18754,13844,141540,184245,80318.3,50520,56242,29819.2,0.7,1,1,0.8,0.9,2,1.2,1.2,0.4,0,-6.1,-2.1,-6.1,-1.2,-4.2,2.4,59.2,-3.1,-25.3,60.2,-5.2,77.2,-69.6,11.4,1.5,3.3,3.8,4.3,3.5,4.8,7.2,1.1,0.8,1.2,1.7,1.6,0.4,1.7,1.1,1.5,1.3,4.9,4.2,3.3,-2.1,-1.5,0,-3.1,0.5,1.8,2.1,2.5,0.9,1.9,2.1,2.3,4.7,6.8,8.2,3.2,9.7,4.1,13.8,7.4
"62",2020-04-01,9.6,-2.3,-4.3,4.3,1.4,4.2,0.4,6.1,2146050,165337,1685896,2383317,611279,5772694,718289,5166251,306860.4,27381,275344.7,449524,156877.6,110187,130954,618130,2930.8,2571.2,28390.6,44777,24591,9436,18922.5,5125.5,261194.1,28025,279058.9,402520,220859.1,82120,134317,547585,-5.9,-6.5,-12.3,-8.9,-12.3,-8.3,-17.8,-8.1,16496.6,14888,112998,178697,64918.7,42830,51311,29117.5,45.8,74.6,113.1,66,148.2,54,112.6,37.5,18890.4,14304,145384.6,186800,83154.3,52190,63445,30801.1,2.1,1,1.4,1.8,3,2.4,0,0.1,-3.9,-2.9,-16.4,-9.9,-15,-7.4,-15,-5.1,61.9,-5.7,-29.3,60.6,-2.8,80.1,-75.7,13,7,2.6,7.7,8.2,5.6,11.7,12.9,7.3,-0.1,-0.3,0.4,0.8,0.1,1,-0.7,-0.2,-11,-8.9,-8.5,-5.6,-9.9,-12.9,-17.1,-15.4,2.2,0.7,4.6,4.8,3.3,3.6,4.1,3.4,4.2,7.2,7.6,3.5,7.4,4.5,15.3,8.2
"63",2020-07-01,8.7,0.9,-2.5,6.4,5.8,6.2,0.5,5.2,2146351,165567,1671074,2392129,611943,5752711,717999,5177915,293209.4,27853,300055.8,467072,162942.2,93554,138950,610772,2979.7,2610.8,28673.7,44849,24845.3,9549,19624.1,5222.3,267836.9,30449,323370,452244,253950.7,89640,164456,562156,6,4.9,15.6,8.7,14.4,6.6,15.9,4.9,16481.8,14970,128117.8,186392,78658.7,40266,57743,27183.2,46.4,72.8,115.4,68.5,153.2,54.1,116.5,38.8,18802,13879,144961.1,190099,78523.2,51511,56488,31238.7,2.4,0.4,2,3,-2.5,2.4,1.2,2.2,0.2,0.4,-3.8,-1.9,-3.2,-2.9,-3.7,-0.6,57.9,-7.6,-30.3,61.2,-0.5,84.5,-77.9,9,2.4,-0.5,3.7,2.1,2.3,6.7,6.3,2.6,0.4,0.7,0.9,0,0.8,1.6,-0.7,0.7,-4.8,-6.3,-7.4,-6.4,-10.6,-10.2,-10.8,-11.4,1,2.5,1.2,1.1,1.5,2,2.3,1.4,6.4,8.2,8.6,3.8,10.3,5.5,16.2,9.6
"64",2020-10-01,5.5,5.2,0.7,7.5,5.1,6.8,2.4,5.3,2159396,163971,1693066,2449170,607461,5576582,722865,5006843,310407.8,27269,319654,519719,197273.7,106509,150480,612269,3000.06,2582.4,28818.3,45057,24895.8,9554,19698.2,5133.6,291773.3,30976,325499.1,454530,243686.7,87456,162106,578872,0,1,-0.1,1.1,-0.1,0.4,0.7,2,20267.4,15414,152786.3,197481,88005.1,44970,62893,34546.6,46.3,75.2,114.9,68,154.3,53.4,119.3,40.1,20840.8,15741,155561.7,207901,104231.2,55522,69378,35419.7,1.9,1.1,1.2,2.9,0.2,1.6,-0.8,1.7,0.6,1.8,-3.5,0.1,-3.6,-1.9,-4.6,0.4,60,-3.5,-32.3,64.2,-0.2,87.9,-83.7,7.4,2.2,-2.1,2.1,1.2,1.6,8.1,7.1,2.2,0.3,0.2,0.1,-0.5,-0.6,1.2,-0.9,0.4,-4.8,-5.3,-7.7,-6.6,-8.9,-9.4,-11.1,-9.3,0.8,1.3,1.8,1.4,1.6,1.2,2.3,1.3,5.9,8.2,8.3,3.9,10,5.3,16.3,8.8
"65",2021-01-01,6.7,-0.9,-1.2,8.2,2.3,13,-0.1,7.6,2248618,167393,1758300,2554855,625916,5721461,750307,5256331,306303.9,28431,306774.3,454561,163821.3,98522,141660,627871,2933.49,2562.4,28881.2,44589,24491,9469,19575.7,5044.7,268555.9,28770,316240,420863,238817,86089,163025,556711,0.9,-0.7,0.4,-1.1,1.8,0.8,1.2,2.5,17427.6,12921,138030,174497,86847.7,46405,58727,29333.1,44.9,76.3,117.7,68.8,157.6,53.8,124.2,40.2,19515.2,14558,150854.3,196126,84100.6,52667,59668,32555.7,2.4,1.5,0.7,1.4,1.1,3.6,0.4,3.1,1.8,-1.1,1,0.3,4.5,-0.2,-1.3,2.1,68,2,-32.3,66.4,1.3,75.1,-82.2,10.8,1.8,2.9,0.9,0.2,-1.5,4.5,5.1,3.4,0.4,1,0.8,1.6,0.7,1.6,0.4,1.9,-5.2,-3.8,-5.8,-2.2,-5.1,-5,-2,-0.3,0.2,-0.1,1.1,2.1,0.6,0.6,1.5,1.8,6.2,8.3,8.1,3.9,10.1,4.7,15.9,9
"66",2021-04-01,9.1,-0.3,-0.9,7.1,3.2,10.1,0.6,7.9,2359654,168177,1768568,2590575,633034,5750680,780049,5089979,326382.1,29807,316448.3,473510,183520.4,116355,149460,662212,3022.11,2682.8,29319,44888,25091,9660,19819.4,5168.5,296238.1,31399,319490.3,444300,255159.5,95873,170900,614175,4.1,1.6,1.3,2.5,2.3,3.9,1.4,0.8,20062.2,15626,147362.8,198012,95892,47851,62808,34648.9,44,75.2,114.3,68.3,153.4,52.9,121.2,38.4,20825.7,15511,156705.9,200952,86730.1,57651,67655,34553.2,5.6,2.4,1.6,3.8,1.7,4.4,2.4,3.5,8.2,2.8,14.3,11.6,16.9,9.2,14,10,65.8,-0.1,-33.4,66.1,3.3,75.4,-76.1,17,-4.9,1.4,-2.6,-6.1,-2.9,-5.5,-5,-3.5,1.5,2.2,1.6,2.1,1,1.7,2,2.8,8.9,10.4,8.6,7.6,9.8,9.5,21.3,13.2,0.3,0.6,-0.6,1.7,-0.7,-2.2,0.1,-0.7,5,8.5,8.2,3.8,10.2,4.5,15.7,9.1
"67",2021-07-01,9.3,2.8,0.4,6.2,3.3,9.3,1.4,5.8,2439720,174669,1794260,2665280,655917,5785088,786494,5459708,310553.5,30387,318381.4,490030,176904.7,98364,150811,656019,3082.86,2682.4,29667.9,45215,25336.2,9768,20464.3,5374,296142.9,32033,334517.7,478936,272505.4,99876,175485,615243,2.4,1.1,2.8,0,2.5,1.9,2,0.4,18717.6,15485,142989.5,198781,94705.1,42645,60470,31093,43.3,74.6,115.3,68.1,150.8,51,119.4,36.6,19856.4,15216,154631.5,201726,82420.5,55620,59614,33795.5,2.6,-0.2,3.3,4.2,1.1,5.6,2.1,2.6,3.5,0.3,1,1.8,5.1,4.6,1.2,2.9,64.4,0.6,-31.8,66.9,5.2,64.2,-75.1,22.4,-1.3,5.9,1.6,2,0.2,-1.7,2.4,1.2,1.7,1.8,1.5,3.1,1,1.4,2.9,1.8,12.1,9.8,12.3,11.2,18.9,15.2,20.7,17.6,0.6,-0.3,1,4.3,0.1,-0.9,1.5,-0.4,4.2,7.6,7.9,3.5,9.1,4.1,15.2,8.7
"68",2021-10-01,9.4,-0.4,2.6,6.3,-0.2,8,1,5.6,2442104,180349,1837905,2735811,650557,5790208,785745,5973772,334804.6,29481,344031.5,544931,213974.2,110558,162262,655343,3118.47,2671.2,29712.7,45518,25359.6,9860,20430.6,5284.5,326917.3,33055,354858.9,496740,271219,98589,184149,652309,2.6,0.8,0.6,0.6,1.5,0.2,2,2.2,21555.8,16718,160601.1,207915,105253.6,47524,67555,39868,40.5,73.1,112.8,68.1,145.7,50.5,115.7,36.7,22301.8,16423,163124.5,221381,108572.7,60433,72504,38074.9,0.2,0.2,1.1,2.7,0.1,3.7,1.2,1.3,6.2,-0.6,1.6,1.1,5.9,4.3,3.3,3.6,65.7,2.3,-33.5,70.3,6.3,70.9,-69.4,21,-2.6,4.7,2.9,2.4,-0.5,-3.6,0.4,0.1,3.2,2.8,3.2,4.6,3.2,3.7,5.4,3.3,22.6,15.6,20.2,18.1,25.3,29.9,39.3,20.2,1.3,0.6,0.8,4.4,1.1,0.2,1.4,1.1,4.8,6.7,7.5,3.3,9.1,3.9,13.9,8.4
"69",2022-01-01,7.8,-3.6,-1.9,6,-2.1,10,-1.4,5.8,2515809,181808,1870712,2775509,673691,5771480,812842,6259903,330834,30475,332833,488285,177841.6,105636,154278,659553,3105.8,2664,29818.1,45284,25057.5,9911,20390.4,5242.3,297132.3,30627,345201,486201,272715.6,101964,188792,608449,-2.5,-0.7,-0.2,0.2,0.8,0.9,1.3,-1.2,19473.8,14146,147410.8,194138,104014.6,49741,66302,31098.8,37,73,114.4,66.7,146.6,48.7,114.6,35.2,20419.7,15285,157912.1,212862,88970.6,56790,63293,32995.4,1,1,0.8,0.4,1.6,4,2.6,2.6,1,-0.8,1.4,2.1,5,2.1,3.1,-1,63,6.4,-31.3,71.6,5.3,72.2,-65.4,31.1,0.7,3.2,3.7,3.2,0.5,0,1.2,1.9,4.9,4.1,3.3,5.1,5.1,7.6,6.2,3.9,36.6,24.1,20.5,20.6,39.1,58.4,32.8,23.8,4.3,2.4,1.8,4.9,3.9,4.3,4.8,2.1,4.9,7,7.3,3.2,8.6,3.6,13.3,8
"70",2022-04-01,12.2,-8.2,-1.1,2.4,-1.6,3.1,0.4,4.4,2559419,180656,1900727,2869087,680604,5975327,827026,6487257,349897.8,31757,341257.7,502359,198440.6,123420,164291,705874,3165.67,2788,30131.9,45605,25719.2,10060,20661.9,5377.5,311236.5,34269,350013.3,510915,286748,109119,192464,689684,-0.1,0.4,0.4,0,1.4,2.6,1.7,1.1,21514.7,16606,155509.8,216743,111666.6,53507,72077,37218.2,35.8,73.1,112.8,66.5,143.9,48.6,113,34,20903.1,15593,162212.7,212460,90404,60948,70391,35357.3,1.8,1.4,1.7,1.8,2.3,3.1,1.9,0.5,-2.6,-2.1,1.2,-0.7,3.8,1.5,2.9,-2.1,58,4.4,-27.4,73.8,3.8,66.5,-61.6,34.6,4.9,4,3.9,4.9,1,0.3,2.4,4.3,7.4,5.8,5.4,7.8,6.3,11.2,8.3,6.6,45.8,29.7,27.1,34.5,40,83.1,33.3,33.2,7.7,5.1,4.3,8.5,6.7,8.5,10.3,6.7,4,6.2,7.5,3,8.1,3.2,13.2,7.8
"71",2022-07-01,15.9,-0.3,-2.7,2.4,-2.7,3.7,0.8,3.2,2679116,189493,1936671,2942619,704809,6026392,843670,6867471,330289.8,32591,337593.5,513564,184578.8,106108,162145,697105,3182.87,2788.8,30277.3,45776,25647.8,10099,21123.2,5551,303976.4,34244,358649,534394,301235.8,112116,196590,671542,0.7,-0.2,0.5,0.6,0.3,0,0.9,0.2,20278.3,17030,152950.5,221708,103950.2,47394,69865,32796.9,34.6,72.4,113,65.7,139.9,46.7,112.2,34.4,20477,16242,162145.7,211274,85889.7,59588,63673,34627.4,0.3,-1.2,2.7,-0.8,-1.1,0.7,1.7,-3.1,-2.6,-3.6,-0.7,0.1,2.4,0.3,2.7,-0.9,65.5,0.5,-25.5,73.4,4.1,59.9,-56.7,37.6,5.7,6.7,4.9,3.2,0.7,4.8,1.9,3.6,9.6,8,6.8,8.5,8.4,11.6,10.7,8.3,43.3,34.8,28.9,35.6,43.4,68.4,40.9,27,15.6,12,7.3,14.5,10.3,12.3,13.9,14,4.7,7.1,7.3,3,8,3.6,12.7,7.3
"72",2022-10-01,10.4,2.1,0.9,4.5,-0.6,9.8,1.4,5.4,2613106,193361,1942660,2846252,716643,5934550,832773,6977781,354630.5,31316,365365.5,577445,222736.5,119605,175148,693775,3186.95,2730.4,30184.3,46035,25777,10204,20918.9,5430.4,333298.9,35365,379861.6,543583,305814,114248,196651,707198,-1.1,-1,0.1,-0.5,-0.1,-0.1,0.6,-0.8,25956,17858,172150.7,225664,115463.6,52780,72138,39709.3,34.1,74,111.3,65,138.3,48.4,109.5,33.6,22143.9,17198,171008.5,233219,111143.6,64572,78454,37786.1,-2.4,-3.5,-0.6,-5.3,-0.1,-2.1,-0.8,-3.6,-4.7,-3.8,-1.2,-1.5,0.5,0.3,1.8,-3.6,51.1,0.1,-24.8,70,4.2,53.4,-57.7,34.8,8.6,7.1,6,6.1,1.4,5.2,3.4,6.7,11.4,8.4,7.1,11.6,12.6,16.8,7.3,9.8,53.2,27.4,20,43.5,71.7,99.7,7.9,27.6,16.5,15.9,13.2,19.9,13.8,14,15.8,18,4.5,6.4,7.2,3.1,7.9,3.7,13,7.8
"73",2023-01-01,7.2,-0.1,-3,6,-1.7,9.9,2.9,7.3,2648505,192340,1938038,2855794,723649,5957184,847886,7093406,347141.7,32526,354043.4,520999,188674.6,113565,168322,707316,3161.11,2700.8,30226.1,45712,25716.4,10155,20860.5,5348.5,319486.8,33010,377095.2,528837,301507.6,115972,204836,649815,2,0.6,-0.1,0.1,0.6,-0.2,0.7,0.7,20128.9,14161,158912.8,213014,119723.9,54922,69912,31717.9,33.7,73.6,111.9,64.5,137.1,46.8,109,32.4,20541.1,16447,164355.5,217757,89971.6,61598,67437,34057.3,-4.2,-1.9,-0.9,-2.6,0,-1.5,0.7,-0.8,-0.2,-0.7,0,-0.4,-0.2,-0.6,2.2,-0.1,49.9,4.3,-28.6,69.7,3.8,48.6,-57.7,35.1,3.2,5.7,5.1,5.9,3.3,6,4,5,8.4,7.9,7,9.2,10.7,8.4,5.9,9.6,16.3,21.3,16.4,25.1,42.8,-0.2,-8.1,14.7,14.9,16.3,14.4,20.5,12.6,17.7,15.5,20.9,4.3,7.1,7.1,3,7.9,3.6,13.1,7.1
"74",2023-04-01,11.8,-5.3,-0.5,3.9,-0.2,8.9,2.4,6.7,2623877,189680,1944113,2867809,728986,5982005,864745,7496808,368263.2,34010,361385.2,538096,207231.1,133904,179164,748779,3209.97,2839.2,30472.1,45981,26063.6,10235,21262.3,5454,325378.4,35846,377951,547169,306144,118246,205939,718007,-0.1,0.1,0.7,-0.2,-0.3,-0.2,0.2,-0.4,21753.3,16489,162241.5,228723,120649.3,57407,75736,35019.7,34.4,74.8,111.4,63.6,137.7,45.5,108.8,31.2,21764.2,18107,169349.9,219089,91638.3,66267,76061,35374.9,0.4,0.9,-0.5,-1.3,1.9,-1.2,2.1,0.6,-0.1,-2.4,-0.3,-1.3,-1.2,-2,-0.6,-2.3,54.6,8.4,-28.4,67.8,4.8,48.9,-54.5,46.4,3.7,7.2,5.1,7.4,4.2,9.3,6.8,6.9,5.6,6.3,6.9,7.6,8.6,5.8,3.8,7.7,-4.1,5.2,7.1,9.4,16.4,-22.2,-15.4,-2,13,14.9,15.9,18,12.2,16,12.8,18.3,5,7,7.3,2.9,7.9,3.4,12.1,7.1
"75",2023-07-01,9.2,1.6,-1.2,5.7,1.3,8.4,3.1,7.2,2645753,196227,1958385,2899572,732502,5953010,876733,7520727,346816.7,33790,352488.2,550313,193497.9,114057,177404,746932,3219.87,2801.6,30570.1,46080,26117.1,10231,21834.3,5598.7,311585.2,35282,386728.5,561808,313762,118931,207465,696871,1.6,-1.5,0.1,0.2,0,-0.4,0.7,0.2,21282.1,16699,156231.8,228762,113750,49428,72295,30238.7,34.3,74.8,111.5,63.8,135.5,44.5,107.4,30.2,20916.8,16748,166908,222715,87682.6,65679,68421,33830.4,1.8,-2.9,0.4,-1.4,-0.1,1.1,2.5,-0.4,0.9,-2.7,-0.4,-1.4,-1.8,-2,-1.6,-1.5,48.3,10.4,-26.2,68.3,5.2,50.6,-51.7,43.5,2.6,5,3.9,7.8,4.7,8.5,7.4,7.8,3.2,4.2,5.1,6.5,6.3,5.3,2.1,6.3,-17.5,-4.5,-3.3,3.9,0.6,-21.4,-24.2,-13.7,6.2,8.6,13.2,11.3,11,11.7,10.8,11.3,5.4,7.4,7.4,3,7.8,3.6,12,7.1
"76",2023-10-01,11.1,1.8,0.6,6.7,0.9,12.1,2.2,6.8,2609465,191134,1944043,2942917,738748,5642147,873217,7302842,367082.4,32080,381015.8,614160,234116.3,128067,190717,739086,3218.53,2724,30426.3,46269,26259.8,10310,21639.7,5445.6,343040,36110,404977.5,567814,308176.7,118032,212210,725515,1.2,-0.3,0.5,-0.4,0.2,0.2,0.7,-0.6,21797.5,16378,174405.8,229381,125809.7,52787,77375,38419.2,33.6,77.3,110,62.9,134.8,45.2,105.1,31.4,22190.7,18851,178030.6,245590,113391.4,70547,82402,38530.6,1.6,-1,-2.7,-2,0,1.7,-1,-2.3,3.9,-1.2,0.3,-0.9,-1.5,-1.5,-1.2,-1,51.3,12.8,-28.1,70.1,7.2,52.9,-51.3,38.5,-1.5,3.4,3.2,6.7,4.5,7.7,6.6,7.2,-0.4,2.4,4.5,3,1.8,-1,3.5,4,-27.6,-9.5,4.9,-6,-19.9,-40.2,-10.1,-18.4,3.5,4,7.8,6.5,6.7,7.9,9.3,7,6.2,7.5,7.5,3.1,7.8,3.6,12,8
"77",2024-01-01,8.5,-1.5,-0.9,7.8,0.1,9.7,3.2,6.9,2710232,189895,1953077,2981386,750813,5743123,898702,7597019,365905.7,32897,368732.4,554713,197319.7,122176,182663,745480,3188.2,2698.2,30445.5,45876,26108.6,10280,21459.7,5348.4,325190.4,34122,396521.1,548257,305087.2,120577,218646,676667,-0.1,0.5,0.1,0.2,0.3,-0.2,1,0.7,19479.1,14191,159016.5,210900,120325.3,55234,73335,31705.8,33.8,78.1,110.8,62.6,135.2,44,106.3,30.9,21085.2,17113,171929.6,230948,93388.7,68031,71054,36004.3,-2.6,-1.3,-2.2,-0.6,-0.2,2,2.7,0.5,1.4,-1.7,0.6,-1.1,-1.2,-1.7,-0.1,-0.3,42,19.7,-28.5,73.7,8.7,45.5,-49,50.9,2.9,2,2.8,7.1,4.1,8.4,5.5,5.6,0.9,1.1,3.4,3.1,0.9,3.1,3.5,3.4,-11.6,-13.3,1.9,-3,-20.7,-2.5,-2.4,-10.1,1.8,1.4,5.7,4.4,6,2.1,7.5,3.6,5.9,7.7,7.6,3.2,7.1,3.6,11.9,7.9
"78",2024-04-01,13.9,-2.3,-0.2,5.7,1.2,7.7,3.2,10.2,2729223,189522,1969723,3022070,751548,5676249,911924,7519053,389128.9,33886,376771.8,569904,218739.5,143284,192521,788350,3238.14,2801.7,30667,46086,26517.2,10352,21650.4,5440.6,333709.2,36196,388673.3,562202,308351.2,122080,219879,738483,1.4,0.1,0.3,-0.3,0.1,1,0.8,0.2,21895,14551,162121.8,228461,122460.1,58978,78457,35202.7,33.9,80.1,112.4,61.9,136.9,43.3,105.3,31.6,22581.5,18442,178152,234994,95803.5,72546,79092,36742.6,3.1,0.2,-0.2,1.5,3.2,2.6,3.6,1.4,4,0.4,0.1,-0.1,-1,-0.3,1.5,1.2,34.4,18.2,-22.8,75.8,11.7,41.6,-46.2,54.2,0.6,-0.2,3.5,5.6,4.5,6.6,3.7,4.2,0.5,0.6,2.4,2.4,0.9,2.6,3.4,2.4,-7.2,-8.1,3.7,-1.3,-12.2,3.3,5,-6.7,0.5,-0.9,1,1,2.7,0.5,4.8,0.2,6,8.3,7.3,3.4,6.7,3.7,11.6,8.4
"79",2024-07-01,15.1,3,0.7,4.9,1.5,8.9,3.7,6,2738452,193770,1971882,3035551,752986,5644959,909376,7433597,363259.5,33964,365708.9,581011,204137.5,121761,190579,776762,3241.41,2799.8,30731.2,46105,26724,10325,22257.6,5575.2,320214.7,36140,395690.6,578026,320771,123561,221298,716940,1.2,0.6,0.4,0.1,0,0.8,0.8,0.6,21047,15004,156706.8,229021,112356.8,51464,75002,31136.6,33.6,81.5,113.8,62.4,136.3,42.2,104.3,31.6,21948.4,17397,175059.8,237125,91788.9,71229,72500,36254.6,3.1,-0.7,1.6,0.7,0.7,3.7,2.8,0.7,2.8,1.3,1.2,0.1,-1.4,0.8,1.3,1.8,56.4,21,-25.1,76.9,12.7,55,-48.4,52.3,1.1,-1.1,2,5.2,4.8,5.4,3.6,2.5,1,0.5,2.7,2.6,1.6,3.5,2.9,1.7,3.4,-8.6,8.2,-1.9,-4,0,2.6,-5.8,0.6,-0.8,0.5,1.7,0.8,0.6,3,0.7,6,8.6,7.4,3.5,6.4,3.6,11.5,8.6
"80",2024-10-01,14.2,1.9,1.9,4.6,1.7,13.3,2,6.5,2853810,192946,2022660,3083308,768050,5672479,926386,7741883,387367.8,32372,392329,642424,245859.6,137757,204717,762749,3249.19,2701.2,30549.5,46261,26520.8,10397,22126.7,5415.5,352846.1,36636,412093.9,583276,317030.6,122913,229237,746547,1.8,0,-0.1,-0.2,0.1,0.4,0.8,0.8,25742,15671,174241,229568,126346.9,58121,84121,39453.7,NA,NA,NA,NA,NA,NA,NA,NA,23974.6,18920,184020,258260,119738.9,77253,85910,39483.5,0.2,0,-1,0.3,0.7,2.1,1.8,-0.3,2.9,1.7,0.5,-0.4,0,1,1,2.5,78.3,25.5,-20.3,81.3,15.3,59.6,-44,66,1.5,-0.2,2.1,4.8,3.7,5.7,3.6,1.2,1.6,1.5,1.6,2.4,1,3.3,1.8,1.6,3.1,-4.1,-1.9,-5.4,-9,-2.7,-4,-7.6,3.6,-0.3,0.7,2.6,2.4,1.5,1.7,1.6,5.9,8.9,7.4,3.4,6,3.7,10.9,8.4
"81",1995-01-01,NA,2.6,NA,-1.1,1.3,NA,-3.2,3.7,NA,NA,NA,NA,NA,NA,22135,NA,NA,10896,NA,234345,85630.7,NA,52135,195029,NA,1991.7,NA,37757,21442.7,NA,13711.6,4053.2,NA,12073,NA,252796,139935.3,NA,69634,217604,NA,-0.8,NA,-0.4,NA,NA,NA,1.4,NA,4266,NA,104699.3,42237.9,NA,24270.9,8764.2,NA,NA,NA,NA,NA,NA,NA,NA,NA,5240.1,NA,89261.9,35113.4,NA,18733.8,12617.4,NA,NA,NA,NA,NA,NA,NA,NA,NA,3.1,NA,1.9,NA,NA,NA,3.7,NA,NA,NA,NA,NA,NA,NA,NA,NA,0.6,NA,0.8,NA,NA,NA,-1.8,NA,NA,NA,NA,NA,NA,NA,NA,NA,NA,NA,NA,NA,NA,NA,NA,NA,NA,NA,NA,NA,NA,NA,NA,NA,NA,NA,NA,NA,NA,NA,NA
"82",1995-04-01,NA,3.7,NA,-1.1,2.7,NA,-1.5,3.8,NA,NA,NA,NA,NA,NA,22741,NA,NA,11869,NA,245510,94684,NA,55383,214652,NA,2092.5,NA,37900,21579.1,NA,13906.4,4211.9,NA,12749,NA,259812,142774,NA,68650,231505,NA,2.7,NA,0.8,0.3,NA,0.7,0.6,NA,4811.5,NA,121541.2,43991.2,NA,26470.3,9488.8,NA,NA,NA,NA,NA,NA,NA,NA,NA,5557,NA,93121.3,36532.4,NA,21568.5,12754.2,NA,NA,NA,NA,NA,NA,NA,NA,NA,3.8,NA,1.1,NA,NA,NA,2,NA,NA,NA,NA,NA,NA,NA,NA,NA,-0.2,NA,2.9,NA,NA,NA,0.9,NA,NA,NA,NA,NA,NA,NA,NA,NA,NA,NA,NA,NA,NA,NA,NA,NA,NA,NA,NA,NA,NA,NA,NA,NA,NA,NA,NA,NA,NA,NA,NA
"83",1995-07-01,NA,3.5,NA,-2.1,2.8,NA,-1.1,2.9,NA,NA,NA,NA,NA,NA,23581,NA,NA,12326,NA,254772,87265.8,NA,54279,209209,NA,2116.1,NA,38165,21921.4,NA,13926.1,4259.2,NA,12374,NA,264832,147023.2,NA,69046,223425,NA,-0.4,NA,0.2,-0.2,NA,0.4,0.3,NA,4988.1,NA,119336.9,42064,NA,25147.3,9184.1,NA,NA,NA,NA,NA,NA,NA,NA,NA,5827.9,NA,96155.9,35306.3,NA,19231.4,12534.5,NA,NA,NA,NA,NA,NA,NA,NA,NA,1.6,NA,0.9,NA,NA,NA,1.8,NA,NA,NA,NA,NA,NA,NA,NA,NA,3.8,NA,3.1,NA,NA,NA,-0.4,NA,NA,NA,NA,NA,NA,NA,NA,NA,NA,NA,NA,NA,NA,NA,NA,NA,NA,NA,NA,NA,NA,NA,NA,NA,NA,NA,NA,NA,NA,NA,NA
"84",1995-10-01,NA,5.9,NA,0.2,1.7,NA,0.9,2.3,NA,NA,NA,NA,NA,NA,24559,489000,NA,12266,NA,289858,112884.7,NA,57994,217695,NA,2034.5,NA,38361,21738.9,NA,13888.3,4185.5,NA,13019,NA,277571,147575.2,NA,73447,243050,NA,0.1,NA,0,0.9,NA,0.8,1,NA,5749.4,NA,119901.8,50518.3,NA,27022.1,12628.8,NA,NA,NA,NA,NA,NA,61.6,NA,NA,5863.3,NA,110942.4,50516.2,NA,23083.5,14172.9,NA,NA,NA,NA,NA,NA,NA,NA,NA,0.4,NA,0.5,NA,NA,NA,2.3,NA,NA,NA,NA,NA,NA,-20.5,-32.9,NA,2.5,NA,2.7,NA,NA,NA,0.8,NA,NA,NA,NA,NA,NA,NA,NA,NA,NA,NA,NA,NA,NA,NA,NA,NA,NA,NA,NA,NA,NA,NA,NA,NA,NA,NA,NA,NA,NA,NA,NA
"85",1996-01-01,NA,1.6,NA,-0.6,2,NA,-2.9,4.7,NA,NA,NA,NA,NA,NA,26542,NA,NA,11862,NA,239598,90867.4,NA,54332,209719,NA,2012.9,NA,37779,21543.2,NA,13808.7,4058.9,NA,12254,NA,261059,149589.8,NA,73108,224811,NA,1.8,NA,-0.7,0.5,NA,0.6,0.8,NA,4682.2,NA,97477.5,46510.9,NA,26965,10201,NA,NA,NA,NA,NA,NA,62.7,67.5,NA,5513,NA,92951.6,38453.6,NA,20511.9,13973.6,NA,NA,NA,NA,NA,NA,NA,NA,NA,3.2,NA,0,NA,NA,1.7,2.5,NA,NA,NA,NA,NA,NA,-21.3,NA,NA,4.6,NA,2.4,5.2,NA,1.8,4.7,NA,NA,NA,NA,NA,NA,NA,NA,NA,NA,NA,NA,NA,NA,NA,NA,NA,NA,NA,NA,NA,NA,NA,NA,NA,NA,NA,NA,NA,NA,NA,NA
"86",1996-04-01,NA,4.3,NA,-1.1,3,NA,-1.3,3.4,NA,NA,NA,NA,NA,NA,26585,NA,NA,12265,NA,247593,100890.3,NA,58150,228999,NA,2118.1,NA,37989,21721.8,NA,13990.6,4177,NA,13153,NA,265256,151170.1,NA,72177,236590,NA,0.8,NA,1.4,0.2,NA,0.7,-0.9,NA,5052.4,NA,118689.9,53682,NA,27576.8,11560.4,NA,NA,NA,NA,NA,NA,62.5,65.3,NA,5641.8,NA,93612,44318.7,NA,23276.2,15136.4,NA,NA,NA,NA,NA,NA,NA,NA,NA,0.6,NA,0.6,NA,NA,1.5,2,NA,NA,NA,NA,NA,NA,-22.5,NA,NA,1.4,NA,0.2,4.8,NA,2.4,5.4,NA,NA,NA,NA,NA,NA,NA,NA,NA,NA,NA,NA,NA,NA,NA,NA,NA,NA,NA,NA,NA,NA,NA,NA,NA,NA,NA,NA,NA,NA,NA,NA
"87",1996-07-01,NA,4.1,NA,-1.5,4.2,NA,0.3,2.8,NA,NA,NA,NA,NA,NA,28056,NA,NA,12635,NA,256676,94857.5,NA,57690,224090,NA,2152.1,NA,38199,22106.8,NA,14181.1,4215.3,NA,13124,NA,270457,153184.2,NA,73072,231969,NA,0.5,NA,0.3,0.2,NA,0.8,0.7,NA,5488.4,NA,119282.5,48580.6,NA,26524.2,10796.2,NA,NA,NA,NA,NA,NA,62.9,66,NA,5967.8,NA,96845.8,41841.8,NA,20348.4,14734.4,NA,NA,NA,NA,NA,NA,NA,NA,NA,1.3,NA,1.5,NA,NA,1.3,3.1,NA,NA,NA,NA,NA,NA,-21.9,NA,NA,-0.6,NA,-0.7,7,NA,2.6,5,NA,NA,NA,NA,NA,NA,NA,NA,NA,NA,NA,NA,NA,NA,NA,NA,NA,NA,NA,NA,NA,NA,NA,NA,NA,NA,NA,NA,NA,NA,NA,NA
"88",1996-10-01,NA,4.9,NA,1.2,2.2,NA,0.8,2.3,NA,NA,NA,NA,NA,NA,30741,506000,NA,12593,NA,290121,119533.2,NA,62223,224073,NA,2090.9,NA,38281,21839.8,NA,14253.2,4122,NA,14084,NA,283093,153427,NA,77346,251565,NA,2,NA,0.9,-0.3,NA,0.5,0.9,NA,6135.3,NA,117340.8,55133.6,NA,28732.3,13539.5,NA,NA,NA,NA,NA,NA,65.4,69.3,NA,5953.4,NA,109212.5,58912.2,NA,24099.2,15501.7,NA,NA,NA,NA,NA,NA,NA,NA,NA,2.6,NA,1.8,NA,NA,0.2,2.6,NA,NA,NA,NA,NA,NA,-23.1,-36.7,NA,-3,NA,-1.3,5.4,NA,3.9,1.8,NA,NA,NA,NA,NA,NA,NA,NA,NA,NA,NA,NA,NA,NA,NA,NA,NA,NA,NA,NA,NA,NA,NA,NA,NA,NA,NA,NA,NA,NA,NA,NA
"89",1997-01-01,NA,2,NA,-1.6,2.1,NA,-3.3,4.2,NA,NA,NA,NA,NA,NA,34700,NA,NA,12312,NA,241067,95482.4,NA,58717,218721,NA,2075.7,NA,37662,21632.8,NA,14302.1,3978.4,NA,12828,NA,264513,155084.8,NA,77558,232774,NA,1.2,NA,-0.5,0.3,NA,1,0.6,NA,5161.3,NA,95424.5,49578.8,NA,27203.1,10053.7,NA,NA,NA,NA,NA,NA,64.5,66.1,NA,5765,NA,91963.7,42464,NA,20427.3,14304.3,NA,NA,NA,NA,NA,NA,NA,NA,NA,-0.7,NA,0.9,-0.9,NA,-1,0.9,NA,NA,NA,NA,NA,NA,-24.3,NA,NA,0.8,NA,0.2,5.5,NA,3.6,5.4,NA,0.9,NA,1.9,2.7,NA,2.8,1.4,NA,3.8,NA,5.4,1.7,NA,4.6,6.2,NA,1,NA,1.6,1.9,NA,1.3,0.6,NA,13.5,NA,9.5,11.2,NA,18.8,10
"90",1997-04-01,NA,4.4,NA,-0.5,2.6,NA,-0.4,3.8,NA,NA,NA,NA,NA,NA,37400,NA,NA,12828,NA,249412,106542.4,NA,62902,238189,NA,2206.5,NA,37904,21802.6,NA,14533.3,4107,NA,14137,NA,271583,159593.1,NA,75011,251262,NA,1.6,NA,1.1,1.6,NA,0.9,1.5,NA,5784.5,NA,116351.9,55413.8,NA,29053,12067.7,NA,NA,NA,NA,NA,NA,65.1,66.8,NA,5904.7,NA,92666.3,47219.3,NA,23395.4,14738.5,NA,NA,NA,NA,NA,NA,NA,NA,NA,1.7,NA,3.2,1.7,NA,-0.6,6.7,NA,NA,NA,NA,NA,NA,-27.4,NA,NA,-1.5,NA,-1.9,3.4,NA,3.2,-0.8,NA,0.9,NA,1.2,1.9,NA,1.6,1.2,NA,1.5,NA,2.1,0.5,NA,1.4,3.4,NA,-0.4,NA,-0.1,0.1,NA,-1.2,-1,NA,13.2,NA,9.7,11.4,NA,18.6,10.2
"91",1997-07-01,NA,6.5,NA,-1.1,3.5,NA,0.5,4.3,NA,NA,NA,NA,NA,NA,41718,NA,NA,13589,NA,256813,99494.7,NA,62483,235256,NA,2208.1,NA,38239,22149.9,NA,14694.9,4178.8,NA,13749,NA,276369,162838.5,NA,75856,240909,NA,2.4,NA,0.4,0.5,NA,1.1,0.7,NA,6053.3,NA,114542.4,50934.2,NA,27771.1,10591,NA,NA,NA,NA,NA,NA,65,65.1,NA,6109.8,NA,93009.9,44841,NA,20484.7,15091.2,NA,NA,NA,NA,NA,NA,NA,NA,NA,4.7,NA,1.9,1.9,NA,0,4.8,NA,NA,NA,NA,NA,NA,-28.5,NA,NA,-0.3,NA,-1.8,2.6,NA,2.8,1.1,NA,1.1,NA,1.6,1.7,NA,1.5,1.5,NA,1.4,NA,3,3.6,NA,1.7,6.3,NA,-0.3,NA,0.8,-1.3,NA,-2,-0.7,NA,12.5,NA,9.7,11,NA,18.6,10.1
"92",1997-10-01,NA,7.1,NA,1.7,2.2,NA,0.3,3.2,NA,NA,NA,NA,NA,NA,45958,784771,NA,13288,NA,291298,124145.8,NA,67606,234350,NA,2168.1,NA,38373,21932,NA,14805.7,4095.6,NA,14789,NA,289589,163661.6,NA,84137,263709,NA,3,NA,0.7,1.5,NA,1.4,1.6,NA,6917.5,NA,115715.2,59930.8,NA,31208.5,13936.4,NA,NA,NA,NA,NA,NA,64.3,66.9,NA,6096.3,NA,105266.7,60354.2,NA,23920.2,15712,NA,NA,NA,NA,NA,NA,NA,NA,NA,5.5,NA,1.6,3.5,NA,0.8,5.2,NA,NA,NA,NA,NA,NA,-27.6,-38,NA,-3.8,NA,-1.3,0,NA,2.1,0.2,NA,1.7,NA,1.5,1.9,NA,1.8,2.7,NA,0.5,NA,1.5,2.4,NA,1.5,3.4,NA,1.7,NA,1.9,-0.7,NA,-1,1.4,NA,12.1,NA,9.7,11.3,NA,18,9.4
"93",1998-01-01,NA,3.9,NA,-1,0.6,NA,-4.1,4,NA,NA,NA,NA,NA,NA,49652,NA,NA,13299,NA,243451,95064.7,NA,63060,218394,NA,2148.2,NA,37869,21815.7,NA,14896.5,4018.1,NA,13795,NA,269727,165610,NA,81740,241451,NA,-0.8,NA,1,-0.5,NA,0.8,0.5,NA,5773.3,NA,102039,53171.6,NA,29976.9,11088.8,NA,NA,NA,NA,NA,NA,65.2,65.8,NA,5855.6,NA,90968.6,43338.2,NA,21341,15015,NA,NA,NA,NA,NA,NA,NA,NA,NA,3.7,NA,3.6,2.5,NA,0.8,4.1,NA,NA,NA,NA,NA,NA,-33.9,NA,NA,-0.3,NA,-3,-3.8,NA,1.6,-5.2,NA,1.8,NA,0.7,1.9,NA,1.9,2.1,NA,0.5,NA,-2.4,0.2,NA,-1,2.8,NA,1.7,NA,1.7,0.3,NA,0.6,0.8,NA,11.8,NA,9.7,11.1,NA,17.1,8.8
"94",1998-04-01,NA,4.3,NA,-0.4,2.5,NA,-0.7,3,NA,NA,NA,NA,NA,NA,50730,NA,NA,13819,NA,254827,106165.5,NA,67889,235748,NA,2239,NA,38280,21989.6,NA,15156,4159.2,NA,14895,NA,274497,167913.9,NA,80286,258750,NA,2,NA,-0.5,0.6,NA,1.1,1.1,NA,6229.7,NA,115587.8,58771.9,NA,31503.7,13160.2,NA,NA,NA,NA,NA,NA,65.1,64.9,NA,6092.9,NA,92699.6,48075.5,NA,24258.6,15754.4,NA,NA,NA,NA,NA,NA,NA,NA,NA,4.4,NA,-0.3,1.1,NA,0.1,1.8,NA,NA,NA,NA,NA,NA,-34.7,NA,NA,0.3,NA,1.5,-2.4,NA,2.8,-4.1,NA,1.7,NA,0.9,2.2,NA,1.9,1.4,NA,0.4,NA,-1.5,-0.7,NA,-1.8,1.9,NA,1.6,NA,1.4,0.6,NA,1.3,1,NA,11.7,NA,9.6,11.5,NA,16.6,8.7
"95",1998-07-01,NA,5.9,NA,-1.6,2.7,NA,-0.2,4.1,NA,NA,NA,NA,NA,NA,53034,NA,NA,14613,NA,263643,98273.2,NA,67148,236148,NA,2260.2,NA,38784,22393.3,NA,15384.4,4263,NA,14723,NA,281543,170611.3,NA,80697,249909,NA,1.4,NA,0.5,0.1,NA,1,1,NA,7024.3,NA,118275.3,53310.7,NA,31512.6,11244.1,NA,NA,NA,NA,NA,NA,64.8,65.8,NA,6316.4,NA,94836,44839.1,NA,21416.9,15234.4,NA,NA,NA,NA,NA,NA,NA,NA,NA,2.9,NA,0.4,0.9,NA,-0.3,2.5,NA,NA,NA,NA,NA,NA,-31.8,NA,NA,1.1,NA,0.7,-2.9,NA,2.6,-4.1,NA,1.1,NA,0.8,2,NA,2.3,1.3,NA,-0.6,NA,-1.9,-1.2,NA,-3,-0.1,NA,2.2,NA,0.9,1.3,NA,2.3,1.1,NA,11.5,NA,9.4,11.3,NA,16.6,8.3
"96",1998-10-01,NA,6.3,NA,0.9,0.8,NA,-1.7,3.3,NA,NA,NA,NA,153491,NA,56851,977951,NA,14372,NA,298947,124569.4,NA,72358,238585,NA,2183.8,NA,39066,22232.2,NA,15453.9,4193.8,NA,15720,NA,296696,170922.5,NA,88995,275607,NA,0.9,NA,0,-0.3,NA,1,1.2,NA,7570.7,NA,120126.7,61730.3,NA,35756.6,14127.4,NA,NA,NA,NA,NA,NA,62.4,66.1,NA,6370,NA,108645.4,63781.8,NA,25809.3,15275.1,NA,NA,NA,NA,NA,NA,NA,NA,NA,2.9,NA,-0.1,-1.3,NA,-0.7,1.8,NA,NA,NA,NA,-9,NA,-36.1,-34.6,NA,3.5,NA,0.8,0.6,NA,3,-2.5,NA,1.1,NA,0.4,1.9,NA,1.5,0.1,NA,-2,NA,-4.9,-2.2,NA,-5.7,-1.5,NA,1.5,NA,0,1.5,NA,1.3,1.4,NA,10.9,NA,9.1,11.5,NA,16,7.4
"97",1999-01-01,NA,2.9,2.8,-1.7,0.4,NA,-4.3,3.8,NA,35324.8,242841,NA,180165,NA,63279,1091442,NA,14042,170053,250047,97248.6,NA,67856,233155,NA,2185.9,24711.2,38565,22054.6,NA,15573.1,4119.5,NA,14507,183467.5,279960,171431.1,NA,87540,254430,NA,1.6,0.7,1.2,0.5,NA,1,0.9,NA,6407,66804.8,104517,56723.4,NA,34222,11815.7,NA,NA,NA,NA,NA,NA,62,62.9,NA,6128,78881.3,96169,46138.8,NA,23218,15444.2,NA,NA,NA,NA,NA,NA,NA,NA,NA,4.6,0.1,-0.5,-0.2,NA,-0.2,1.4,NA,-92.9,4.6,NA,-3.3,NA,-34.8,-40.4,NA,-0.9,1.5,1.3,1.7,NA,2.3,2.7,NA,0.5,0.3,0.3,1.4,NA,1.4,0.1,NA,-3.7,-5.5,-3.9,-4.5,NA,-5.2,-3.8,NA,0.9,1.1,-0.5,1.3,NA,0.6,3.3,NA,10.7,10.7,8.9,11.1,NA,14.8,7.3
"98",1999-04-01,NA,4.3,3.8,-0.7,1.2,NA,-2.7,4.1,NA,35620.2,298898,NA,181539,NA,89423,1091442,NA,14620,175296.3,262851,109910.9,NA,72647,250824,NA,2294.7,24982.4,38794,22298.3,NA,15874.4,4260.5,NA,15667,182697.7,286391,174860.5,NA,86063,272027,NA,0.5,0.6,-0.1,0.4,NA,1.1,0.5,NA,6967,70231,120837,62078.2,NA,36676,13597.2,NA,NA,NA,NA,NA,NA,61.4,62.6,NA,6343,79585.8,97616,48480.7,NA,26269,16147.2,NA,NA,NA,NA,NA,NA,NA,NA,NA,2.3,0.5,0.6,-0.6,NA,-0.3,1.8,NA,-100.7,6,NA,-5.9,NA,-33.4,-23.9,NA,0.6,1.3,1.1,2.3,NA,1.8,2.1,NA,1.3,0.5,0.8,1.3,NA,2.3,0.3,NA,2.1,-2.2,3.1,-1.5,NA,-0.5,-2.4,NA,0.8,0.7,-0.1,1.4,NA,2.3,2.5,NA,10.4,10.8,8.7,11.1,NA,13.6,6.9
"99",1999-07-01,NA,6,4.2,-2.4,1.8,NA,-2.5,3.8,NA,37152,311511,NA,188337,NA,96241,1091442,NA,15532,175226.2,271294,102590.9,NA,71872,250403,NA,2297.9,25239.6,39399,22641.8,NA,16080.2,4337.4,NA,15506,183067.1,291251,178879.3,NA,87011,263849,NA,0.5,1.5,1.3,1,NA,1.4,1.3,NA,7401,70332.4,123207,56091.9,NA,35751,12835.6,NA,NA,NA,NA,NA,NA,60.2,60.9,NA,6330,78884.4,100618,45750.5,NA,22709,16315,NA,NA,NA,NA,NA,NA,NA,NA,NA,1.8,1.2,0.8,0.2,NA,0.1,2.4,NA,-100.2,7,NA,-4.7,NA,-32.5,-19.1,NA,2,0.5,0.4,2.3,NA,1.4,1.8,NA,1.4,0.4,0.5,1.7,NA,2.1,0.2,NA,4.5,0.5,5.5,1.3,NA,4.9,-0.3,NA,-0.4,-0.7,-1.7,0.7,NA,0.6,0.4,NA,10.2,10.5,8.5,11,NA,13.5,6.6
"100",1999-10-01,NA,7.3,2.8,0.1,-0.1,NA,-3.2,3.9,NA,41679.1,350371,458290,196318,NA,111734,1153194,NA,15270,188742.8,306642,129378.2,NA,78013,250803,NA,2234.7,25295.4,39743,22453.9,NA,16134.7,4262.8,NA,16304,199272.5,307297,180259.7,NA,94415,296059,NA,0.8,1.4,0.5,1.5,NA,1.1,1.4,NA,7710,74098.8,125745,64991.3,NA,40618,16251.6,NA,NA,NA,NA,NA,NA,60.9,60.7,NA,6912,81790.5,113192,67012.9,NA,27361,17326.8,NA,NA,NA,NA,NA,NA,NA,NA,NA,0.7,1.9,1.1,2.6,NA,-0.2,2.7,NA,-181.2,0.9,3.1,-4.6,NA,-34.8,-32.3,NA,2.4,0.1,-0.4,-0.2,NA,2.5,0.5,NA,1.6,0.8,0.9,2,NA,2.4,1,NA,7.2,4.3,8.5,5.1,NA,7.8,2,NA,-0.3,0.5,-1.5,0.6,NA,1.4,1.6,NA,10.1,10.1,8.4,10.7,NA,13.2,6.4
"101",2000-01-01,NA,7.4,0.5,-0.7,-0.2,NA,-5.9,4.2,NA,50686.8,361910,NA,200307,NA,121137,1165155,NA,15047,179361.9,261618,102740.4,NA,73950,258107,NA,2215.9,25340.3,39527,22351.4,NA,16378.8,4208.4,NA,15491,195339.5,289084,181631.9,NA,97167,276020,NA,3,1,1.6,1.2,NA,1.6,0.4,NA,6802,73286.5,110370,63858.7,NA,39729,13525.3,NA,48.6,60.4,60.4,112.7,NA,59.7,57.4,NA,6390,82524.7,98998,48981.7,NA,24769,16678.5,NA,NA,NA,NA,NA,NA,NA,NA,NA,4.5,2.5,1.6,3.4,NA,0.8,2.1,NA,-195.1,0.3,NA,-4.6,NA,-38,-45.7,NA,0.6,0.1,0.2,0.3,NA,2.2,6.1,NA,2.3,1.7,1.7,2.2,NA,2.9,1,NA,11.2,11.2,14.7,9.5,NA,11.8,5,NA,-0.7,0.7,-1.4,0.4,NA,2.1,-0.3,NA,10.1,9.8,8.2,10.6,NA,12.8,6.2
"102",2000-04-01,NA,3.5,1.7,-1.4,-0.9,NA,-3.6,3.1,NA,50420.1,389117,NA,203207,NA,131886,1238323,NA,15775,184989.6,273194,113445.2,NA,79425,275454,NA,2325.1,25623,39881,22670.4,NA,16708.5,4368.9,NA,16483,195762.6,296178,186101.9,NA,93725,294715,NA,0.8,1.1,0.8,0.7,NA,1.3,2.7,NA,7593,75005.3,123977,68649.5,NA,41910,16221.2,NA,46.7,60.4,59.8,112.6,NA,58.9,52.4,NA,6669,83085.3,98894,51198.7,NA,27644,17739.2,NA,NA,NA,NA,NA,NA,NA,NA,NA,3.8,1.6,1.1,2.5,NA,0.2,2.9,NA,-186.1,-0.8,NA,-4.7,NA,-35.8,-33.1,NA,2,1,-0.2,-0.8,NA,2.9,3.8,NA,2.5,1.3,1,2.4,NA,3,1,NA,9,10.3,8.8,9.8,NA,13.9,5.4,NA,0.4,1.6,-1.4,1.1,NA,1.5,0.3,NA,10,9.4,8,10.3,NA,12,5.9
"103",2000-07-01,NA,10.3,1.5,-3.3,0.7,NA,-3.5,3.4,NA,63930.6,468915,NA,209050,NA,154653,1311760,NA,16415,184807.6,282246,106716.3,NA,78583,275667,NA,2367.1,25892,40188,23110.5,NA,16886.8,4438.1,NA,16135,193352.4,301893,189228.1,NA,94112,283714,NA,1.6,0.8,0.1,0.9,NA,1,1,NA,8270,75733.3,125307,61838.4,NA,40653,14372.9,NA,47.2,59.9,60,111.2,NA,58.2,50.7,NA,6672,82157.6,100724,50161,NA,25331,17460.3,NA,NA,NA,NA,NA,NA,NA,NA,NA,3,1.1,0.4,1.5,NA,-0.2,2.9,NA,-154.5,2.4,NA,-5.2,NA,-37.1,-34,NA,-0.8,1.4,1.4,0.9,NA,3.7,4.3,NA,2.9,1.9,1.3,2.8,NA,3.7,1.3,NA,12.2,13.4,12.6,13,NA,12.9,6.8,NA,0.5,2.6,0.1,1.8,NA,3,0.9,NA,9.6,9.1,7.9,10,NA,11.9,5.6
"104",2000-10-01,NA,8.9,0.8,-0.6,-0.7,NA,-4,4.9,NA,68760.8,537134,590738,215103,NA,157385,1463795,NA,16062,199495.2,317574,133793.6,NA,84205,276039,NA,2291.1,25902.8,40306,23099,NA,16939.1,4375.6,NA,17099,208959.4,314659,189951.7,NA,101190,308358,NA,1.1,0.6,-0.4,1,NA,1.1,0.1,NA,8795,83666.5,127675,69859.9,NA,45899,17879.5,NA,45.1,59.7,59.2,108.7,NA,57.8,50.4,NA,7199,84763.5,115350,71513.6,NA,29972,17947.2,NA,NA,NA,NA,NA,NA,NA,NA,NA,3.1,1.2,-0.3,0.1,NA,-0.4,0.8,NA,-155.8,2.2,1.6,-6.4,NA,-34.9,-32.8,NA,-1,1.7,2.3,0.8,NA,2.8,6.1,NA,3.4,2.1,1.5,2.7,NA,4,1.3,NA,12.1,11.7,15.5,11.9,NA,13.8,7,NA,1.4,3.2,0.5,2.3,NA,3.4,0.6,NA,9.5,8.8,7.8,9.6,NA,11.7,5.2
"105",2001-01-01,NA,8.9,1.9,-0.8,-0.3,NA,-6.1,4.9,NA,72485.9,532910,NA,224635,NA,165212,1453011,NA,16186,188021.3,268272,108355.2,NA,79274,275590,NA,2260.4,25885.3,39604,22940.5,NA,17044.7,4346.1,NA,16074,204284,299094,190102.8,NA,104026,285995,NA,0.5,0.6,2.2,0.8,NA,1,0.2,NA,7567,77731.9,110246,67662.2,NA,43670,13832.5,NA,44.8,58.8,58.2,110,NA,56.5,50.9,NA,6748,84929,100223,53601.3,NA,26337,16202,NA,NA,NA,NA,NA,NA,NA,NA,NA,2.2,0.8,2.1,0.8,NA,0.3,0.8,NA,-90.5,4.6,NA,-7.3,NA,-37.6,-43.9,NA,2.8,1.5,0.3,2.1,NA,2.3,2.2,NA,2.9,1.3,1.3,2.5,NA,2.9,1.6,NA,2.3,1.4,9.3,9.2,NA,6.6,6.4,NA,3.7,3.6,2,3.1,NA,4.1,1.2,NA,9.4,8.6,7.7,9.4,NA,10.8,6.1
"106",2001-04-01,NA,4.1,0.3,-1.1,-0.7,NA,-4,3.5,NA,68083.3,554598,NA,227401,NA,177700,1520823,NA,16733,193983.9,278214,118938.4,NA,84380,297370,NA,2365.6,26053.9,39806,23072.4,NA,17266.9,4452.3,NA,17485,205052.4,304226,193236.2,NA,101541,303969,NA,0.1,0,-0.3,-0.1,NA,0.8,-0.6,NA,8145,78757.7,121567,72326.3,NA,45630,15477.6,NA,44.2,59.7,57.6,110.1,NA,56,51.2,NA,7179,85426.7,100566,56245.1,NA,29819,17310.2,NA,NA,NA,NA,NA,NA,NA,NA,NA,1.8,0.2,1.6,1,NA,0.4,-1.1,NA,-86.5,6,NA,-6.3,NA,-37.3,-36.1,NA,2.2,2.7,0.4,1.8,NA,2.2,6.6,NA,2.9,2,2.2,3,NA,3.6,2.9,NA,2.7,1.5,12.3,6.6,NA,3.5,10.4,NA,3.2,5.5,5,3.6,NA,5.2,3.2,NA,9.2,8.5,7.6,9.2,NA,10.4,5.8
"107",2001-07-01,NA,8.3,2.3,-0.9,0.8,NA,-3.4,5.2,NA,66154.9,586946,NA,227697,NA,176872,1588635,NA,17187,192649.1,284795,112693.3,NA,83457,294508,NA,2393.6,26184.8,39957,23533.9,NA,17412.5,4535.6,NA,17154,201189.5,310222,194606.2,NA,101976,291671,NA,0.7,0.5,0,-0.4,NA,1,0.8,NA,8712,77498.3,120401,63446.3,NA,43622,13429.2,NA,43,59.9,57.9,108.2,NA,55.1,51.5,NA,7161,84470.9,102580,53118.8,NA,26641,15866.6,NA,NA,NA,NA,NA,NA,NA,NA,NA,1.3,0.7,2,-0.4,NA,0.7,-1.6,NA,-60.8,10.8,NA,-6.5,NA,-36.8,-30.9,NA,1.7,2.2,-0.4,3.7,NA,1.8,5.9,NA,2.6,2.2,2.1,2.3,NA,2.4,2.8,NA,-1.3,-0.7,5.9,0.6,NA,-0.1,6.6,NA,5.6,7.6,6.7,4.9,NA,6.3,4.3,NA,8.8,8.4,7.8,9.1,NA,10.5,6
"108",2001-10-01,NA,10.9,1.8,2.1,0.7,NA,-3.9,5.2,NA,71175.1,607150,710710,228781,NA,179457,1731786,NA,16787,206989.2,321028,141287.2,NA,89785,293489,NA,2322.4,26111.6,40094,23425,NA,17419.9,4416.9,NA,18050,217955.5,325249,193628.7,NA,108145,315411,NA,-0.3,-0.4,-0.3,-0.1,NA,0.6,0.5,NA,8660,85189.4,120777,73887.1,NA,48631,17239.8,NA,43.4,59.3,58.1,108.5,NA,54.1,52,NA,7726,87462.1,119283,78801.8,NA,32685,17404.9,NA,NA,NA,NA,NA,NA,NA,NA,NA,-0.7,0.2,2,-0.8,NA,0.9,-0.8,NA,-91.9,8.1,6.5,-4.9,NA,-38.5,-23,NA,3.4,2.5,-0.2,4.3,NA,2.5,5.6,NA,2.4,1.8,1.6,2.3,NA,2.5,3,NA,-5.7,-4.3,-0.8,-3.6,NA,-6.4,3.2,NA,6.2,6.4,6.4,4.6,NA,5.5,5.9,NA,9,8.4,8,8.9,NA,10.5,6.3
"109",2002-01-01,NA,8.3,1.7,1.5,-0.4,NA,-5.1,5.8,NA,73957,560099,NA,222367,NA,179515,1659222,NA,16551,196248.7,270597,113957.7,NA,83991,288695,NA,2292.8,26056.2,39511,23421.6,NA,17440.4,4358.7,NA,16718,210878.2,301308,194321.8,NA,110013,296206,NA,0.7,0.6,-0.4,0.1,NA,0.5,0.8,NA,7216,76799.3,99691,70815.4,NA,46291,13423.1,NA,41.3,59.7,59.1,110.8,NA,53.2,48.9,NA,7311,88718.9,102845,56407.3,NA,28225,17168,NA,NA,NA,NA,NA,NA,NA,NA,NA,-1.1,-0.3,-1.6,-2.8,NA,0.3,0.5,NA,-77.9,4.9,NA,-4.6,NA,-39.8,-17.3,NA,1.8,3.9,2.8,5.4,NA,3.1,3.8,NA,2.9,2.4,2,2.3,NA,3.1,2.9,NA,-2,-2.5,0.5,-5.2,NA,-2.9,3.1,NA,8.1,7,6.5,5.1,NA,4.7,8.3,NA,9.4,8.2,8.1,8.6,NA,11.1,5.9
"110",2002-04-01,NA,5.1,0.2,1.3,-1.3,NA,-3.1,5.3,NA,73325.7,556959,NA,215821,NA,179364,1662088,NA,17339,202346.4,280013,124834.4,NA,90063,306245,NA,2394.4,26190.3,39669,23523.4,NA,17729.1,4461.1,NA,18288,210612.2,306636,197436.1,NA,107724,314425,NA,0.9,0.5,0.4,0.3,NA,0.8,1.1,NA,8051,79204.8,114294,73873,NA,49671,16583.6,NA,41.7,61,59.1,110.3,NA,52.8,47.5,NA,7680,89900.5,103696,60428,NA,32009,18082.3,NA,NA,NA,NA,NA,NA,NA,NA,NA,1.2,0.6,0.3,-2.1,NA,0.4,3.8,NA,-48.6,5.9,NA,-8.5,NA,-39.9,-18.5,NA,1,3,0.8,4.6,NA,3.2,-1.1,NA,2.5,2.1,1.5,2.5,NA,3.7,2.3,NA,1.9,-0.9,0.8,-3.9,NA,-0.4,1.8,NA,5.2,3.8,2.3,4.4,NA,5,5.2,NA,9.2,8.2,8.3,8.9,NA,11.2,6.1
"111",2002-07-01,NA,8.9,1.8,1.7,0.9,NA,-2.5,4.2,NA,75168.2,565757,NA,209297,NA,179782,1664909,NA,17797,200497.2,287971,117486.2,NA,88845,302836,NA,2427.6,26295.3,39764,23894.7,NA,17885.3,4538.8,NA,17894,208042.7,315740,200710.6,NA,107444,302898,NA,-0.2,0.4,0.7,0.2,NA,0.6,-0.1,NA,8434,78653.4,114189,68816.7,NA,46908,14065.7,NA,42,60.7,59.6,109.4,NA,51.7,49,NA,7471,89769.4,105881,57558.5,NA,28833,17495.8,NA,NA,NA,NA,NA,NA,NA,NA,NA,-0.1,1.3,1.3,-0.6,NA,-0.1,2.7,NA,-42.9,10,NA,-8.5,NA,-39.1,-21,NA,1.6,2.3,0.5,2.7,NA,3.5,-0.1,NA,2,1.6,1.1,2.5,NA,3.5,1.7,NA,0.1,-3.9,-0.5,-2.8,NA,-1.5,0.7,NA,3.5,1.1,-1.2,2.8,NA,4.8,3.4,NA,9.1,8.3,8.6,8.6,NA,11.7,6.2
"112",2002-10-01,NA,10.4,0.9,3.3,-1.2,NA,-4,2.6,NA,72178.8,563290,691453,203568,NA,171359,1746023,NA,17325,214701.7,321704,147250.7,NA,95752,303063,NA,2342.8,26211.3,39753,23815,NA,17874.4,4412.3,NA,18739,223467.5,327255,201588,NA,115048,330954,NA,1.2,0.1,-0.3,0.6,NA,0.8,0.1,NA,8375,86316.9,113979,82162.6,NA,53393,17530.1,NA,42.6,61.3,59.8,105.9,NA,51.2,49.8,NA,8131,93466.2,121944,77931.2,NA,35021,19333.2,NA,NA,NA,NA,NA,NA,NA,NA,NA,1.7,0.7,1,-0.5,NA,0.1,1.7,NA,-48.5,6.8,0,-11,NA,-45.7,-20.6,NA,0.5,2.6,0.3,2.5,NA,3.2,1.5,NA,1.7,1.9,1.2,2.9,NA,4,1.7,NA,3.6,1.2,3.5,0.6,NA,3.7,3.7,NA,0.5,1.4,-1,3.3,NA,5.2,2.1,NA,9.2,8.3,9,8.5,NA,11.6,6.2
"113",2003-01-01,NA,4.4,1.3,1,-2.1,NA,-5.3,5.2,NA,72569.8,582793,NA,205049,NA,174140,1730331,NA,16945,203756.3,272433,117996.7,NA,89532,299071,NA,2309.2,26120.6,39029,23701.5,NA,17974.8,4338.4,NA,17649,218544.5,307882,201711.4,NA,115614,307908,NA,-0.7,0.3,-1.3,-0.4,NA,1,1.1,NA,7283,79347.6,95911,72317.5,NA,51037,14477.6,NA,44.2,62.8,61.1,107.9,NA,50.1,50.2,NA,7493,94569.2,104084,59484.3,NA,31136,18023.1,NA,NA,NA,NA,NA,NA,NA,NA,NA,0.4,1.1,0.9,-0.8,NA,0.6,2.6,NA,-59,7.5,NA,-13.4,NA,-46.4,-20.4,NA,0.8,2.4,1.3,3.4,NA,2,1.1,NA,1.4,1.9,1.1,2.9,NA,3.8,2.6,NA,10.2,5.8,6.9,4.3,NA,5.5,12.3,NA,-1.7,0.3,-3,2.5,NA,4.9,-0.7,NA,9.1,8.2,9.4,8.8,NA,11.7,6.5
"114",2003-04-01,NA,2.4,-0.4,0.5,-1.9,3.7,-3,5.8,NA,69107.6,584189,NA,210592,1649207,173621,1749003,NA,17760,206564.9,281500,130173.6,72666,95262,316518,NA,2413.2,26205.5,39101,24079.5,8426,18297.7,4449.7,NA,19075,216843.7,315591,205716.5,64148,114191,323340,NA,1.4,-0.4,0.1,-0.2,-0.5,0.4,0,NA,8042,81463.6,109853,76709.9,27245,54436,16316.1,NA,45.8,65,61.8,107.8,49.4,50.1,49.2,NA,7997,93125.2,104563,62767.9,30643,35028,18996.3,NA,NA,NA,NA,NA,NA,NA,NA,NA,0.6,0.2,0.3,-2.3,0.2,-0.6,0.9,NA,-69.3,6,NA,-14,4.5,-50.2,-21.3,NA,0.7,1.8,2.1,4.8,3.5,2.3,2.3,NA,1.4,2,1,3,2.2,3.2,2.3,NA,2.8,2.1,1.8,4.5,3.6,0.8,9.4,NA,1.1,1.8,-1.1,2.2,1.3,3.7,0.5,NA,9.4,8.5,9.7,8.4,5.7,11.4,6.5
"115",2003-07-01,NA,5.4,1.3,0.9,0.9,5.1,-3.5,6.9,NA,72169,585704,NA,204901,1688779,189045,1768094,NA,18244,206162.4,289792,124740.9,60448,93612,315471,NA,2440.8,26275.8,39361,24208.1,8428,18480.2,4518.1,NA,18911,214427.3,324693,209055.9,64176,113660,316125,NA,1.2,1,0.9,-0.2,0,0.7,0.8,NA,8836,82006.8,112459,69668,24382,52400,14078.6,NA,44.8,65.6,62.8,108.2,50.3,48.5,48.8,NA,7886,93898.8,108511,62860.5,27933,31182,18770.7,NA,NA,NA,NA,NA,NA,NA,NA,NA,2.5,0.9,0.4,-1.3,0.6,-0.5,2.6,NA,-59.8,2.5,NA,-12.7,6.5,-48.9,-21,NA,-0.5,2,1.6,6.1,2.4,2.1,1.6,NA,1,2,0.9,2.8,2.1,2.9,2.4,NA,3.6,2,3,2.1,4.3,0,10.4,NA,-0.4,2.7,0.5,3.6,1.6,3.6,0.7,NA,9,8.5,9.8,8.4,6,11.6,6.6
"116",2003-10-01,NA,6.2,1.1,3.5,-0.2,7.4,-3.7,5.5,NA,73734.9,593963,696648,203325,1726335,198500,1843161,NA,17731,221336.3,322273,151477.9,63824,101605,311023,NA,2316.8,26186.9,39494,24206.5,8339,18503.3,4380.8,NA,19704,230774.1,334258,207763.6,63924,121857,341577,NA,0.2,0.4,0.1,0.9,0.6,0.8,0.8,NA,8895,89739.2,113444,79153.2,27951,59846,17632.3,NA,45.2,65.4,63.3,105.1,49.9,47.7,49.4,NA,8613,97937.8,121410,81681.4,31172,36744,20317.1,NA,NA,NA,NA,NA,NA,NA,NA,NA,3.5,1.6,0.6,-1.7,1.4,-0.8,3.3,NA,-62.5,-3.1,0.7,-11.9,-3.8,-50.6,-17.2,NA,0.4,1.6,0.6,3.3,2.5,2.9,-0.3,NA,0.9,2.3,1.2,2.8,1.9,2.7,2,NA,0.4,-0.3,2.1,1,3.2,-1.8,8.8,NA,1.9,3.1,1.5,4.4,2.3,4.4,1.2,NA,9,8.7,9.8,8.2,6.2,11.4,7
"117",2004-01-01,NA,6,1.3,4.4,-0.9,7.9,-6.3,5.9,NA,71558.7,605352,698681,205859,1749387,206904,1826602,NA,17669,211459.7,275063,122667.7,61909,95651,308909,NA,2316.8,26114.2,38987,23904.2,8220,18688.8,4304.8,NA,18675,226695.3,314424,207725.6,64109,125035,318650,NA,1.3,1.1,-0.1,0.4,0.9,0.6,1.5,NA,7720,84107.8,94835,74570.7,26927,55351,14142.9,NA,42.1,66,64.8,108.1,50.8,47.7,50.1,NA,7933,99090.6,104647,63683,28300,34159,18552.3,NA,NA,NA,NA,NA,NA,NA,NA,NA,4.3,2.5,1.8,0.2,3.1,-1.3,4.2,NA,-28.8,-3.8,1.3,-11.7,-1.5,-52.3,-18.5,NA,-0.4,1.4,-0.4,3.2,0.3,3.9,0.1,NA,0.7,2.2,1.1,2.2,1.5,2.3,1.2,NA,-1.1,-1.1,-0.1,0,2.7,-1.6,3.2,NA,1.9,2.1,1.5,4.1,0.1,4,1.2,NA,9,8.9,9.8,8.3,6.5,11.3,7
"118",2004-04-01,NA,1.1,0.2,4.8,-1,6.5,-5.1,6.5,NA,75175.7,614471,710676,213204,1775248,209156,1861250,NA,18354,214130.4,284343,136350.6,74105,101625,327174,NA,2410,26224.2,39325,24166.5,8330,18941.5,4415.2,NA,19800,226416.6,322081,212426.3,65656,123139,335419,NA,0.8,0.4,0.6,0.3,0.5,1.1,0.8,NA,8685,87826.7,110583,81017.1,27815,59641,17232.4,NA,43.2,67.2,64.7,109.7,51.1,47,48.4,NA,8472,97414.7,105453,67742.3,31195,38056,19476.9,NA,NA,NA,NA,NA,NA,NA,NA,NA,3.7,3.6,1.4,1.5,3.2,-0.3,5.4,NA,-14.5,-4.4,3.9,-11.3,-3.6,-53.5,-19.9,NA,-0.4,0.1,-0.6,3.1,0.6,3.2,-0.8,NA,-0.4,2.4,1.7,2.4,1.5,2.7,1,NA,1.4,1.4,2.7,-0.9,5.4,1.5,2.9,NA,0.5,1.4,-0.2,3.4,-2.9,4.8,0.1,NA,9.5,8.8,10.3,8.2,6.9,11.2,7.3
"119",2004-07-01,NA,6.3,1,3,1.3,6.2,-5,6.3,NA,77259.4,618132,713208,213795,1802401,214491,1899144,NA,19009,213003.1,289674,126200,60988,99798,324728,NA,2437.6,26326.1,39534,24347.1,8360,19157.6,4512.3,NA,19403,222372.2,328719,216657.7,65775,122572,326359,NA,1.1,0.4,-0.3,0.1,0.1,0.8,0.8,NA,9264,86193.3,111857,73070.1,24606,58064,15265.1,NA,43.8,66.8,65.3,109.1,51.6,45.8,47.4,NA,8218,97403.2,107466,62752.9,28466,34340,19001.1,NA,NA,NA,NA,NA,NA,NA,NA,NA,3.1,2.6,-0.2,1.3,3.1,-0.2,4.2,NA,-10,-3.6,4.1,-12.6,-0.5,-54.6,-19.5,NA,1.6,0.6,0,-0.2,-0.8,2.8,-0.5,NA,0.2,2.6,1.9,2.2,1.2,3.3,1.2,NA,5,5.6,5.9,3.4,6.3,6.6,5,NA,1.4,0.6,-0.2,2.3,-3.3,4.7,0,NA,8.9,8.8,10.3,7.8,6.8,11,7.3
"120",2004-10-01,NA,9.5,-0.3,5.8,-1.3,9.6,-5.3,5.2,NA,78670,637503,721306,216921,1854934,231754,2005843,NA,18592,228394.2,321884,158159.6,64724,108602,321939,NA,2365.6,26265.1,39635,24315.1,8262,19210.1,4378.4,NA,20507,241441.9,340997,215900.7,65018,130757,351325,NA,1.5,0.9,0,0.3,0.2,0.7,0.6,NA,9667,95294.8,114538,82630.5,27918,66258,19525.5,NA,44.9,66.9,65,104.7,50.2,45.3,48.7,NA,9001,100412.5,119260,86507.8,31720,40428,20449.7,NA,NA,NA,NA,NA,NA,NA,NA,NA,2.7,2.3,0.5,0.6,3.3,-0.7,4.7,NA,-9.3,-3.5,4.4,-15,-0.2,-59.5,-21.5,NA,-0.7,0.6,-0.6,3.8,-0.6,3.5,-0.5,NA,0.6,2.3,2.2,2.1,1.5,3.6,1.5,NA,11.7,10,9.5,5.9,8.1,11.6,6.4,NA,0.2,-1,-1.4,0.1,-4.5,3.1,-0.9,NA,8.6,8.9,10.5,8,6.8,10.7,7.3
