"","time","Current account_Denmark","Current account_Germany","Current account_Spain","Current account_France","Current account_Italy","Current account_Netherlands","Current account_Finland","Current account_Sweden","Direct investment_Denmark","Direct investment_Germany","Direct investment_Spain","Direct investment_France","Direct investment_Italy","Direct investment_Netherlands","Direct investment_Finland","Direct investment_Sweden","Employees Compensation_Denmark","Employees Compensation_Germany","Employees Compensation_Spain","Employees Compensation_France","Employees Compensation_Italy","Employees Compensation_Netherlands","Employees Compensation_Finland","Employees Compensation_Sweden","Totlat employment_Denmark","Totlat employment_Germany","Totlat employment_Spain","Totlat employment_France","Totlat employment_Italy","Totlat employment_Netherlands","Totlat employment_Finland","Totlat employment_Sweden","Final consumption expenditure households_Denmark","Final consumption expenditure households_Germany","Final consumption expenditure households_Spain","Final consumption expenditure households_France","Final consumption expenditure households_Italy","Final consumption expenditure households_Netherlands","Final consumption expenditure households_Finland","Final consumption expenditure households_Sweden","Change in GDP_Denmark","Change in GDP_Germany","Change in GDP_Spain","Change in GDP_France","Change in GDP_Italy","Change in GDP_Netherlands","Change in GDP_Finland","Change in GDP_Sweden","Gross fixed capital formation_Denmark","Gross fixed capital formation_Germany","Gross fixed capital formation_Spain","Gross fixed capital formation_France","Gross fixed capital formation_Italy","Gross fixed capital formation_Netherlands","Gross fixed capital formation_Finland","Gross fixed capital formation_Sweden","Government debt to gdp_Denmark","Government debt to gdp_Germany","Government debt to gdp_Spain","Government debt to gdp_France","Government debt to gdp_Italy","Government debt to gdp_Netherlands","Government debt to gdp_Finland","Government debt to gdp_Sweden","Government expenditure_Denmark","Government expenditure_Germany","Government expenditure_Spain","Government expenditure_France","Government expenditure_Italy","Government expenditure_Netherlands","Government expenditure_Finland","Government expenditure_Sweden","Change in Housing prices_Denmark","Change in Housing prices_Germany","Change in Housing prices_Spain","Change in Housing prices_France","Change in Housing prices_Italy","Change in Housing prices_Netherlands","Change in Housing prices_Finland","Change in Housing prices_Sweden","Labour productivity_Denmark","Labour productivity_Germany","Labour productivity_Spain","Labour productivity_France","Labour productivity_Italy","Labour productivity_Netherlands","Labour productivity_Finland","Labour productivity_Sweden","Net international investment_Denmark","Net international investment_Germany","Net international investment_Spain","Net international investment_France","Net international investment_Italy","Net international investment_Netherlands","Net international investment_Finland","Net international investment_Sweden","Nominal unit labour cost_Denmark","Nominal unit labour cost_Germany","Nominal unit labour cost_Spain","Nominal unit labour cost_France","Nominal unit labour cost_Italy","Nominal unit labour cost_Netherlands","Nominal unit labour cost_Finland","Nominal unit labour cost_Sweden"
"1",2005-01-01,1.5,4.8,-8.7,0.5,-1.8,8.8,4.1,6,714258,748731,247691,670259,224194,1903936,83063.3,2017603,193272,274554,101453,218579.3,127417.1,62371,18470,318111,2722.52,38915,19385.9,26236,24168.4,8263,2357.6,4293.3,181641.7,319023,134029,235635.5,214262.7,64936,19135,324392,-0.4,0.2,0.9,0.3,-0.2,0.3,1,0.4,10009.3,91887,62807,88543.1,76383.7,27238,7951,15002.6,46.7,66.1,45.1,67.7,108.2,50,40.2,48.4,12596.6,104945,37067,102616.4,66580.1,29185,8216,19185,75.49,84.2,NA,79.81,NA,104.59,73.62,49.47,1,2.4,2,0.4,-0.1,2.4,5.2,4.6,-4.6,7.1,-60.6,-3.3,-17.8,-3.6,-9,-23.5,4,1,2.6,1.9,4.1,0.4,0.5,1.8
"2",2005-04-01,4.7,4.5,-6.7,-0.2,-1,6.8,-2.8,5.9,748710,781445,260637,681976,230736,1949674,84588.6,2097779,204310.4,283593,109418,221595,140263.5,75433,19219,336534,2818.02,39155,19714.4,26392.8,24435,8377,2434.8,4406.3,191266.5,331447,133256,236577.2,219216.9,67103,20837,351113,2.1,0.6,0.9,0.2,0.9,0.9,-1.2,0.8,11615.1,112312,68115,93567.5,84395.7,29211,9315,18016.4,46.3,66.5,44,68.1,110.4,52.2,40.8,47.1,13022.8,106820,41734,101512.9,68695.1,32114,8887,19921.5,79.45,82.7,NA,83.19,NA,105.68,75.74,51.12,0.3,0.9,-1.1,1.4,-0.5,0.7,1.5,1.6,-0.4,9.2,-61.7,-3.2,-17.5,-4.2,-15.8,-22.2,1.1,-1.2,3.3,1.1,1.7,0,1.8,-0.7
"3",2005-07-01,4.9,3.6,-6.4,0.9,0.2,6,5.2,7.1,784681,801299,263830,703264,238740,2007555,87865.1,2179016,197177.6,288524,107353,220991.1,130088.7,62208,20223,335199,2798.18,39492,20060.7,26534.3,24277.9,8408,2464,4508.6,187417.6,337619,131791,233168.7,225665.7,67961,20390,343923,-0.1,0.8,1,0.8,0.5,1.2,1.5,1.5,11155.7,113065,65812,92176.5,77558.6,26789,10083,15630.2,42.5,67.1,42.9,67.8,108.7,50.5,40.2,47.2,13026.4,108093,36445,101050.3,65402.3,29407,8618,18965.2,85.55,84.4,NA,87.1,NA,107.22,76.97,53.09,3,1.9,-0.2,1.2,1.6,2.3,0.9,3.3,1.8,10.6,-64.6,-3.9,-17.3,-9.8,-12.1,-20.8,0.1,-1.5,3.2,1.7,0.5,-0.4,2.8,0.3
"4",2005-10-01,4.9,5.7,-7,-0.7,-0.9,6.6,5.7,5.2,808470,844891,282503,772998,264697,2102000,90199,2345233,205244.3,321762,117221,238108.2,168965.9,65899,19483,336968,2793.97,39726,20072.2,26490.4,24344.6,8335,2419.2,4395.2,202941.8,346364,140811,251705.7,223400.2,67616,21375,366407,0.5,0.4,1,0.7,0.5,0.7,0.3,0.2,12396.1,119142,72685,100240.8,86562.6,29114,10394,19127.8,39.4,67.1,42.4,68.2,106.2,49.6,42.1,48.9,13579.6,120468,44800,104806.9,94635.4,32695,9529,20395.4,91.18,82,123.7,88.77,NA,107.7,78.67,54.48,1.3,1.8,0.6,1.4,0.8,3.8,0.2,2.2,3.8,13,-63.7,-2,-15.3,-5,-14,-17.2,2.5,-1.1,3.8,2.6,4.5,0.6,3.3,1.8
"5",2006-01-01,2.4,5,-10.1,0.4,-3.2,11.6,4.1,9.6,836729,869503,329373,794962,271408,2211032,92086,2284925,203724.2,276676,110498,225911.1,134323,63548,19550,333100,2786.34,38947,20293.8,26463.2,24513.5,8402,2407.6,4347.4,195558.5,328643,145368,248290.3,224054.5,66892,20299,337370,1,1.1,1.2,0.9,0.3,0.6,2.5,1.8,11639.8,99532,70622,95989,81811.2,28947,8782,15895.7,36.3,67.2,41.6,68,108.4,49,38.8,45.5,13350.4,107989,39568,102153.4,68153.2,32249,8675,19435.9,97.67,83.2,128.3,90.75,NA,108.87,79.6,56.39,-1.5,0.5,-1.8,2.8,-0.1,-0.6,-2.1,0.5,1.8,3.4,-64.5,-3.8,-16.5,-8.9,-24.9,-20.4,0,-3.8,3.5,0.8,1.3,-1.6,0.8,-1.2
"6",2006-04-01,3.2,5,-7.4,-0.5,-1.4,9,1.3,6.6,837690,873862,343438,820475,277637,2366970,93037,2311095,217372.9,288532,118594,232095.1,148311.6,77626,20200,351965,2868.82,39443,20546.2,26655.3,24933.8,8514,2480,4475.8,202690.4,338716,144017,248890.9,228638.9,69420,21852,363536,3,1.7,0.9,1.2,0.4,1.6,0.2,1.6,13837.1,120353,76687,100139.8,88000.5,31241,9607,20055.7,36.3,67.2,40.4,67.1,109.5,48.4,41,44.4,13701.2,108178,45042,106619.1,73787.1,35307,9215,20650.7,103.63,83.5,133.79,93.57,NA,110.28,81.41,58,4.9,1.9,2.5,2.7,0.8,3.5,4.2,5.6,-1.7,8.3,-65.1,-6.5,-15.4,-6.1,-17.2,-19.8,2.8,-1.2,4.2,2.2,3.5,0,1.5,0.5
"7",2006-07-01,4.7,4.4,-8.3,1,-0.4,7.9,6.5,8.4,873422,910610,362874,828850,289198,2451263,95796,2336987,207033.6,295932,115954,229479.8,138140.9,63799,21038,353892,2859.24,39892,20826.5,26851.6,24813.2,8578,2522,4613.7,194110.8,345819,141566,245421.7,234665.7,69686,21475,354574,-0.7,0.8,0.9,0.1,0.3,0.5,1,0.9,13359.4,122420,72846,99096,79799.2,29284,10428,17530.6,36,67.3,40.1,67,108.6,47.3,38,44.4,13644.2,109331,39662,103407.3,67808.5,32623,8977,20600.6,105.66,82.3,138.16,96.46,NA,111.55,81.98,59.54,3.2,1.7,-0.3,2.5,-1.4,2.1,2.5,2.1,1.4,10,-68.7,-7.3,-18.7,-9.9,-14.6,-10.4,0.9,-1.2,3.6,1.4,5.1,0.1,0.5,1.1
"8",2006-10-01,2.4,8.6,-9.4,0.1,-1,7.8,3.9,8.2,825855,938463,368584,868023,306306,2511779,91634,2486729,219685.5,329209,126912,249839.9,171325.8,69779,20550,353781,2869.32,40149,20841.9,26839.1,24894.3,8610,2448,4501.8,209590,356821,150559,261707.9,231507.4,68714,22500,381217,-0.1,1.5,0.9,0.5,1.4,0.9,0.8,0.9,13749.7,129888,81795,109013,92377.6,33360,10541,22581.1,33.2,66.4,39,65.4,106.3,45,40.2,43.8,14006.4,122254,49283,111007.6,95208.2,36137,9968,22197.6,104.58,83,141.74,97.26,NA,112.56,83.23,59.9,-1.4,2.6,1.7,2.5,-0.3,1.6,5.2,3.2,-0.3,13.3,-73,-4.8,-19.9,-1.9,-14.7,-9.8,3.6,-2.8,3.6,1.8,-0.3,3.1,1.3,0
"9",2007-01-01,-2.6,6.6,-10.3,1.1,-2.8,10.2,2.7,9.9,855451,977814,374774,868055,329726,2577079,93088,2491826,217506.1,284965,119538,235458.3,139216.6,67249,20712,359677,2881.9,39718,21022.8,26867.3,24741,8634,2432,4473.5,200636.8,334058,155932,258015.9,231447.1,69422,21579,355297,0.4,0.1,0.9,1,-0.2,1.1,2,0.5,13383.6,112814,76645,104204.9,86974.9,33108,9709,18550.9,32.5,65.6,39,66.6,107,45.2,37.6,42,13825.2,109841,42893,105770.5,69313.3,34372,9219,20573.8,105.01,80,145.14,98.02,NA,114.01,85.08,62.19,0.9,1.8,1.3,0.2,0.2,1.4,3.7,0.7,-4.8,12.7,-77.5,-5,-21.4,-7.6,-17.9,-16.7,3.3,-1.3,4.1,1.3,1.8,3.1,1.5,3.9
"10",2007-04-01,1.8,5.9,-7.9,-0.8,-1,6.3,0.1,6.9,892278,1015956,410765,903784,331695,2680126,97357,2620589,230571.3,297427,128098,242169.4,152812.4,81416,21252,379374,2937.66,40137,21239.7,27072,25181.5,8789,2544.4,4597.4,206613.7,344851,153227,259102.7,237439.5,71694,22899,384202,-1.1,0.7,0.9,0.7,0.3,0.6,1.7,1.1,13863.9,126292,82211,107773.4,93197.2,34034,11270,22262.1,31.6,65.6,38.4,67.6,107,45.4,37.8,40.1,14013.3,110602,49290,110133.7,72974.1,37563,9620,21736.5,106.4,81.7,149.29,99.74,NA,115.06,86.56,65.98,-3.6,0.8,0.7,-0.9,0.7,0.4,2.6,-0.3,-4.2,10.5,-78.9,-10.4,-23,-19.6,-24.8,-11.4,7,-0.2,3.8,1.8,1.3,1.9,-0.6,4.4
"11",2007-07-01,2.1,5.6,-9.2,0.5,0,4.5,8.3,7.5,895729,1028055,411126,903666,336984,2827852,99654,2749428,221173.5,302901,124754,238062,142176.9,67339,21979,378834,2919.13,40503,21495.7,27222.5,25249.9,8855,2571.6,4704.6,202642.6,352698,150657,257304.1,242784.2,72264,22664,377201,1.7,0.5,0.7,0.3,0,1.1,1,0.3,13328.4,127968,76195,107923.4,83788.4,31765,12000,19007,31.4,64,37,66.9,105.9,44.4,34.8,39.3,14087.8,111502,43636,107168.4,68254.7,34548,9341,20979.6,106.57,81.6,150.9,101.95,NA,117.26,86.82,68.36,0.5,1.1,1,-0.3,0,1,5.1,-0.1,-4.5,8.9,-81.8,-10.9,-24.1,-15.4,-31.6,-4.9,5.6,-0.5,4,0.5,1.6,1.5,-0.8,3.9
"12",2007-10-01,3.5,8.5,-10,-1.1,-1.7,6.5,4.9,8.3,908801,1049715,441294,939284,376825,2908292,103953,3007346,232483.5,338711,136717,258645.5,180692.6,74618,21952,385686,2910.95,40766,21428.6,27196,25236.5,8825,2527.6,4577.8,221513.7,362759,162098,277132.7,238844.2,72493,23722,402457,1.1,0.7,0.6,0.1,-0.2,1.5,1.3,1,14399.8,134129,86873,117781.4,92727.2,44978,12284,24331.6,29.5,63.7,35.7,65.5,103.5,42.8,36,39.2,14984.7,125007,53890,114947.6,99304.9,38290,10663,23185.3,104.57,81.6,149.82,102.57,NA,118.4,87,66.41,3.3,0.6,0.9,-0.6,-1.2,1.1,1.7,0.2,-5.8,11.5,-85,-8.9,-21,-14.8,-28.2,1.2,3.4,0.7,3.9,0.9,4.6,2.1,0.1,5.9
"13",2008-01-01,-0.5,6.4,-11.9,-0.4,-4.1,7.6,3.5,10.1,944931,1045182,441225,959012,391496,2989352,109696,2993708,230280,296074,131025,244645,146520.8,72190,22275,381804,2915.35,40397,21496.4,27175.1,25101.3,8847,2503.6,4532.8,210963.3,342243,166320,271384.2,238932.6,72349,22932,373325,-0.4,0.6,0.2,0.9,1,0.7,-0.1,-0.4,13340.8,115125,78081,111830.1,85979.2,35413,10644,19522,29.9,64,34.9,67,105.6,43.7,34.3,36.8,14235.9,113680,47223,108685.4,72319,36222,9798,21010.3,103.24,82.8,149.27,101.95,NA,118.46,87.88,66.61,4.3,1.3,1.8,-0.7,0.5,2.4,4.8,1.2,-9.1,13,-86.9,-6.9,-22.4,-14.4,-13.7,-2.2,5,1.8,7.1,2.1,4.3,3.3,4.3,4.5
"14",2008-04-01,3.8,5.7,-8.5,-2.1,-1.4,5.1,-1.2,5.9,1002329,1063605,456707,974007,405107,3011852,111955,3109341,242459,309758,139117,250228.5,158650.2,86655,22875,404428,2960.49,40722,21474.5,27278.6,25316.4,8940,2617.6,4634.1,219056,354462,159854,270955.6,243024.2,74911,24416,402575,-0.9,-0.4,0,-0.7,-0.9,0.1,-0.8,-0.6,14249.5,134187,81329,115534,94278,37445,11884,23061.8,28.9,64.8,35.4,67.4,105.1,43.6,34.4,35,14996.7,116027,54625,113646.7,79474.2,39579,10493,22635.5,103.55,83.1,148.88,102.35,NA,118.67,88.65,67.9,1,0.3,-0.8,0.1,-0.6,1.1,-1.9,-4.2,-8.1,16,-86.9,-7.4,-22.1,-12.1,-5.9,-1.4,2,1,6.6,1.9,2.9,2.2,4.6,3.5
"15",2008-07-01,4.3,4,-7.3,0.6,-2.2,5.1,4.3,8.7,1057482,1081315,471192,969241,404839,3037115,121442,3224492,234157.3,314570,133582,245631.1,149064.2,71042,23378,398777,2969.21,41046,21413.2,27315.3,25237.7,8969,2616,4716.4,211659.1,362544,154627,265802,248588,74721,23830,384464,-0.5,-0.5,-0.2,-0.2,-1.5,-0.3,0.3,-0.9,13953.4,133622,73359,111798.2,85594.6,34121,12767,19603.7,26.4,64.3,36.3,67.8,104.4,43.9,30.7,37.2,15390.2,115986,47501,111311,72487,36462,10100,21772.8,100.9,81.6,146.51,102.57,NA,120.17,87.52,67.42,-7.3,-0.1,1.2,-0.1,-0.5,-0.1,-2.8,-1.5,-5.8,17.9,-85.8,-10.5,-19.7,-9.6,0.9,-3.5,5.4,2.6,6.4,2.7,3.4,2.6,4.8,4.9
"16",2008-10-01,3.6,6.3,-7.6,-0.8,-3.3,1.3,3.6,6.9,1025290,1048783,472756,948759,389622,3040678,120834,3533434,243239.6,351310,141502,263380.2,182467.6,77921,23042,395641,2950.47,41240,20864.7,27141,24978.2,8916,2563.2,4561.4,217229.1,364219,159193,278644.2,239543.8,72923,24630,402824,-1.9,-1.5,-1.6,-1.3,-2.3,-1.1,-2.2,-4,14135.1,133965,77117,117204.7,88567.5,35858,12288,22378.1,35.5,65.2,39.6,69.8,105.8,54.3,34.7,38,16135.7,129524,58925,118130.6,99072.8,40502,11497,21836.8,93.04,81.8,141.99,99.19,NA,117.64,84.19,63.96,-3.6,-1.6,-1.5,-1.4,-1.8,-1.3,-4.2,-4.3,-5.1,16.5,-85.1,-13.8,-21.6,-14.8,-4.9,-7.9,8.4,5.8,5.9,3.4,3.9,5,8.7,8.5
"17",2009-01-01,1.1,4.5,-6.6,-0.6,-3.8,0.3,0.7,6.1,1075037,1059391,465317,972024,421596,3144370,125242,3563047,237051.9,301410,128552,246040.1,145370.2,73831,22276,385516,2870.4,40661,20130.6,26941.9,24736.1,8847,2500.8,4475.4,203610.7,341230,158356,268442.4,233666.5,71030,22540,377640,-2,-4.7,-2.7,-1.9,-2.4,-2.3,-6.5,-1,12172.2,103841,64121,102210,77362.2,34737,9657,15209.9,37.2,67.2,43,74.7,111.8,57.1,39.2,35.3,15694.6,119975,49740,113208.9,74420.1,38754,10383,18952.6,87.14,81.8,138.2,95.5,NA,116.48,86.17,65.72,-2.7,-5.1,-0.2,-2.4,-3,-3.2,-7.5,-4.5,-5,16,-87.5,-13.3,-21.8,-17.4,-2.9,-12.6,7.6,9.4,3.1,5.1,6,6.4,10.6,7.8
"18",2009-04-01,4,4.6,-2.4,-2.1,-1.7,6.1,-1.3,7.2,1101341,1077155,471234,1007468,421942,3181568,125167,3669835,243509.9,311244,135363,249861.8,157890.5,88482,22619,403333,2871.42,40833,20019.2,26931.9,24817.5,8866,2551.2,4534.2,209902.3,353926,149977,264453.8,236783.8,71660,23886,412588,-1.8,0.3,0.1,0.2,-0.6,-0.9,-0.4,0.5,11580,119399,60781,102489.6,83338.8,35194,10238,17986.1,40.2,70.8,46.9,80,114.2,56.3,35.9,37.5,16120,121143,57932,117338.2,78021.8,42409,11040,20170.5,88.18,83.1,137.58,94.16,NA,113.12,87.53,67.65,-2.8,-3.1,3.2,-2,-3.2,-2,-3.6,0.2,-3.5,19,-92.4,-13.1,-22.7,-12.8,-6.6,-8.1,7.8,9.4,2.2,4.4,7.5,7.6,10.6,6.5
"19",2009-07-01,3.1,5.3,-2.8,1.5,-1,2.2,2.5,5.7,1103201,1084672,479470,1028187,423450,3184521,119385,3662624,232374.9,315671,129117,244992.5,147181.8,71628,23018,397132,2859.78,40995,19992.5,26954.2,24789,8844,2531.6,4595.1,206598.4,362030,147806,259907.2,243012.2,71991,23547,399268,0.3,0.6,0.2,0.2,0.3,0.1,1,0,11674.3,122421,59616,100110.2,75804.6,31047,10622,15768,42.4,71.7,49.4,82.6,117.4,56.8,40.1,38.8,16190.3,123148,50362,115496.2,77122,39058,10562,20246.6,88.88,82.9,136.33,95.68,NA,112.14,88.85,69.51,-0.5,-2.6,2.3,-0.4,-1.4,-2.2,-4.1,-2.4,0,17.9,-95.9,-13.8,-22.9,-10.3,-1.5,-9.4,4.6,6.5,0.1,2.8,3.6,4.9,7,4.4
"20",2009-10-01,5.9,8.7,-4.2,-1,-1,5.5,5.9,4.9,1107532,1114315,495318,1044552,434100,3498335,123137,3581602,233021.5,350455,138621,265738.7,181873.9,78379,22595,393662,2823.76,41123,19728.9,26861.1,24603.3,8802,2455.6,4465.8,218746.5,369959,155353,280024.3,238013.8,71246,24793,422739,0.2,0.8,0,0.7,0.2,0.7,-0.7,0.2,11264.4,124158,64010,110418.7,85321,31878,11203,20176.1,43,72.3,53.1,84.1,116.1,56.3,44.1,41.2,16711,134524,62191,124370.3,100261.2,43350,11752,22320.2,88.54,84.2,135.78,95.95,NA,112.1,90.7,71.38,2.2,-1,4,1,0.1,-1.4,-2.7,1.2,0.8,21.2,-97.2,-14.8,-22.2,-25,2.6,-7.2,-1.1,2.7,0,2,2.3,3.1,5.8,0.1
"21",2010-01-01,3.4,5.4,-5,-0.9,-4.7,5,-0.6,6.4,1172201,1170609,502956,1061798,436746,3499846,127610,3478180,234914,307003,126810,251199.3,145269.6,72598,22119,389593,2753.51,40564,19507.8,26811.5,24545.6,8689,2430.8,4431.1,212955.8,344832,159314,274001,237525.2,70897,22964,401608,0.9,0.7,-0.1,0.3,0.5,0,0.9,1.6,10177.3,105242,57023,101262.7,75844.1,31092,8821,16018.8,45.5,72.5,54.7,85.9,118.2,57.2,46.1,39.2,16290,124976,50960,116237.3,75835.6,39970,10729,21150.8,89.11,83,134.08,96.66,116.8,111.67,92.75,72.44,4,3.2,3.6,1.7,1.2,3.2,0.7,2.7,7.2,21,-95.8,-14.8,-21.6,-21,5,-10.6,-0.1,-0.7,-1.4,1.1,0.5,-0.5,-1.4,-0.9
"22",2010-04-01,6.1,4.7,-3.3,-1.8,-2.8,6.9,-0.8,5.9,1225321,1231721,517568,1069261,440673,3615233,131476,3449730,244337.4,320755,135675,257177.4,161668.5,87612,23086,413047,2797.81,41004,19638.9,26937.2,24659.5,8800,2527.2,4542.2,216049,359865,155119,271568.3,241525.1,72861,24668,432646,0.4,2.2,0.1,0.5,0.6,0.9,2.9,3.3,11088.6,129685,60038,106406.9,86356.3,33625,10613,21000.5,47.7,73.2,56.7,88.1,119,58.8,48.2,38.5,16737.9,123713,58827,121538.8,81589.9,43739,11101,23214.6,90.99,84.3,136.26,98.6,117.9,111.54,93.56,73.33,4.2,2.6,1,1.8,2.4,4.3,3.1,2.6,8.4,22.2,-90.4,-13.4,-19.7,-21.3,13.3,-15.7,-1.8,-1.9,-0.1,0.7,1,-1.9,-2.5,-3.1
"23",2010-07-01,7.5,4.7,-2.9,0.8,-2.5,6.3,1.1,5.5,1224890,1205807,518687,1105769,446990,3689540,136085,3356840,233252.1,325887,128668,252178.8,149503.6,71764,23822,411285,2809.57,41314,19738.5,27047.7,24575.9,8821,2535.6,4668.2,213469,372075,152190,269862.7,251167.9,73637,24455,418745,1.4,1,-0.1,0.7,0.3,0.1,-0.5,1.7,11039.8,132468,56677,105397.1,78078.9,29132,11403,19742.3,47.5,73.3,57.7,86.3,119.6,58.7,48.2,37.6,16571,125538,50244,118735.5,77728.3,40297,10682,22933.5,91.73,84.3,134.01,101.26,118.8,111.68,94.62,74.44,4.1,2.3,1.9,1.3,2,0.2,4.8,4.2,12.6,19.7,-94.9,-11.5,-22.5,-17.7,13.3,-20.3,-2.6,-1.8,-0.5,0.8,0.9,-1.6,1.2,-3.4
"24",2010-10-01,8.5,8.1,-3.2,-0.6,-3,8.2,5.3,5.8,1244176,1223562,535965,1165280,445007,3735777,140451,3550130,241431.2,363458,137662,272173.3,183736.9,79926,23569,415692,2798.5,41515,19538,26996.5,24596.2,8804,2470.4,4549.9,227786.4,382157,159782,290965.2,246051.3,73462,26141,443743,-0.6,0.7,0.1,0.6,0.9,0.9,2.1,0.7,11496.6,134373,61879,115733.4,87171,31155,12100,25636.5,46.1,81,60.3,86.3,118.8,58.9,50.1,38.6,17053.2,137795,60619,125901.3,99562.2,44704,12074,26457.5,90.78,83.8,133.86,102.45,118.9,111.02,94.6,75.65,2.1,1.1,3.1,0.7,2.6,0.6,5.6,3.5,12.8,20.6,-90.5,-9.3,-20,-19.2,15.5,-5.5,1.4,-1.4,-0.3,0.5,-1.1,-0.1,-1.7,-2.5
"25",2011-01-01,5.4,6.1,-5.2,-2.7,-5.5,10.5,-1.2,6.7,1223360,1238781,531498,1138310,457186,3890731,137367,3581891,238099.8,320244,124554,259461.8,148881,74845,23356,415184,2747.23,41038,19117.3,26974.6,24557.5,8779,2455.6,4556.8,218031.2,357148,161609,285782.8,245552.6,73539,24364,417475,0.7,1.8,-0.1,1.3,0.5,1.1,0.4,0.7,10396.1,121748,53143,107072,79871.5,33935,9545,19908.3,48.2,79.8,64.1,87.5,119,59.1,48.8,36.2,16135,127079,51170,120303.6,75773.2,40105,10987,24584.8,89.9,86.1,129.31,103.13,118.3,111.18,95.84,76.32,1.3,3,0.2,2.1,2.5,0.9,4.3,2,13.8,21.3,-94,-9.9,-21.9,-19,16.2,-3.3,-1.1,-2.2,-1.9,-0.1,0.1,-0.2,0.1,-0.6
"26",2011-04-01,5.9,5,-1.5,-0.9,-2.7,4.3,-3.8,4.7,1256267,1254395,536205,1153295,461502,3966243,133117,3582812,248012.3,336155,132861,265196.8,164678.5,89768,24383,439110,2796.02,41471,19303.5,27200,24805.3,8858,2572.8,4653.9,223750.4,373827,154940,280322.3,251648.6,75843,26558,451751,0.9,0.3,-0.3,0,-0.2,-0.1,-0.2,0.8,11520.7,139507,55249,111577.6,86679.2,34420,11057,24838.9,49.7,79.2,66,89,120.3,60,48.4,36.4,16757.9,127585,57796,123735.4,78895.7,43743,11708,25786.2,91.94,87.1,127.76,105.14,120.7,109.59,97.55,76.34,1.3,2.2,3.3,1.2,0.6,0.1,0.4,1.5,17.3,20.1,-94.3,-11.7,-21.6,-16.7,16.1,-5.3,-0.5,0.6,-1.4,0.7,-0.3,-0.3,3.4,2.5
"27",2011-07-01,6.5,5.6,-1.3,0.4,-2,7.3,0.9,6.9,1302511,1283796,532232,1168775,461733,3985092,133987,3680299,236202.3,339350,125139,259341.5,151258.6,73542,25042,437709,2807.62,41774,19208.4,27287.2,24706.7,8897,2574.4,4767.2,217909.4,383486,152091,275488.8,258645.3,75930,26127,430843,-1.3,0.5,-0.6,0.3,-0.4,-0.1,0.1,0.9,11141.3,142916,51813,108609,78429.9,29906,12024,21336.3,52.6,78.9,66.4,88.3,118.5,60.6,50.1,35.7,16367.8,127893,49686,121240.9,74792.7,40393,11141,24728.2,88.9,86.7,123.2,107.28,120.3,109.17,97.31,76.16,-1.2,2,1.9,0.8,0.2,0.8,1.5,2.1,24.5,17.7,-94.2,-9.8,-19,-11,17,-3.6,1.6,0.6,-2.1,1.1,0.1,0.8,2,2.3
"28",2011-10-01,7.6,8.4,-2.5,-0.2,-1,7,-1.9,3.9,1344580,1310913,545618,1252232,478218,4060861,134036,3628795,244505.7,377711,133186,280377.8,184249.1,81732,24295,434100,2795.67,41998,18891.6,27160.4,24547.6,8863,2512,4630.7,232661.6,391501,156868,293835.5,250586,74878,27369,452112,0.8,0,-0.6,0.4,-1,-0.5,0.1,-2.9,11967.7,145434,55104,120211.5,84981.1,32492,12654,25806.1,50,78.5,69.5,88.7,119.1,61.2,52,37.7,16696.6,140864,60334,128965.8,101081.3,44586,12474,27587.5,85.73,87.3,116.8,106.28,119.5,107.15,96.76,74.67,0.2,2.7,0.8,1.1,-0.4,1.7,-0.4,-2,27.7,18.2,-93.3,-8.7,-18.1,-11.6,13.9,-8.4,0.4,1.8,-1,1.8,2,3.3,2.8,4.6
"29",2012-01-01,2.2,6.8,-4,-1.9,-3,7.8,-4.5,6.2,1372325,1344675,545049,1267660,488730,4162197,134786,3665565,241313.2,332803,119367,265734.7,148471.5,75943,24650,431292,2736.73,41574,18358.7,27142.3,24445.3,8791,2487.6,4608.9,224219.3,372370,160209,288524.3,245388.3,74280,26262,425077,-0.2,0.2,-0.9,-0.1,-1.1,-0.1,-0.6,1.1,11355.3,127806,47944,111335.4,74417.3,31331,10382,21210.5,48.5,79,73.6,91.1,122.3,62,52.5,36.8,16317,130428,49272,123438.5,75918,40586,11781,25548.1,85.74,88,110.97,104.87,119,105.19,98.39,75.55,1.2,1,2.8,0.6,-1,-2.1,-2.9,-2.1,29.3,18.3,-92,-11.5,-20.7,-6.4,5.9,-7.4,1.1,2,-1.3,1.6,1.4,2.5,5.3,3.4
"30",2012-04-01,7.5,6.4,0.2,-1.2,0.2,7.7,-2.6,4.8,1394564,1373593,543291,1296937,492317,4238651,140993,3676250,249353.6,350322,125813,271320.3,161607,91188,25426,458211,2774.76,41981,18448.5,27311,24803.2,8862,2586.4,4689.2,228981.8,381474,153046,282383.7,249156.1,75923,26720,456548,0,0.1,-1,-0.4,-0.8,0,-1,0.6,12011.3,142287,49836,111929,79111.5,32762,11706,24268.5,49.8,80.3,77.1,92.6,124.6,63.5,56,37.1,16831.8,131246,54921,126965.4,77670.9,44324,12167,26915.4,86.99,89.1,107.37,104.94,118.1,103.45,99.44,76.66,1.1,0.9,1.7,-0.6,-0.6,-0.9,0.5,0.4,32.4,20.3,-91.1,-10.9,-18.7,-3.2,10.3,-7,1.1,3.7,-1.3,3.1,1.6,2.6,5.8,4.9
"31",2012-07-01,7.1,6.7,2.2,-0.2,0.5,6.1,-0.1,6.1,1421211,1388161,531939,1297367,501230,4345949,144404,3583610,238838.4,353010,117780,265410.5,148851.8,74598,25408,454804,2783.12,42252,18387.4,27360.5,24687.6,8843,2591.2,4796.8,223531.1,392953,149558,277921.7,254377.6,75873,26718,438621,0.2,0.2,-0.5,0.3,-0.7,-0.5,-0.4,0.6,11796.6,143612,46208,109296.2,71168.1,28101,12343,21804.9,50.5,79.8,78.7,91.3,126,64.4,55.4,37.2,16748.6,131925,47470,123103.4,75031.1,40820,11696,27657.4,87.26,90.4,103.36,105.61,115.9,99.39,99.36,77.56,2.6,0.6,2,0.2,-0.7,1.3,-1.7,-0.4,35.9,20.7,-92.5,-11.7,-19.1,-0.3,11.4,-10,0.3,3.9,-1.6,2.8,2.7,3.3,3.7,5
"32",2012-10-01,7.4,8.8,2,-0.5,1.3,9.6,-1.7,5.1,1387557,1461814,564726,1295271,491232,4336154,145367,3527378,248019.8,392673,120991,286314.2,181179.4,82545,24773,453137,2774,42454,18043.4,27199,24434,8813,2511.6,4657.6,239654.7,399461,154342,297563.8,247288.5,74586,28078,460428,0,-0.3,-0.8,0,-0.7,-0.6,-0.1,-1.2,12640.2,145208,49847,119677.2,77101.9,30174,12287,27944.8,48.7,79.8,89.6,91.7,125.9,65.7,57.9,38,17650.1,145271,53324,132310.6,96907.9,45293,12862,30448.5,86.85,91.6,101.91,104.1,113.6,99.79,99.63,77.53,1.7,0.7,1.7,0.6,-0.4,1.4,-1.4,1.1,36.1,22,-88.5,-12.8,-22.9,3.1,10.7,-15.6,1.3,3.8,-4.7,2.5,1.7,3,4,4.3
"33",2013-01-01,4,5.9,-0.3,-2.4,-0.9,12,-2.4,4.9,1414890,1499253,574827,1273083,495939,4412959,143288,3526459,244530.8,343190,113512,269799.4,145933.7,76955,24667,446113,2725.98,41948,17714.9,27165.9,24068,8670,2470.4,4644.2,230266,373803,154412,290716.7,241912.9,74638,26103,431370,0.7,-0.6,-0.3,0.2,-0.9,0,-0.9,0.7,11280.5,120498,43925,108113.8,67590.3,28552,10163,20866.6,47.9,79.3,97.1,93.6,129.6,66.2,58.9,40.7,16229.4,136399,47100,125007.3,74883,41388,11987,27759.2,88.02,91.3,96.75,102.83,110.5,97.07,100.26,78.69,0.7,0.6,2.6,0.3,0.2,2.2,0.6,2.9,39.8,22.3,-88.6,-16.2,-21.8,7.9,10.3,-13.2,1.1,4.8,-0.9,2.7,1.6,3.2,2.8,3.4
"34",2013-04-01,8.1,6.2,3.5,-0.4,1.2,6.1,-2.8,3.3,1398794,1507145,557724,1259160,493033,4503960,140288,3625079,255309,360058,119845,276191.5,158988.6,91416,25745,469836,2773.83,42288,17952,27332.8,24240.9,8739,2573.2,4734.6,234769,389744,148860,285367.1,244452.6,76600,27772,465063,0.2,1.2,-0.1,0.9,0,0.4,0.4,0.3,12216.8,143828,45592,111732.4,72863.8,30709,11454,25545,49.1,78.7,98.8,95.2,132.4,67.8,61.1,41.3,16813.3,136129,52881,129920,77666.4,44441,12770,29213.3,91.16,93.1,95.98,102.73,110.2,95.04,100.68,80.13,1.7,0.3,1,2.4,1,0,-1.3,-1.5,39.2,22.2,-88.5,-18.9,-23.5,4.3,9.1,-8.3,0.4,1.6,-2.1,0.8,0.5,0.5,1.2,1.3
"35",2013-07-01,8,5.7,3.1,-0.6,1.6,8,-1,5.2,1414882,1516719,562178,1265266,502669,4513510,139076,3619067,242848.9,363571,114716,271001.3,147755.3,74795,25746,468444,2790.51,42544,18093.1,27401.5,24188.6,8756,2561.6,4845.8,228548.4,402723,148030,282796.9,251885.7,77246,27461,451356,0.8,0.5,-0.1,-0.2,0.3,0.5,0.3,0.8,12413,146496,43689,109722.6,67457.8,28226,11710,22492.2,49.6,77.4,100,94.2,131.9,67.3,58.5,41.2,16954.3,138202,46303,127261.3,73351.9,40998,12046,28137.1,91.21,92.9,96.72,103.64,108.6,95.69,100.54,81.54,1,0,1.9,2.1,1,-0.2,0.8,-0.9,38.7,24.1,-91.1,-20.6,-23.3,0.4,5.2,-8.4,-0.1,1.3,-0.6,1,-0.1,0.9,0.8,1.6
"36",2013-10-01,9.3,8.9,2,0.9,2.1,7.6,-1.3,4,1411985,1517076,554363,1246783,504040,4536531,136243,3709079,251539.5,404624,122080,290922.7,181436.2,81985,24940,467613,2782.7,42732,17867.6,27320.1,24078.5,8710,2490,4719.7,243515.9,405479,153822,301826.1,246315.7,76354,28507,475826,0,0.1,0.2,0.6,-0.1,0.6,-0.2,0.8,12898.3,150353,47292,121420.9,72759.1,33641,12117,27600.3,47.8,77.4,100,94.6,131.9,67.2,60.8,40.8,17489.7,151245,56247,134647,97452.7,44540,13401,30706.1,89.94,93,95.5,102.52,107.1,95.42,99.93,82.78,1.2,0.5,0.1,1.6,0.8,1.2,1,2.2,37.1,24.4,-92.4,-19.4,-23.4,-1.9,3,-15.9,-0.2,1.6,2,0.6,1,-1.8,1,0.4
"37",2014-01-01,4.9,6.7,-1.2,-2.9,-0.1,9.5,-2.1,3.2,1448611,1549200,558645,1269359,495228,4583754,134789,3786499,250223.9,357955,112294,275161.5,145465.2,76861,24692,462337,2741.43,42322,17642.2,27335.5,23922.5,8610,2450,4692.2,231369.2,381714,155699,292576,243174.1,75774,26749,444756,0,1,0.4,0,0,0.2,-0.9,0.4,12071.6,134318,45470,109869.8,66210,29285,9622,22551.6,48.1,76.2,102.6,96.2,134.5,66.6,62.4,41.1,16603.5,141308,47564,127186.4,73443.1,41836,12198,27397.4,91.22,93.8,95.2,101.33,105.7,95.82,100.06,85.18,1.6,0.7,0.4,1.4,0.7,0.6,1.1,-0.2,31.6,25.2,-95.6,-19.9,-25.2,1.8,1.9,-15.7,0.4,0.5,-1.4,0.7,-0.2,-0.6,0.5,1.3
"38",2014-04-01,7.8,6.1,1.8,-1.9,1.3,7.8,-3.1,1.3,1456505,1572042,569964,1286132,495818,4617483,130535,3847666,260755.8,374965,121499,281245.7,159224.2,91712,25769,491073,2792.58,42721,18111.1,27519.5,24186.5,8725,2554,4797,235561.8,395969,152276,289372.6,246269.3,77954,28177,485219,0.1,0,0.5,0.2,0,0.3,0.2,0.5,12678.3,149099,48039,112203.2,70177.3,30325,11435,26022.1,48.4,75.8,103.6,96.8,137.2,68,63.7,42.1,17017,141864,52711,131775.8,76190.7,44941,12836,28780.5,94.68,95.7,96.78,101.53,104.7,96.37,100.47,87.07,0.4,0.5,0.8,0.5,0.5,1.3,2.6,2.6,34.5,26.8,-96.8,-19.9,-24.7,6.7,1.1,-6.5,1.7,2.4,0.5,1.2,0.1,-0.2,1.3,2.1
"39",2014-07-01,10,7.2,3.4,0.3,2.3,9,-0.7,4.6,1530582,1625047,593717,1320447,504635,4706443,130665,3904240,247262.2,378024,117165,275258.5,148675.4,75733,25764,488482,2806.05,42923,18363.4,27556.1,24283.4,8731,2550.8,4941.9,228792.6,409922,151811,286597,252390.9,78280,27969,467279,1.5,0.5,0.8,0.6,0,0,0.3,0.8,12677.6,151949,44899,110087.7,65981.9,27010,11848,22291,50.1,75.2,103.9,96.8,135,67.4,63.1,42.5,17217.6,143182,46612,129255.7,73291.9,41731,12285,27715.3,94.2,96.2,96.99,102.29,103.5,96.94,100.03,89.97,2.1,1.2,0.3,1.2,-0.1,0.6,-1.1,-0.3,39.4,29.6,-94.9,-18.7,-24.3,12.2,-0.1,-6.1,0.3,1.8,0.2,0.3,0.1,-0.6,0.3,1.6
"40",2014-10-01,10.8,8.9,3.1,0.8,3.4,9.2,0.4,4.1,1516186,1643356,578226,1346680,509775,4849611,126788,3948215,257159.7,420926,125343,295188.9,182573,84437,25150,482369,2804.74,43059,18253.7,27397,24188.6,8755,2485.2,4790.5,244994.3,417131,156631,305542.4,247997.8,77652,28954,494777,-0.1,0.7,1,-0.3,-0.1,1.4,-0.1,0.3,13933,155039,48914,119226.9,73107,31392,11800,27935,48.7,74.5,104.4,96.2,134.8,67.2,64.8,45.7,17938.6,157169,55517,136541,98115.3,45318,13502,30675.3,93.82,96.2,97.18,100.28,101.9,97.31,99.42,91.39,1.8,1.5,0.4,1.1,-0.8,1.2,-1.3,0.9,43.4,28.7,-95.2,-18.7,-20.9,24.6,-3.3,-3.4,0.9,1.1,0.1,0.4,0.6,1.6,1.5,0.9
"41",2015-01-01,7.1,7.8,-0.3,-1.9,-0.7,14.7,-2.3,2.4,1666908,1748173,624423,1470267,535509,4958547,129716,4029817,256402.8,370524,117210,278945.6,147632.1,77309,24962,482182,2775.06,42605,18124.4,27368.4,24017.2,8653,2462.4,4787,234129.7,390568,159392,298449,246368.8,76659,27189,469785,0.8,-0.2,1.2,0.6,0.4,0.4,-0.8,1.2,12173.2,135964,46765,108864.4,67567.3,23401,9691,22876.8,47.6,74.2,104.5,98.1,137.5,68.2,66,45.2,17055.1,145974,48879,128776.4,72823.7,41684,12389,27296.6,94.51,97.8,96.67,99.38,99.7,98.29,99.49,95.21,1.6,0.9,1.5,1.3,0.5,2.2,-0.5,1.5,36.4,27.7,-95.6,-20.3,-21.7,39.2,0.8,-1.1,1,1.8,0.7,0.1,0.9,-1.2,2.2,1.4
"42",2015-04-01,7.7,7.3,2.7,-0.1,1,-9.5,-2,1.9,1668621,1762170,637474,1474819,538427,5029203,129747,4041134,269253.5,390667,126726,285282,162452.3,92480,26080,512743,2832.5,43060,18645,27561.2,24291.8,8784,2545.6,4855.4,239655.1,407623,156554,294939.4,252818,80057,28726,509627,0.7,0.6,1.1,0.1,0.4,0.4,1.4,2.3,13689.4,152627,51443,111336.1,73281.4,63432,11407,27858.1,46.3,72.4,103.8,98.3,138.1,66,67.4,44.9,17453.3,147080,54744,133848.8,75506.7,44800,13071,29238.1,100.15,99.9,100.67,99.55,99.8,99.2,100.43,98.37,2.2,0.6,0.9,1,-0.4,2.3,0.6,3.1,33.6,32.6,-91.2,-17.9,-17.4,24.8,6.4,2.1,0.5,2.1,-0.4,0.4,1.1,-1,0.7,-1.1
"43",2015-07-01,9.2,8.2,3.5,-0.1,2.4,7,1,3.6,1654951,1756905,630628,1441939,537209,5174993,132487,4132834,255853.1,393749,121808,279085,152178.5,76402,26072,508051,2850.26,43325,18933.3,27645.1,24485.4,8831,2566.8,4995.2,235079.6,421568,157132,292677.8,257677.7,80764,28463,491228,0.2,0.5,0.9,0.3,0,0.5,-0.1,0,12991.5,156305,47935,109324.5,67959.4,30132,11684,23422.2,45.9,71.9,103.5,97.8,136.8,65.1,65.9,44.3,17439.9,148279,47867,129362.7,73448.7,42046,12399,28271,102.58,100.4,101.34,100.92,100.7,101.02,100.28,102.12,0.4,0.8,0.5,0.3,-0.3,2,-0.5,3.4,29.6,34.6,-90.1,-19,-20.9,28.3,5.5,1.2,2.5,2,-0.9,0.7,1,-0.3,0.8,-0.1
"44",2015-10-01,7.8,9.1,2.2,0.7,2.1,7.8,-0.4,2.4,1668675,1798972,637549,1474081,529600,5287744,132969,3893179,265360,439064,131275,299778.1,187052.3,84803,25458,505509,2850.79,43559,18756.5,27509.9,24418.5,8833,2497.2,4872.9,252071.1,430547,161326,309981.4,252639.2,79335,29520,520644,0.3,0.5,0.9,0.2,0.5,0.2,0.6,1,15046.6,164723,52787,123080.3,75295.1,35503,12241,31047.4,44.6,71.2,102.5,97,134.8,63.8,68.8,44.5,17804.4,164609,57827,137888.9,97112.9,45281,13785,32365.1,102.75,101.8,101.31,100.15,99.8,101.5,99.8,104.3,0.2,0.3,1.2,0.7,0.5,-1,1.4,2.9,27.9,34.1,-87.7,-18.7,-19.4,27.9,4.7,-5,1.5,1.7,0.3,0.2,-0.5,-1.5,-0.4,-1.1
"45",2016-01-01,4.1,9.1,0.4,-2.6,0.6,8.5,-1.9,1.7,1750023,1808722,645530,1455260,541562,5391003,143647,3936086,264940,387016,119620,283813.9,151833,79835,25366,506236,2818.85,43152,18562.3,27511,24320.9,8773,2478.8,4877.8,242961.8,403297,163446,304160,251563.3,78476,27595,485323,1.2,1,0.7,0.3,0.2,0.6,1.2,-0.4,13312.9,143675,49318,112657.7,69980.3,34171,10256,24048.1,43.8,70.9,103.7,98.9,137.4,63.4,69.4,42.8,17225.9,153580,49434,128523.2,75558.2,42014,12473,28894.2,99.31,103.9,102.74,99.73,99.8,102.52,100.52,105.66,0,2,0.4,0,-1.1,0.3,3.9,2,32.8,34.5,-87.2,-18.8,-19.7,36.6,4.2,-4.7,1.2,1.7,-1.6,0.6,0.7,1.9,-1.4,2
"46",2016-04-01,7.7,9.1,4.4,-0.5,2.6,4.5,-4.1,0.3,1768789,1826623,669220,1479660,554680,5432628,139078,4041491,279294.7,404672,129427,291067.6,166939.8,95415,26410,533219,2878.32,43601,19025,27741.7,24798.9,8907,2561.2,4981.3,249700.2,421376,160436,301157.7,253460.6,80972,29472,524439,1.1,0.3,0.3,-0.2,0.3,0.8,0,0.9,15216.8,164248,52063,116870.7,75200.4,36535,12806,29947,43.9,70.2,103.6,99.7,137.8,62.3,66.9,43.5,17800.6,154446,55788,137316.5,77585.5,45634,12993,31367.1,104.23,106.9,104.55,100.24,100.5,104.03,101.61,106.9,1,1.3,-0.2,0.7,-1.4,-2.6,-2.4,-3.8,34.4,37.8,-85.1,-17.8,-15.2,42.2,2.7,-1.9,-0.3,-0.5,-0.9,0.1,0.2,-0.2,-1.3,0.8
"47",2016-07-01,6.5,8.1,4.6,-0.5,3.5,5.8,-0.6,2.5,1794799,1843960,672749,1476257,555927,5649480,143750,4121593,262963.7,408958,124755,284051.5,155692.8,79420,26705,531694,2896.87,43858,19339.3,27866,24750.4,8954,2583.6,5071.5,240161.4,431608,161501,296919.2,260442,82061,28960,506334,0.8,0.3,0.8,0.1,0.7,0.9,1.1,0.4,14550.6,163786,48593,112318.5,70397.6,32555,13312,25211.2,42.8,69.4,102.9,99.1,134.9,60.7,66.8,42.2,17704.7,155186,48744,131334.7,73837.7,42665,12273,29746.2,107.66,108.8,105.41,102.36,100.7,106.58,101.93,109.35,1.4,0.9,0.5,-0.8,0.2,1,2.4,0.3,40.5,36.8,-86.1,-19.2,-13.6,47,1.3,-0.8,-1.3,1.4,-0.4,1.3,-0.5,1.3,-0.2,2.2
"48",2016-10-01,9.7,9.3,3.1,1.4,2.9,10.4,-1.3,2.9,1828607,1890089,686805,1532125,543624,5739536,145749,4116615,273987.7,456755,134223,306053.1,190758,87972,25802,534974,2899.56,44134,19124.2,27759.9,24733.2,8999,2504.4,4968.6,260363.9,443055,167154,316972.7,257186.2,81588,30154,536436,0.5,0.4,0.6,0.6,0.4,0.8,0.5,0.5,16156.2,168734,54313,125077.7,79250.5,35691,13354,31433.3,41.7,68.3,102,98.1,134.2,60.9,68.6,42.8,17902.2,170679,57884,141139.6,99296.5,46176,13823,32877.1,107.07,110.4,105.78,101.84,100,108.03,101.08,111.06,1.8,1.4,0.8,-0.2,0.5,1.3,4.5,-0.6,46.4,38.8,-84.3,-19,-12.1,39.2,5.4,-1.6,-1.2,2.1,0.1,1.1,-0.1,1.8,-1.2,3.4
"49",2017-01-01,5.5,8.7,0.6,-3.3,1.1,10.8,-0.6,2.3,1898627,1963212,714255,1537154,546825,5957471,152074,3947009,272445.2,404132,123759,292655,156286.8,82137,25541,530213,2866.49,43764,18990.7,27777.9,24653.4,8957,2491.2,4993.4,254100.9,418217,172242,310744.4,257864.3,81707,28169,514108,1,1.2,0.7,0.7,0.4,0.6,1,0.9,14032.7,152105,52338,118461.1,73299.4,36278,11057,26179.7,40.7,66.8,102.9,100.5,135.8,58.7,68.5,42.1,17424.3,159182,50570,134635.1,77094.3,43124,12213,29686,105.3,110.9,108.2,102.53,99.1,110.2,101.7,114.02,2.3,1,-0.7,2,0.7,-0.9,-1.5,-1.5,50.9,43.3,-85.6,-23,-10.5,39.3,2,-6.5,-1.5,0.2,0.7,0.9,-0.7,-1.2,-3.2,0.2
"50",2017-04-01,8.7,6.5,4,-0.9,2.1,4.7,-3.4,1.3,1873652,1956200,701853,1507855,551778,5925196,154130,3999575,287052.7,423329,134304,299781,170633.2,98472,26645,560542,2923.12,44201,19533.4,28085.7,25007.3,9113,2574,5101.2,257292.4,434814,168260,306804.8,261389.6,84760,29648,546214,1.2,0.9,1,0.8,0.4,0.5,1.3,0.2,15703.9,169747,56123,121129,77478.1,38092,13411,30372.2,40.5,66.1,102.6,101.2,136.8,58,67.7,41.6,17999.1,159899,56040,139556.8,78777.8,46848,12978,31067.6,109.77,113.1,110.39,103.53,99.6,112.06,103.22,115.97,2.6,1.9,1.9,1,1.4,1.1,6.9,3.1,43.9,43.6,-87.5,-24.5,-9.7,37.9,-0.1,-7.9,-0.5,2.6,-0.1,1.6,-0.7,0.8,-3,4.7
"51",2017-07-01,7.5,7.9,3.8,1,3.5,7.3,0.6,2.3,1864995,1968539,709613,1497936,550960,5951231,159348,4003636,271264.5,427573,130306,293446.6,160364.7,82199,26713,558530,2936.52,44471,19881.6,28216.4,25127.7,9173,2582.8,5213.6,248274.8,445977,168005,305061.8,266362.2,86289,29283,524728,-0.2,0.7,0.6,0.7,0.2,0.8,0.5,0.4,15451,171788,54171,118141.6,73492.6,35462,14290,27509.8,40.5,65.3,101.8,100.4,136.4,56.2,66,40.1,18099.9,160707,49920,135584.6,74979.9,43778,12604,30778.7,112.32,115,112.43,105.65,99.2,115.22,102.51,117.59,1.5,2,0.7,2.3,-0.1,0.1,4.6,-0.1,48,42.7,-85.7,-26.4,-9.2,34.9,-0.1,-8.6,0.6,1.3,0.5,0.6,0.9,0.9,-3.8,3.8
"52",2017-10-01,7.5,9.1,2.7,1,3,9.8,0.7,2.3,1874660,1994155,702675,1504021,558082,5855978,157460,4246910,285589.4,477353,139771,316316.5,195470,91670,26162,559030,2940.43,44724,19643.5,28107.3,24975.2,9217,2541.2,5093,270271.1,454772,174285,324035.6,263452.6,84407,30800,555424,0.8,1,0.6,0.6,0.6,0.6,0.8,0.5,17303.1,177446,58575,133156.1,82402.4,38525,14473,32521.4,40.2,64,101.2,98.8,133.7,56,66.6,41.6,18677.7,178202,59268,144626.4,100563.1,47720,13822,33534,111.61,117.3,113.39,105.24,98.8,117.74,102.12,114.13,2,2.7,1,2.5,0.1,1.5,2.5,-0.6,49.5,44,-84.4,-25.6,-8.9,39.3,1.2,-0.8,1.3,0.7,0.1,0.4,0.1,1.7,-2.8,2.5
"53",2018-01-01,3.3,9.6,0.2,-2.3,1.4,10.4,-1.3,1.4,1984709,2049209,709182,1543587,563487,5897458,161597,4434516,282043.7,423703,128234,300715.5,160275,86604,26447,561129,2907.98,44417,19395.3,28150.2,24837.4,9215,2540.4,5096.9,263838.5,431571,178402,320053.7,261633.3,85730,28713,531147,0.8,-0.5,0.4,0,-0.2,0.7,0.2,0.5,15033.2,160268,55783,122983.4,76878.9,39081,12123,27032.6,39.8,62.9,101.7,99.3,135.3,54.3,65.4,39.6,17932.8,165105,51601,136323.8,78413.2,45680,12698,29474.1,111.6,118.3,114.96,105.51,98.6,120.32,102.74,113.24,2.5,1.8,1.4,0.1,0.2,0.6,2.4,0.8,54.8,46.6,-84.5,-28.6,-10.6,39.9,-4,-0.1,1.4,2.9,0.6,0.9,0.4,3.2,0.4,4.3
"54",2018-04-01,4.9,8.7,3,-1.9,2.4,5.6,-5,0.6,2008781,2118342,708396,1580743,577002,6033629,161382,4483403,298358.4,443495,139420,307467.5,177000.1,102898,27709,597226,2966.56,44808,19954.6,28377.3,25386.2,9349,2645.6,5192.4,272028.7,447587,173379,316194,265676.6,88766,30746,575979,0,0.7,0.7,0.3,0.2,0.5,-0.2,0.6,18211.6,181224,61851,126587.4,83019.1,41212,14411,29876.9,39.3,61.9,101.1,99.4,135.7,53.2,65.2,39.6,18450.1,165964,57594,141248.4,80050,48486,13419,30573.6,115.88,120.6,117.9,106.42,99.2,122.64,103.96,114.04,1.9,0.5,-1,-0.1,-0.5,0.8,-2.6,-1.5,57.6,49.4,-83.8,-28.5,-6.7,39.1,-6.2,5.3,1.7,1.9,0.9,1.1,2.1,1.1,2.4,3.8
"55",2018-07-01,8.2,7.2,2.5,0.2,3.6,8.4,-1,4.1,2021610,2153148,717063,1595479,582305,5934429,163852,4510977,280712.3,449750,136508,300674.7,165254.2,86839,27707,589723,2985.43,45029,20279.8,28456.5,25356.8,9431,2652,5283.9,260775.6,458425,173649,314948.8,272209.5,89701,30015,551673,0.5,-0.7,0.6,0.5,0,0.3,-0.1,-0.1,15430.7,183171,57812,124530.5,75530.4,35839,14962,25488.3,39.3,61.6,101.2,99.6,135.6,52.2,64.8,39.3,18243.5,166027,52217,137552.5,75914.7,46189,13041,29695.9,116.13,123.1,120.48,108.65,98.4,126.45,103.49,115.16,2.2,-0.2,-0.6,0.1,-0.4,-0.8,-1.9,0.6,59,51.1,-81.8,-29,-4.9,43.4,-5.3,2.2,1.1,4.3,2.4,0.8,2.1,3.5,3.2,3.7
"56",2018-10-01,8.7,8.3,1.7,1.1,2.6,11.6,0.8,2.9,2034868,2159349,716877,1641305,594261,5729601,159805,4657242,293530.2,499154,146487,323127.6,201121.1,96559,27283,588047,2987.27,45259,20123.9,28327.1,25195.4,9447,2616.4,5171.8,277098.6,470914,178938,332713.6,268944.4,88103,31313,577248,0.1,0.6,0.6,0.7,0.3,0.3,0.1,1.2,16835.2,190217,63056,141143.5,84071.4,40937,15537,32228,38.5,60.8,99.8,98.5,134.2,51.6,65.4,39.8,18989.4,183429,62261,146503.1,101347.1,50294,14378,33154.9,114.74,124.6,120.97,108.58,98.3,128.2,103.15,114.96,1.4,-0.7,0,0.3,0,-2.1,-2.7,0.8,58.4,52.5,-78,-23.3,-6.4,50.5,-5,8.2,1,3.6,2.3,0.4,1.5,3,4.5,3.4
"57",2019-01-01,2.9,8.6,-0.2,-0.5,1.6,8.7,0.3,5.9,1949760,2252067,748266,1695651,595277,5870202,158907,4853682,292551,444425,137015,304796.7,165249.3,91557,27440,585457,2958.72,44914,20007.7,28391.2,25020,9463,2595.6,5140.1,271662.8,442738,182654,326205.4,265542.2,88540,28919,541085,0.4,0.6,0.6,0.9,0.2,1.2,0.9,0.3,15564.2,171817,62400,129675.4,79280.5,42424,12513,25347.5,38,60.7,100.6,99.5,135.8,50,65.2,37.5,18046.5,173351,54361,137985,78814.6,48538,13538,29591.1,114.86,124.6,122.88,108.55,97.7,130.34,103.09,114.97,0.3,-0.3,-1.2,0.5,-0.4,-0.2,-1.9,0.9,61.7,55.6,-76.5,-25,-6,55.2,-3.7,13.4,1.5,3.1,4,-0.4,2.7,4,3.5,2.4
"58",2019-04-01,9.3,7.3,3.5,-0.3,2.6,3.5,-5.8,4.7,1967641,2281003,759799,1701220,600778,5893972,159016,4954227,306815.8,464823,149358,310300,181026.6,108628,28726,619592,3012.77,45246,20529.7,28691.3,25513.2,9580,2688,5222.1,275351.9,462557,176563,324815.4,269193,91768,30920,589222,0.9,0.1,0.3,0.5,0.3,0.5,0.7,1.4,16505.9,189366,64951,135026,85050.3,45220,14902,29177.2,39.5,60.1,100.6,99.2,136.9,50,67.3,36.5,18551.3,173795,60918,143926.7,80477.3,51689,14119,30391.6,117.45,127.8,124.27,109.85,99.1,132.15,104.68,116.51,0.9,1,1.3,1.1,1.2,-1.6,1.6,4.1,66.9,55.5,-75.2,-27,-4.9,60.4,-0.4,10.8,0.7,4.3,5.3,-1.4,1.1,3.6,1.9,1.6
"59",2019-07-01,8.6,7.4,2.7,0.6,3.9,6.6,1.2,7.4,2050356,2320758,766716,1729730,611457,5987103,163704,5119886,290111.7,471520,144595,303603.7,168322.3,91156,28616,611418,3025.09,45397,20734.4,28820,25539.2,9588,2689.2,5316.9,265893,477151,178157,324509.3,273767.5,92625,30821,574451,0.3,0.3,0.2,0,-0.4,0.5,0,-0.3,16036.8,192441,61356,133085.4,77468,41338,15207,24646.8,39.1,60,99.6,100,136.1,48.3,65.8,36,18504.9,176758,53782,140532.5,76382.6,49122,13550,29833,118.72,129.6,126.26,112.33,98.8,134.49,104.02,118.54,0.9,0.9,1.1,1.2,0.2,-0.3,0.8,1.7,72.7,57.5,-74.5,-27.6,-6.3,71.7,-1,17.5,0.8,2.1,4.1,-1.4,0.9,1.3,0.8,0.5
"60",2019-10-01,8.7,8.2,2.4,2.5,4.3,8.7,3.7,3.5,2067933,2329970,766083,1717691,621797,5909122,164804,5075457,304013.7,518295,154865,324340.7,204358.6,101721,27845,605312,3020.18,45608,20596.6,28745.6,25323.6,9658,2635.6,5199.3,288903.9,482669,182651,340450.4,269298.5,91343,31818,595549,0.4,0,0.6,-0.5,-0.4,0.1,-0.2,1.6,17777.1,194592,65859,147418.9,85263.6,44502,15626,33836.7,38.3,58.7,97.7,98.2,133.9,47.7,65.3,35.7,19796.2,193602,65066,149571,101459.5,52913,14797,32925.4,117.5,132.7,125.44,112.69,98.5,136.54,103.29,118.73,1.4,1.4,-0.3,-0.6,0.4,0.6,1.5,4.7,69.9,58.5,-72,-28.2,-3.1,68.1,-0.8,13.9,0.9,2.7,4.1,-0.3,1.5,3.5,0.9,-0.6
"61",2020-01-01,5.2,6.9,-0.3,-2.5,2.3,5,-2.4,6.8,2128699,2371722,730138,1697949,615284,5733181,164094,5425463,299912.6,457741,141482,300131.1,160867.7,96080,28366,605680,2972.86,45179,20023.2,28703,24988.2,9558,2595.6,5130.2,268862.7,439475,172745,314989.3,247723.6,89487,29273,561878,-0.8,-2.2,-5.2,-5.1,-5.8,-1.1,-0.2,0,16001.4,173906,60851,126171,72390,45628,13012,27122.4,37.9,59.9,101.3,101.2,136.9,48.4,70.1,36.6,18754,184245,56242,141493.6,80318.3,50520,13844,29819.2,118.28,133.8,126.92,113.87,99.4,139.3,104.28,120.2,2.4,0.3,0.9,-2.6,3.7,3,1.1,3.8,59.2,60.2,-69.6,-25.3,-5.2,77.2,-3.1,11.4,1.4,3.9,6.1,3.8,2.1,5,3.3,0.4
"62",2020-04-01,9.6,4.3,0.4,-4.3,1.4,4.2,-2.3,6.1,2146050,2383317,718289,1685896,611279,5772694,165337,5166251,306860.4,449524,130954,274951.9,156877.6,110187,27381,618138,2930.8,44777,18922.5,28379.7,24591,9436,2571.2,5125.5,261194.1,402520,134317,279085,220859.1,82120,28025,547058,-5.9,-8.9,-17.8,-12.2,-12.3,-8.3,-6.5,-8.6,16496.6,178697,51311,113443.2,64918.7,42830,14888,29120.1,45.8,66,112.6,113.1,148.3,54,74.6,37.8,18890.4,186800,63445,145068,83154.3,52190,14304,30801.1,120.79,136.2,126.98,115.52,102.4,142.6,105.36,120.3,1.4,-3,4.8,3.1,6.7,-3.4,0.4,-2.2,61.9,60.6,-75.7,-29.3,-2.8,80.1,-5.7,13,7.1,7.2,8.7,8.1,2.9,8.6,1.9,7.5
"63",2020-07-01,8.7,6.4,0.5,-2.5,5.8,6.2,0.9,5.2,2146351,2392129,717999,1671074,611943,5752711,165567,5177915,293209.4,467072,138950,300358.9,162942.2,93554,27853,610773,2979.7,44849,19624.1,28667.4,24845.3,9549,2610.8,5222.3,267836.9,452244,164456,322818.7,253950.7,89640,30449,561666,6,8.7,15.9,15.4,14.4,6.6,4.9,5.8,16481.8,186392,57743,128595.7,78658.7,40266,14970,26940.9,46.4,68.5,116.5,115.3,153.3,54.1,72.8,39,18802,190099,56488,144752.1,78523.2,51511,13879,31238.7,123.65,140.3,128.56,117.8,99.8,146,105.79,122.95,0.9,4.2,-1.8,-1,0.9,3.3,-0.9,3.2,57.9,61.2,-77.9,-30.3,-0.5,84.5,-7.6,9,2.4,1.8,5.4,3.9,2.2,7.8,-0.6,1.6
"64",2020-10-01,5.5,7.5,2.4,0.7,5.1,6.8,5.2,5.3,2159396,2449170,722865,1693066,607461,5576582,163971,5006843,310407.8,519719,150480,319569.7,197273.7,106509,27269,612261,3000.06,45057,19698.2,28831,24895.8,9554,2582.4,5133.6,291773.3,454530,162106,325243.8,243686.7,87456,30976,578907,0,1.1,0.7,-0.1,-0.1,0.4,1,1.3,20267.4,197481,62893,151923.8,88005.1,44970,15414,34189.5,46.3,68.1,119.3,114.9,154.4,53.4,75.3,40.4,20840.8,207901,69378,156133.7,104231.2,55522,15741,35419.7,125.98,144.3,127.55,119.27,100,148.37,106.95,124.99,2.1,2.1,-3.1,1.7,2,-0.9,0.7,1,60,64.2,-83.7,-32.3,-0.2,87.9,-3.5,7.4,2.1,0.6,6.1,2.2,0.7,6.3,-2.1,2.6
"65",2021-01-01,6.7,8.2,-0.1,-1.2,2.3,13,-0.9,7.6,2248618,2554855,750307,1758300,625916,5721461,167393,5256331,306303.9,454561,141660,306520,163804.3,98522,28431,627850,2933.49,44589,19575.7,28896.5,24490.9,9469,2562.4,5044.7,268555.9,420863,163025,316268.3,238721.9,86089,28770,553775,0.9,-1.1,1.2,0.4,1.8,0.9,-0.7,2.5,17427.6,174497,58727,138473,86893.6,46405,12921,29992.8,44.9,68.8,124.2,117.7,157.7,53.8,76.3,40.4,19515.2,196126,59668,150638.2,84100.6,52667,14558,32555.6,129.02,146.3,128.12,120.15,101.1,153.72,108.57,128.9,0.3,1.4,-0.2,2.7,0.8,-4.7,1.7,2.6,68,66.4,-82.2,-32.3,1.3,75.1,2,10.8,2.5,0,4.6,0.7,-0.5,4.2,2.9,3
"66",2021-04-01,9.1,7.1,0.6,-0.9,3.2,10.1,-0.3,7.9,2359654,2590575,780049,1768568,633034,5750680,168177,5089979,326382.1,473510,149460,316245.1,183520.5,116355,29807,662176,3022.11,44888,19819.4,29308.9,25090.9,9660,2682.8,5168.5,296238.1,444300,170900,319169.5,255175.7,95873,31399,614108,4.1,2.5,1.4,1.2,2.4,3.9,1.6,0.8,20062.2,198012,62808,146837.2,95964.2,47851,15626,34806.4,44,68.3,121.2,114.3,153.5,52.9,75.3,38.6,20825.7,200952,67655,156872.9,86730.1,57651,15511,34553.1,136.23,151.8,131.15,122.12,102.8,160.55,111.18,133.44,0.5,4.3,-8.6,-3.1,-5,4.3,-0.2,6.5,65.8,66.1,-76.1,-33.4,3.3,75.4,-0.1,17,-4.4,-5.9,-1.8,-3.2,-0.3,-3.7,2,-4.1
"67",2021-07-01,9.3,6.2,1.4,0.4,3.3,9.3,2.8,5.8,2439720,2665280,786494,1794260,655917,5785088,174669,5459708,310553.5,490030,150811,318594.9,176893.7,98364,30387,656015,3082.86,45215,20464.3,29656.5,25336.2,9768,2682.4,5374,296142.9,478936,175485,334567.6,272553,99876,32033,612005,2.4,0,2,3,2.5,1.9,1.1,-0.4,18717.6,198781,60470,143882.5,94666.1,42645,15485,30423.3,43.3,68.1,119.4,115.3,150.9,51,74.7,36.8,19856.4,201726,59614,153782.1,82420.5,55620,15218,33795.6,139.81,158.2,133.92,126.11,103.9,169.59,110.92,136.89,0.9,-0.2,2.2,-1.5,0,3.9,0.3,-0.1,64.4,66.9,-75.1,-31.8,5.2,64.2,0.6,22.4,-0.8,1.9,2.4,1.2,0.5,-2.1,5.9,2.3
"68",2021-10-01,9.4,6.3,1,2.6,-0.2,8,-0.4,5.6,2442104,2735811,785745,1837905,650557,5790208,180349,5973772,334804.6,544931,162262,344275.5,214002.1,110558,29481,655404,3118.47,45518,20430.6,29718.9,25359.7,9860,2671.2,5284.5,326917.3,496740,184149,355101.4,271250.3,98589,33055,649637,2.6,0.6,2,0.5,1.5,0.2,0.9,2,21555.8,207915,67555,159790.6,105174.5,47524,16718,38905.6,40.5,68.1,115.7,112.8,145.8,50.5,73.2,36.9,22301.8,221381,72504,164023,108572.7,60433,16421,38075.1,140.05,162.5,135.58,127.52,104,175.9,111.12,138.62,3.3,-0.3,4.5,-3.8,-0.7,2.9,0.1,0.9,65.7,70.3,-69.4,-33.5,6.3,70.9,2.3,21,-2,2.5,1.4,2.6,0.2,-3.8,4.6,1
"69",2022-01-01,7.8,6,-1.4,-1.9,-2.1,10,-3.6,5.8,2515809,2775509,812842,1870712,673691,5771480,181808,6259903,330834,488285,154278,333118.3,177823.7,105636,30475,659040,3105.8,45284,20390.4,29799.9,25057.5,9911,2664,5242.3,297132.3,486201,188792,346263.7,272733.8,101964,30627,605889,-2.5,0.2,1.3,-0.1,0.7,1,-0.8,-0.3,19473.8,194138,66302,146737.7,103772.9,49741,14146,31190.9,37,66.7,114.6,114.4,146.6,48.7,73.1,35.4,20419.7,212862,63293,157355.5,88970.6,56790,15285,32995.5,141.45,163.1,139.05,128.6,105.7,182.94,112.23,142.19,0.7,0.6,-0.1,-2.4,-1.1,2.8,-1.7,0.4,63,71.6,-65.4,-31.3,5.3,72.2,6.4,31.1,0.6,3.3,1,3.7,1,0,3.2,1.8
"70",2022-04-01,12.2,2.4,0.4,-1.1,-1.6,3.1,-8.2,4.4,2559419,2869087,827026,1900727,680604,5975327,180656,6487257,349897.8,502359,164291,341526,198441.7,123420,31757,705401,3165.67,45605,20661.9,30070.9,25719.2,10060,2788,5377.5,311236.5,510915,192464,350270.5,286775.4,109119,34269,687993,-0.1,0,1.7,0.4,1.5,2.7,0.4,0.8,21514.7,216743,72077,154324.7,111711.6,53507,16606,37108.4,35.8,66.5,113,112.8,143.9,48.6,73.2,34.2,20903.1,212460,70391,162309.8,90404,60948,15593,35354.9,143.96,166.1,141.71,130.83,108.1,188.58,113.81,142.86,-2.1,0.5,3.4,-2.5,0.8,3.8,-1.1,-1.3,58,73.8,-61.6,-27.4,3.8,66.5,4.4,34.6,4.8,5,1.7,3.9,0.8,0.9,4.4,4.7
"71",2022-07-01,15.9,2.4,0.8,-2.7,-2.7,3.7,-0.3,3.2,2679116,2942619,843670,1936671,704809,6026392,189493,6867471,330289.8,513564,162145,338043.3,184564.7,106108,32591,696528,3182.87,45776,21123.2,30227,25647.8,10099,2788.8,5551,303976.4,534394,196590,358914.1,301247.4,112116,34244,668117,0.7,0.6,0.9,0.5,0.3,0,-0.1,-0.5,20278.3,221708,69865,152308.4,104049.1,47394,17030,32554.9,34.6,65.7,112.2,113,139.9,46.7,72.5,34.6,20477,211274,63673,161415.7,85889.7,59588,16243,34627.9,144.39,164.8,144.15,134.34,106.9,189.95,112.41,138.46,-2,-0.9,1.5,-0.6,2.2,-3.6,-2.9,-1.7,65.5,73.4,-56.7,-25.5,4.1,59.9,0.5,37.6,5.7,3.1,1.6,4.7,0.1,4.2,6.5,3.7
"72",2022-10-01,10.4,4.5,1.4,0.9,-0.6,9.8,2.1,5.4,2613106,2846252,832773,1942660,716643,5934550,193361,6977781,354630.5,577445,175148,365667.8,222767.5,119605,31316,693003,3186.95,46035,20918.9,30157.7,25777.1,10204,2730.4,5430.4,333298.9,543583,196651,379904.3,305756.7,114248,35365,703340,-1.1,-0.5,0.6,0.3,-0.1,-0.2,-1,-0.9,25956,225664,72138,169940.9,115561.4,52780,17858,39040.7,34.1,65,109.5,111.3,138.3,48.4,74,33.8,22143.9,233219,78454,172462.8,111143.6,64572,17197,37779.4,140.99,156.1,142.99,133.5,106.8,185.89,108.53,133.49,-4.5,0.4,0.8,-0.7,0.3,1,-1.1,-4.4,51.1,70,-57.7,-24.8,4.2,53.4,0.1,34.8,8.6,6.2,3.3,5.7,1.6,5.7,6.2,6.9
"73",2023-01-01,7.2,6,2.9,-3,-1.7,9.9,-0.1,7.3,2648505,2855794,847886,1938038,723649,5957184,192340,7093406,347141.7,520999,168322,354242,188670.1,113565,32526,706728,3161.11,45712,20860.5,30184,25716.6,10155,2700.8,5355.6,319486.8,528837,204836,377408.7,301513.4,115972,33010,651753,2,0.1,0.7,0.1,0.5,-0.1,0.6,1.3,20128.9,213014,69912,157060.8,119499.7,54922,14161,31159.4,33.7,64.6,109,111.9,137.2,46.8,73.9,32.6,20541.1,217757,67437,164916,89971.6,61598,16452,33921.3,135.13,152,143.98,132.32,106.8,183.14,106.52,132.37,0.1,-0.2,2,-0.6,-1.7,-1.6,-2.7,-4.9,49.9,69.7,-57.7,-28.6,3.8,48.6,4.3,35.1,3.1,5.6,4,4.6,2.6,5.6,5.4,5.8
"74",2023-04-01,11.8,3.9,2.4,-0.5,-0.2,8.9,-5.3,6.7,2623877,2867809,864745,1944113,728986,5982005,189680,7496808,368263.2,538096,179164,361504.1,207254.5,133904,34010,747648,3209.97,45981,21262.3,30415.9,26063.8,10235,2839.2,5455.2,325378.4,547169,205939,377004.4,306183.1,118246,35846,721490,0,-0.2,0.2,0.9,-0.2,-0.2,0,-0.8,21753.3,228723,75736,160964.9,120692.5,57407,16489,34855.7,34.4,63.6,108.8,111.4,137.8,45.5,75.1,31.4,21764.2,219089,76061,170255,91638.3,66267,18112,35263.7,135.67,150,146.97,131.72,108.8,180.92,107.45,133.15,0.3,-1,1.4,-0.2,-1.2,-2.2,-1,-1.4,54.6,67.8,-54.5,-28.4,4.8,48.9,8.4,46.4,3.8,7.1,6.6,4.6,3.9,9.3,6.8,7.7
"75",2023-07-01,9.2,5.7,3.1,-1.2,1.3,8.4,1.6,7.2,2645753,2899572,876733,1958385,732502,5953010,196227,7520727,346816.7,550313,177404,352531.4,193529.3,114057,33790,745470,3219.87,46080,21834.3,30539.8,26117.1,10231,2801.6,5599.3,311585.2,561808,207465,385896.8,313786.8,118931,35282,700284,1.5,0.2,0.7,0.2,0.1,-0.4,-1.6,0.5,21282.1,228762,72295,155475.2,113928.3,49428,16699,30726.4,34.3,63.8,107.4,111.4,135.5,44.5,75.1,30.4,20916.8,222715,68421,167231.3,87682.6,65679,16746,33740.8,138.07,147.9,150.68,132.25,108.7,182.91,104.35,132.61,1.3,-1,-0.2,-0.1,-2.2,-1,-0.2,1.7,48.3,68.3,-51.7,-26.2,5.2,50.6,10.4,43.5,2.6,7.6,7.2,3.3,4.5,8.6,4.3,7.2
"76",2023-10-01,11.1,6.7,2.2,0.6,0.9,12.1,1.8,6.8,2609465,2942917,873217,1944043,738748,5642147,191134,7302842,367082.4,614160,190717,380978.5,234066,128067,32080,737788,3218.53,46269,21639.7,30439.4,26259.4,10310,2724,5448.8,343040,567814,212210,404458.6,308107,118032,36110,724556,1.1,-0.4,0.7,0.4,0.2,0.1,-0.3,-0.7,21797.5,229381,77375,171924.7,125812.4,52787,16378,39273.1,33.6,62.9,105.1,109.9,134.6,45.2,77.5,31.6,22190.7,245590,82402,179741.3,113391.4,70547,18863,38462.4,140.26,145,149.13,128.73,108.7,186.07,103.32,129.59,4.3,-0.3,-0.6,0.8,-1.9,-0.1,0.9,0.1,51.3,70.1,-51.3,-28.1,7.2,52.9,12.8,38.5,-1.5,6.5,6.8,2.8,4,8.1,3.5,6.2
"77",2024-01-01,8.5,7.8,3.2,-0.9,0.1,9.7,-1.5,6.9,2710232,2981386,898702,1953077,750813,5743123,189895,7597019,365905.7,555089,182663,368966.1,196868.7,122176,32897,743341,3188.2,45879,21459.7,30472.3,26107.3,10280,2698.2,5355.5,325190.4,546617,218646,397460.3,305654,120577,34122,679575,0,0.2,1,0.1,0.2,-0.1,0.5,1,19479.1,210876,73335,157180.5,120061.7,55234,14191,31574.6,33.7,62.6,106.3,110.7,134.9,44,78.4,31.1,21085.2,231019,71054,171217.1,93388.7,68031,17083,35901,136.66,144.1,153.18,125.96,108.5,189.87,101.95,130.3,0.7,0.4,2.9,0,-1.8,-0.5,1,1,42,73.7,-49,-28.5,8.7,45.5,19.7,50.9,2.8,7.2,5.7,2.9,4,8.3,1.8,5.8
"78",2024-04-01,13.9,5.7,3.2,-0.2,1.2,7.7,-2.3,10.2,2729223,3022070,911924,1969723,751548,5676249,189522,7519053,389128.9,570324,192521,376939.6,218840.7,143284,33886,787406,3238.14,46089,21650.4,30682,26516.1,10352,2801.7,5441.8,333709.2,561911,219879,388393.5,308135.6,122080,36197,742414,1.4,-0.3,0.8,0.2,0.2,1,0.2,0,21895,228489,78457,160519.5,122643.5,58978,14548,35548.4,33.8,62,105.3,112.3,136.7,43.3,80.4,31.9,22581.5,234650,79092,177863.6,95803.5,72546,18435,36672.5,140.94,146.3,158.63,125.68,112,194.81,102.11,132.13,4.3,0.3,-0.1,-0.5,-1.7,-1.3,-1.9,-0.2,34.4,75.8,-46.2,-22.8,11.7,41.6,18.2,54.2,0.5,5.5,3.6,3.7,4.4,6,-0.6,3.8
"79",2024-07-01,15.1,4.9,3.7,0.7,1.5,8.9,3,6,2738452,3035551,909376,1971882,752986,5644959,193770,7433597,363259.5,582020,190579,365718.8,204216.5,121761,33964,775032,3241.41,46106,22257.6,30763.9,26724.1,10325,2799.8,5575.7,320214.7,577904,221298,397251.4,321773.1,123561,36141,721856,1.1,0.1,0.7,0.4,0,0.8,0.4,0.6,21047,229098,75002,155577.6,112549.6,51464,14998,32426.5,33.4,62.4,104.4,113.7,136.2,42.2,82,31.9,21948.4,237258,72500,173732,91788.9,71229,17387,36197.9,145.27,147.3,163.12,127.64,112.8,201.98,101.35,133,3.3,-0.1,2.4,0.7,-1.2,0.5,-0.5,0.9,56.4,76.9,-48.4,-25.1,12.7,55,21,52.3,1,5.1,4.1,2.1,4.3,4.8,-1.4,2.1
"80",2024-10-01,14.2,4.6,2,1.9,1.7,13.3,1.9,6.5,2853810,3083308,926386,2022660,768050,5672479,192946,7741883,387367.8,642738,204717,391249.1,246130.5,137757,32372,767457,3249.19,46250,22126.7,30575.2,26523,10397,2701.2,5418.6,352846.1,583944,229237,412186.6,315677.3,122913,36637,750454,1.6,-0.2,0.7,-0.1,0.2,0.3,0.2,0.5,25742,230026,84121,171928.2,126234.4,58121,15680,40717.8,31.1,62.5,101.8,113.1,135.3,43.3,82.1,33.5,23974.6,257321,85910,183207.8,119738.9,77253,18967,39433.8,145.51,147.8,166.07,126.3,113.6,206.15,101.34,132.64,3.3,-1,-0.3,-0.2,-0.7,0.3,-0.2,3.4,78.3,81.3,-44,-20.3,15.3,59.6,25.5,66,1.4,4.6,3.6,2.1,3.9,5.1,-0.2,1.8
"81",1995-01-01,NA,-1.1,-3.2,NA,1.3,NA,2.6,3.7,NA,NA,22135,NA,NA,NA,NA,NA,123585.8,234345,52135,151766.2,85630.7,38433,10896,195029,2578.09,37757,13711.6,23561.2,21442.7,7132,1991.7,4053.2,126267.6,252796,69634,163044.8,139935.3,39077,12073,217596,1.1,-0.4,NA,0.5,NA,NA,-0.8,1.3,6287,104699.3,24270.9,59892.5,42237.9,17316.9,4266,8764.2,NA,NA,NA,NA,NA,NA,NA,NA,8243.9,89261.9,18733.8,70692.2,35113.4,18189.7,5240.1,12617.4,NA,NA,NA,NA,NA,NA,NA,NA,3.1,1.4,NA,3.6,NA,NA,0.4,1.2,NA,NA,NA,NA,NA,NA,NA,NA,-1.3,0.9,NA,-1,NA,NA,0.5,-1.8
"82",1995-04-01,NA,-1.1,-1.5,NA,2.7,NA,3.7,3.8,NA,NA,22741,NA,NA,NA,NA,NA,132936.1,245510,55383,154606,94684,46140,11869,214652,2638.73,37900,13906.4,23695.6,21579.1,7273,2092.5,4211.9,131493.6,259812,68650,164705.6,142774,40237,12749,231063,-0.4,0.8,0.7,0.7,0.3,NA,2.7,0.6,6756.8,121541.2,26470.3,60796.1,43991.2,19098.9,4811.5,9488.9,NA,NA,NA,NA,NA,NA,NA,NA,8545,93121.3,21568.5,71165.2,36532.4,20463.5,5557,12754.2,NA,NA,NA,NA,NA,NA,NA,NA,-0.2,1.8,NA,2.8,NA,NA,4.5,3.3,NA,NA,NA,NA,NA,NA,NA,NA,2.5,3,NA,1,NA,NA,-1.1,0.8
"83",1995-07-01,NA,-2.1,-1.1,NA,2.8,NA,3.5,2.9,NA,NA,23581,NA,NA,NA,NA,NA,127470,254772,54279,155520.4,87265.8,39269,12326,209209,2616.94,38165,13926.1,23810.9,21921.4,7363,2116.1,4259.2,128467.3,264832,69046,161409.2,147023.2,41087,12374,223535,0.4,0.2,0.4,0.2,-0.2,NA,-0.4,-0.1,6672.4,119336.9,25147.3,58872.3,42064,16208,4988.1,9184.1,NA,NA,NA,NA,NA,NA,NA,NA,8575.1,96155.9,19231.4,70976.4,35306.3,18232.1,5827.9,12534.5,NA,NA,NA,NA,NA,NA,NA,NA,1.5,1.3,NA,2.4,NA,NA,1.9,1.8,NA,NA,NA,NA,NA,NA,NA,NA,1,3.3,NA,1.4,NA,NA,4.3,-0.2
"84",1995-10-01,NA,0.2,0.9,NA,1.7,NA,5.9,2.3,NA,NA,24559,NA,NA,NA,NA,489000,134708.8,289858,57994,157954.8,112884.7,41718,12266,217695,2614.3,38361,13888.3,23777.6,21738.9,7351,2034.5,4185.5,137440.2,277571,73447,171167.7,147575.2,40704,13019,243353,0.7,0,0.8,0,0.9,NA,0.1,1.4,7799.6,119901.8,27022.1,61389.2,50518.3,19849.8,5749.4,12629,NA,NA,61.6,NA,NA,NA,NA,NA,8671.2,110942.4,23083.5,73482.9,50516.2,20400.7,5863.3,14172.9,NA,NA,NA,NA,NA,NA,NA,NA,1.7,1.2,NA,1.6,NA,NA,0.8,2.1,NA,NA,-20.5,NA,NA,NA,NA,-32.9,2,2.9,NA,1.3,NA,NA,2.1,1
"85",1996-01-01,NA,-0.6,-2.9,NA,2,NA,1.6,4.7,NA,NA,26542,NA,NA,NA,NA,NA,129081.9,239598,54332,156835,90867.4,40195,11862,209719,2567.09,37779,13808.7,23743.4,21543.2,7281,2012.9,4058.9,131905.8,261059,73108,170733.1,149589.8,41564,12254,224990,0.3,-0.7,0.6,0.7,0.5,NA,1.8,0.8,6552.5,97477.5,26965,61143.9,46510.9,17202.3,4682.2,10201,NA,NA,62.7,NA,NA,NA,NA,67.5,8738.7,92951.6,20511.9,74422.3,38453.6,18059.4,5513,13973.6,NA,NA,NA,NA,NA,NA,NA,NA,1.4,1.7,3.6,1.2,NA,-0.9,3.2,1,NA,NA,-21.3,NA,NA,NA,NA,NA,3.7,2.7,1.3,1.6,5.6,2.5,4.9,4.8
"86",1996-04-01,NA,-1.1,-1.3,NA,3,NA,4.3,3.4,NA,NA,26585,NA,NA,NA,NA,NA,140537,247593,58150,159128.3,100890.3,47963,12265,228999,2662.72,37989,13990.6,23846.2,21721.8,7436,2118.1,4177,136668.9,265256,72177,169831.1,151170.1,42737,13153,236329,2.6,1.4,0.7,0.2,0.2,1.4,0.8,-1,7178.3,118689.9,27576.8,62129.4,53682,19966.6,5052.4,11560.4,NA,NA,62.5,NA,NA,NA,NA,65.3,8926.2,93612,23276.2,74879,44318.7,19914,5641.8,15136.4,NA,NA,NA,NA,NA,NA,NA,NA,3.7,1.2,2,0.7,NA,0.5,-0.3,1,NA,NA,-22.5,NA,NA,NA,NA,NA,1.9,0.2,1.9,1.4,4.7,0.3,1.9,5.2
"87",1996-07-01,NA,-1.5,0.3,NA,4.2,NA,4.1,2.8,NA,NA,28056,NA,NA,NA,NA,NA,134631.6,256676,57690,159540.4,94857.5,40724,12635,224090,2656.18,38199,14181.1,23931.6,22106.8,7522,2152.1,4215.3,133763.2,270457,73072,168197.6,153184.2,43385,13124,231948,0.2,0.3,0.8,0.4,0.2,1.5,0.5,0.5,7139,119282.5,26524.2,60063.8,48580.6,18057.8,5488.4,10796.2,NA,NA,62.9,NA,NA,NA,NA,66,9004.9,96845.8,20348.4,73828.1,41841.8,17872.4,5967.8,14734.4,NA,NA,NA,NA,NA,NA,NA,NA,3.3,1.9,0.6,1.4,NA,0.7,2.1,2.5,NA,NA,-21.9,NA,NA,NA,NA,NA,1.7,-0.7,1.8,0.3,6.9,0,-0.7,4.8
"88",1996-10-01,NA,1.2,0.8,NA,2.2,NA,4.9,2.3,NA,NA,30741,NA,NA,NA,NA,506000,141872.2,290121,62223,161765.7,119533.2,43099,12593,224073,2665.88,38281,14253.2,23885.3,21839.8,7494,2090.9,4122,143245.8,283093,77346,175863.6,153427,43475,14084,251629,0,0.9,0.5,0.4,-0.3,0.6,2,1.3,8058.6,117340.8,28732.3,61840.4,55133.6,21285.6,6135.3,13540,NA,NA,65.4,NA,NA,NA,NA,69.3,8970.3,109212.5,24099.2,75965,58912.2,19763.6,5953.4,15501.7,NA,NA,NA,NA,NA,NA,NA,NA,1.1,2.6,-2.7,0.9,NA,0.7,3.1,2.5,NA,NA,-23.1,NA,NA,NA,NA,-36.7,2.1,-1.2,2.9,0.7,5.1,-0.2,-2.4,1.5
"89",1997-01-01,NA,-1.6,-3.3,NA,2.1,NA,2,4.2,NA,NA,34700,NA,NA,NA,NA,NA,135428.4,241067,58717,160740.6,95482.4,42570,12312,218721,2599.66,37662,14302.1,23881,21632.8,7485,2075.7,3978.4,135846.7,264513,77558,172058,155084.8,44047,12828,233331,1.4,-0.5,1,0.4,0.3,0.8,1.2,0.3,7279.1,95424.5,27203.1,59203.2,49578.8,19165.8,5161.3,10053.7,NA,NA,64.5,NA,NA,NA,NA,66.1,8919.7,91963.7,20427.3,75632.7,42464,18325.4,5765,14304.3,NA,NA,NA,NA,NA,NA,NA,NA,0.7,3.4,-1.6,0.1,3.1,1.9,5.2,4.2,NA,NA,-24.3,NA,NA,NA,NA,NA,1.3,0.5,3.1,1.6,4.7,1.8,0.8,5.8
"90",1997-04-01,NA,-0.5,-0.4,NA,2.6,NA,4.4,3.8,NA,NA,37400,NA,NA,NA,NA,NA,147264.3,249412,62902,163050.2,106542.4,50524,12828,238189,2703.69,37904,14533.3,24018.4,21802.6,7658,2206.5,4107,144768.2,271583,75011,172032.9,159593.1,45497,14137,250794,1.6,1.1,0.9,1,1.6,1.3,1.6,1.7,8063.8,116351.9,29053,61336.4,55413.8,21115.9,5784.5,12067.8,NA,NA,65.1,NA,NA,NA,NA,66.8,9102.8,92666.3,23395.4,76030.3,47219.3,20281.1,5904.7,14738.5,NA,NA,NA,NA,NA,NA,NA,NA,1.1,2.3,-1.5,2.1,-0.5,-0.5,-0.2,4,NA,NA,-27.4,NA,NA,NA,NA,NA,-0.1,-1.7,2.9,-0.5,3.6,0,-2.2,-0.9
"91",1997-07-01,NA,-1.1,0.5,NA,3.5,NA,6.5,4.3,NA,NA,41718,NA,NA,NA,NA,NA,140906.7,256813,62483,163724.5,99494.7,42924,13589,235256,2684,38239,14694.9,24121.2,22149.9,7766,2208.1,4178.8,138334.5,276369,75856,170323.3,162838.5,46323,13749,240518,-0.4,0.4,1.1,1,0.5,1.5,2.4,0.6,7894,114542.4,27771.1,58993,50934.2,18435.2,6053.3,10591.1,NA,NA,65,NA,NA,NA,NA,65.1,9088.6,93009.9,20484.7,74496.6,44841,18077.3,6109.8,15091.2,NA,NA,NA,NA,NA,NA,NA,NA,0.3,2.5,0.1,2.1,2.1,2.1,4,3.9,NA,NA,-28.5,NA,NA,NA,NA,NA,0.7,-1.6,2.5,-0.4,2.3,0.6,-0.6,1
"92",1997-10-01,NA,1.7,0.3,NA,2.2,NA,7.1,3.2,NA,NA,45958,NA,NA,NA,NA,784771,149147.3,291298,67606,166512.2,124145.8,45616,13288,234350,2710.34,38373,14805.7,24138.3,21932,7729,2168.1,4095.6,152422,289589,84137,181353.7,163661.6,46469,14789,263971,0.3,0.7,1.4,1,1.5,1.1,3,1.7,8554.3,115715.2,31208.5,63080.1,59930.8,21072.7,6917.5,13936.6,NA,NA,64.3,NA,NA,NA,NA,66.9,9100.4,105266.7,23920.2,77063.6,60354.2,20275.5,6096.3,15712,NA,NA,NA,NA,NA,NA,NA,NA,0.3,1.8,1.7,2.9,2.9,4.8,3.3,4.1,NA,NA,-27.6,NA,NA,NA,NA,-38,1.6,-1.1,1.9,-1,0,1.1,-3.6,0.2
"93",1998-01-01,NA,-1,-4.1,NA,0.6,NA,3.9,4,NA,NA,49652,NA,NA,NA,NA,NA,143483.8,243451,63060,163037.9,95064.7,45764,13299,218394,2633.44,37869,14896.5,24176.8,21815.7,7679,2148.2,4018.1,142624.6,269727,81740,179024.2,165610,47146,13795,241842,1.5,1,0.8,1,-0.5,1.4,-0.8,0.4,8284.2,102039,29976.9,62454,53171.6,20856.7,5773.3,11088.8,NA,NA,65.2,NA,NA,NA,NA,65.8,9219.2,90968.6,21341,76421.1,43338.2,19117.1,5855.6,15015,NA,NA,NA,NA,NA,NA,NA,NA,3.2,2.4,1,3.5,0.7,2,1.3,2.8,NA,NA,-33.9,NA,NA,NA,NA,NA,1.8,-3,1.7,-3.2,-3.4,0.3,-0.7,-5.4
"94",1998-04-01,NA,-0.4,-0.7,NA,2.5,NA,4.3,3,NA,NA,50730,NA,NA,NA,NA,NA,151796.7,254827,67889,167623.8,106165.5,53975,13819,235748,2733.86,38280,15156,24406.2,21989.6,7853,2239,4159.2,148027.3,274497,80286,180161,167913.9,48943,14895,258719,-0.8,-0.5,1.1,0.7,0.6,0.7,2,1,8471.4,115587.8,31503.7,64813.4,58771.9,21506.5,6229.7,13160.2,NA,NA,65.1,NA,NA,NA,NA,64.9,9478.2,92699.6,24258.6,76230.2,48075.5,21268.7,6092.9,15754.4,NA,NA,NA,NA,NA,NA,NA,NA,0.6,1.7,-0.8,2,0.9,3.9,8.4,3.3,NA,NA,-34.7,NA,NA,NA,NA,NA,3.9,1.6,2.7,-0.6,-2.5,1.5,0.4,-3.9
"95",1998-07-01,NA,-1.6,-0.2,NA,2.7,NA,5.9,4.1,NA,NA,53034,NA,NA,NA,NA,NA,151071.6,263643,67148,167654.9,98273.2,46153,14613,236148,2728.87,38784,15384.4,24625,22393.3,7937,2260.2,4263,146403.6,281543,80697,178509.7,170611.3,49924,14723,249589,1.7,0.5,1,0.5,0.1,0.9,1.4,1.1,8322.1,118275.3,31512.6,63778.2,53310.7,20134.2,7024.3,11244.1,NA,NA,64.8,NA,NA,NA,NA,65.8,9624.5,94836,21416.9,75197.3,44839.1,19204.2,6316.4,15234.4,NA,NA,NA,NA,NA,NA,NA,NA,0.6,1.1,-2.3,2.1,0.3,2.1,4.1,2.8,NA,NA,-31.8,NA,NA,NA,NA,NA,3.6,0.8,2.4,-1.7,-2.9,2.1,1.1,-4.1
"96",1998-10-01,NA,0.9,-1.7,NA,0.8,NA,6.3,3.3,NA,NA,56851,NA,153491,NA,NA,977951,159272.3,298947,72358,179699.6,124569.4,48774,14372,238585,2752.31,39066,15453.9,24642.6,22232.2,7888,2183.8,4193.8,157637.1,296696,88995,188057.1,170922.5,49798,15720,275526,0.7,0,1,0.7,-0.3,0.8,0.9,1.4,8957.6,120126.7,35756.6,67748.9,61730.3,22990,7570.7,14127.8,NA,NA,62.4,NA,NA,NA,NA,66.1,9843.6,108645.4,25809.3,78261.2,63781.8,21631.7,6370,15275.1,NA,NA,NA,NA,NA,NA,NA,NA,-3.8,-0.6,-0.3,1.4,-1.9,2.1,2.5,1.6,NA,NA,-36.1,NA,-9,NA,NA,-34.6,3.7,0.8,2.9,4.3,0.6,1.5,2.8,-2.4
"97",1999-01-01,NA,-1.7,-4.3,2.8,0.4,NA,2.9,3.8,NA,NA,63279,242841,180165,NA,35324.8,1091442,153542.4,250047,67856,170053,97248.6,49295,14042,233155,2679.21,38565,15573.1,24711.2,22054.6,7912,2185.9,4119.5,146858.9,279960,87540,183467.5,171431.1,51083,14507,254830,0.8,1.2,1,0.7,0.5,1.9,1.6,0.6,8514.6,104517,34222,66804.8,56723.4,23163,6407,11815.7,NA,NA,62,NA,NA,NA,NA,62.9,9890.5,96169,23218,78881.3,46138.8,20342,6128,15444.2,NA,NA,NA,NA,NA,NA,NA,NA,0.2,0.3,-1.3,0.6,0.7,2.4,5.9,1.8,NA,NA,-34.8,4.6,-3.3,NA,-92.9,-40.4,5.3,1.4,2.3,1.3,1.8,2.8,-0.2,2.5
"98",1999-04-01,NA,-0.7,-2.7,3.8,1.2,NA,4.3,4.1,NA,NA,89423,298898,181539,NA,35620.2,1091442,161332.5,262851,72647,175296.3,109910.9,58175,14620,250824,2753.89,38794,15874.4,24982.4,22298.3,8080,2294.7,4260.5,149126,286391,86063,182697.7,174860.5,52894,15667,271836,0.4,-0.1,1.1,0.6,0.4,1,0.5,0.5,8750.4,120837,36676,70231,62078.2,23981,6967,13597.2,NA,NA,61.4,NA,NA,NA,NA,62.6,10178.4,97616,26269,79585.8,48480.7,22589,6343,16147.2,NA,NA,NA,NA,NA,NA,NA,NA,-4.2,0.7,-3.1,0.7,-0.9,2.3,-0.2,0.3,NA,NA,-33.4,6,-5.9,NA,-100.7,-23.9,1.6,1.3,1.7,1,2.3,2.4,0.5,2.1
"99",1999-07-01,NA,-2.4,-2.5,4.2,1.8,NA,6,3.8,NA,NA,96241,311511,188337,NA,37152,1091442,157875.6,271294,71872,175226.2,102590.9,49666,15532,250403,2751.88,39399,16080.2,25239.6,22641.8,8156,2297.9,4337.4,148918.4,291251,87011,183067.1,178879.3,53738,15506,263272,0.4,1.3,1.4,1.5,1,1.4,0.5,1.5,8333.2,123207,35751,70332.4,56091.9,22558,7401,12835.6,NA,NA,60.2,NA,NA,NA,NA,60.9,10177.7,100618,22709,78884.4,45750.5,20365,6330,16315,NA,NA,NA,NA,NA,NA,NA,NA,0.5,2.2,3.2,1.4,0.5,3.1,3.6,1.6,NA,NA,-32.5,7,-4.7,NA,-100.2,-19.1,1.7,0.6,0.7,0.3,2,2.1,2,1.9
"100",1999-10-01,NA,0.1,-3.2,2.8,-0.1,NA,7.3,3.9,NA,458290,111734,350371,196318,NA,41679.1,1153194,163077.5,306642,78013,188742.8,129378.2,52510,15270,250803,2754.09,39743,16134.7,25295.4,22453.9,8113,2234.7,4262.8,160468.6,307297,94415,199272.5,180259.7,53488,16304,296384,1.8,0.5,1.1,1.4,1.5,1.2,0.8,1.2,9271.2,125745,40618,74098.8,64991.3,26369,7710,16252.2,NA,NA,60.9,NA,NA,NA,NA,60.7,10445.1,113192,27361,81790.5,67012.9,22814,6912,17326.8,NA,NA,NA,NA,NA,NA,NA,NA,7.5,2.1,-0.3,2.1,2.3,1.3,0.5,2,NA,3.1,-34.8,0.9,-4.6,NA,-181.2,-32.3,-1.8,-0.3,2.5,0.1,-0.3,0.5,2.7,0.7
"101",2000-01-01,NA,-0.7,-5.9,0.5,-0.2,NA,7.4,4.2,NA,NA,121137,361910,200307,NA,50686.8,1165155,159389.5,261618,73950,179289.9,102740.4,53769,15047,258107,2703.72,39527,16378.8,25338.8,22351.4,8045,2215.9,4208.4,151994.1,289084,97167,195150.2,181631.9,55124,15491,276556,0.7,1.6,1.6,1,1.2,1,3,0.2,9566.6,110370,39729,73336.6,63858.7,24787,6802,13525.3,58.2,60.4,59.7,60.4,112.7,59.6,48.6,57.4,10263.2,98998,24769,82482.6,48981.7,21916,6390,16678.5,NA,NA,NA,NA,NA,NA,NA,NA,-2.4,1.9,-1,3.7,0.7,0.8,3,0.9,NA,NA,-38,0.3,-4.6,NA,-195.1,-45.7,0.1,0.2,2.2,0.4,0,2.2,0.8,5.7
"102",2000-04-01,NA,-1.4,-3.6,1.7,-0.9,NA,3.5,3.1,NA,NA,131886,389117,203207,NA,50420.1,1238323,169270.4,273194,79425,185004.5,113445.2,62977,15775,275454,2775.93,39881,16708.5,25623.2,22670.4,8229,2325.1,4368.9,155172.3,296178,93725,195652.4,186101.9,56433,16483,294371,1.1,0.8,1.3,1.1,0.7,1,0.8,3,9864.5,123977,41910,75304.8,68649.5,26292,7593,16220.9,57.4,59.8,58.9,60.4,112.6,56.6,46.7,52.4,10560.9,98894,27644,83068.8,51198.7,24308,6669,17739.2,NA,NA,NA,NA,NA,NA,NA,NA,5.9,3.4,2.5,3.1,4.5,2,5.2,4.7,NA,NA,-35.8,-0.8,-4.7,NA,-186.1,-33.1,2.3,-0.2,2.9,1.2,-1.9,2.2,2.1,3.6
"103",2000-07-01,NA,-3.3,-3.5,1.5,0.7,NA,10.3,3.4,NA,NA,154653,468915,209050,NA,63930.6,1311760,163649.5,282246,78583,184828.3,106716.3,53725,16415,275667,2771.01,40188,16886.8,25893.5,23110.5,8314,2367.1,4438.1,153282.9,301893,94112,193346.6,189228.1,56820,16135,283539,0.2,0.1,1,0.8,0.9,0.8,1.6,1,9169.4,125307,40653,75892.7,61838.4,23592,8270,14372.8,57.2,60,58.2,59.9,111.2,55.6,47.2,50.7,10671.8,100724,25331,82146.9,50161,21929,6672,17460.3,NA,NA,NA,NA,NA,NA,NA,NA,4.1,2.2,0.4,1.7,2.9,4.2,1.6,5,NA,NA,-37.1,2.4,-5.2,NA,-154.5,-34,-0.1,1.5,3.5,1.6,0.1,4.2,-1.4,4.2
"104",2000-10-01,NA,-0.6,-4,0.8,-0.7,NA,8.9,4.9,NA,590738,157385,537134,215103,NA,68760.8,1463795,169965.9,317574,84205,199531.5,133793.6,56326,16062,276039,2769.96,40306,16939.1,25902.6,23099,8269,2291.1,4375.6,164032.3,314659,101190,209264.8,189951.7,56910,17099,308296,1.6,-0.4,1.1,0.6,1,1,1.1,0.1,9574.6,127675,45899,83157.5,69859.9,27198,8795,17880.4,53.6,59.2,57.8,59.7,108.7,52.2,45.1,50.4,11010.2,115350,29972,84832.9,71513.6,24551,7199,17947.2,NA,NA,NA,NA,NA,NA,NA,NA,2,2.4,-0.4,2.6,3.6,6.1,7.3,2.9,NA,1.6,-34.9,2.2,-6.4,NA,-155.8,-32.8,0.6,2.4,2.7,1.7,-0.4,4.5,-1.3,5.6
"105",2001-01-01,NA,-0.8,-6.1,1.9,-0.3,NA,8.9,4.9,NA,NA,165212,532910,224635,NA,72485.9,1453011,168226.7,268272,79274,187955.4,108355.2,56774,16186,275590,2728.29,39604,17044.7,25883.7,22940.5,8236,2260.4,4346.1,156126.4,299094,104026,204154,190102.8,57861,16074,286458,-1.6,2.2,1,0.5,0.8,0.5,0.5,0,9227.2,110246,43670,77712,67662.2,26170,7567,13832.5,52.3,58.2,56.5,58.8,110,51.5,44.8,50.9,10665.3,100223,26337,84879,53601.3,23875,6748,16202,NA,NA,NA,NA,NA,NA,NA,NA,2.1,3,0,1.7,0.9,2.5,3.2,2.2,NA,NA,-37.6,4.6,-7.3,NA,-90.5,-43.9,3.4,0.2,2,1.4,1.8,2.2,2.3,2
"106",2001-04-01,NA,-1.1,-4,0.3,-0.7,NA,4.1,3.5,NA,NA,177700,554598,227401,NA,68083.3,1520823,178880.6,278214,84380,194008.8,118938.4,66538,16733,297370,2815,39806,17266.9,26053.8,23072.4,8399,2365.6,4452.3,160582.1,304226,101541,204918.4,193236.2,59718,17485,303597,0.7,-0.3,0.8,0,-0.1,0.3,0.1,-0.4,9993.4,121567,45630,79081.3,72326.3,27695,8145,15477.6,52.5,57.6,56,59.7,110.1,52.6,44.2,51.2,11116.1,100566,29819,85427.5,56245.1,26426,7179,17310.2,NA,NA,NA,NA,NA,NA,NA,NA,-3.5,2.1,0.4,1,2,2.9,1.5,0,NA,NA,-37.3,6,-6.3,NA,-86.5,-36.1,3.6,0.3,2.2,2.6,1.9,2.1,2,6.4
"107",2001-07-01,NA,-0.9,-3.4,2.3,0.8,NA,8.3,5.2,NA,NA,176872,586946,227697,NA,66154.9,1588635,172110.9,284795,83457,192668.5,112693.3,56729,17187,294508,2791.05,39957,17412.5,26186.5,23533.9,8470,2393.6,4535.6,157859.7,310222,101976,201104.5,194606.2,59814,17154,291447,0.7,0,1,0.6,-0.4,0.2,0.7,0.8,9436.6,120401,43622,77717.6,63446.3,24556,8712,13429.2,53.4,57.9,55.1,59.9,108.2,51.2,43,51.5,11300.8,102580,26641,84437.1,53118.8,23923,7161,15866.6,NA,NA,NA,NA,NA,NA,NA,NA,0.5,2.2,-0.3,2.2,1.4,0.1,3.6,0.2,NA,NA,-36.8,10.8,-6.5,NA,-60.8,-30.9,4.1,-0.5,2,2,3.4,2.1,1.4,5.9
"108",2001-10-01,NA,2.1,-3.9,1.8,0.7,NA,10.9,5.2,NA,710710,179457,607150,228781,NA,71175.1,1731786,177676.5,321028,89785,207010.8,141287.2,59153,16787,293489,2795.53,40094,17419.9,26111.6,23425,8400,2322.4,4416.9,167624.4,325249,108145,218304.5,193628.7,60346,18050,315498,0.5,-0.3,0.6,-0.4,-0.1,0.1,-0.3,0.4,10500.4,120777,48631,84666.3,73887.1,28271,8660,17240.4,50.1,58.1,54.1,59.3,108.5,49.5,43.4,52,11697.1,119283,32685,87545.1,78801.8,26704,7726,17404.9,NA,NA,NA,NA,NA,NA,NA,NA,0.1,2.4,0,2,-1.6,-1.4,-0.2,0.6,NA,6.5,-38.5,8.1,-4.9,NA,-91.9,-23,4.1,-0.4,2.5,2.3,4.7,2.4,3.4,5.8
"109",2002-01-01,NA,1.5,-5.1,1.7,-0.4,NA,8.3,5.8,NA,NA,179515,560099,222367,NA,73957,1659222,175177.5,270597,83991,196176.8,113957.7,59895,16551,288695,2726.07,39511,17440.4,26053.8,23421.6,8343,2292.8,4358.7,161621.5,301308,110013,210816.3,194321.8,60914,16718,296618,-0.7,-0.4,0.5,0.6,0.1,-0.2,0.7,0.8,9713.1,99691,46291,76879,70815.4,26886,7216,13423.1,50.1,59.1,53.2,59.7,110.8,50,41.3,48.9,11333.3,102845,28225,88661,56407.3,26211,7311,17168,NA,NA,NA,NA,NA,NA,NA,NA,3.4,0.1,1.3,2.1,-0.2,1,1.6,4,NA,NA,-39.8,4.9,-4.6,NA,-77.9,-17.3,5.6,2.8,2.9,3.7,4.9,5.3,2.1,4
"110",2002-04-01,NA,1.3,-3.1,0.2,-1.3,NA,5.1,5.3,NA,NA,179364,556959,215821,NA,73325.7,1662088,186211.4,280013,90063,202365.9,124834.4,70279,17339,306245,2821.41,39669,17729.1,26189.9,23523.4,8478,2394.4,4461.1,164242.1,306636,107724,210494.4,197436.1,62584,18288,314181,0.2,0.4,0.8,0.5,0.3,0.2,0.9,1.1,9945.3,114294,49671,79449.3,73873,27742,8051,16583.6,50.7,59.1,52.8,61,110.3,50.1,41.7,47.5,11833.7,103696,32009,89885.6,60428,28931,7680,18082.3,NA,NA,NA,NA,NA,NA,NA,NA,-0.7,0.4,-0.7,3.2,-1.5,1,0.4,3.1,NA,NA,-39.9,5.9,-8.5,NA,-48.6,-18.5,2.8,0.6,3.1,2.9,5,5.1,0.8,-1
"111",2002-07-01,NA,1.7,-2.5,1.8,0.9,NA,8.9,4.2,NA,NA,179782,565757,209297,NA,75168.2,1664909,178446.6,287971,88845,200514,117486.2,59045,17797,302836,2799.64,39764,17885.3,26297.5,23894.7,8505,2427.6,4538.8,162950.8,315740,107444,207924.8,200710.6,62874,17894,302856,0.4,0.7,0.6,0.4,0.2,0.1,-0.2,-0.2,9333.5,114189,46908,78867.5,68816.7,24451,8434,14065.8,52.6,59.6,51.7,60.7,109.4,49.4,42,49,11911.3,105881,28833,89744.3,57558.5,26259,7471,17495.8,NA,NA,NA,NA,NA,NA,NA,NA,1.1,1.4,0.8,3.6,-1.1,-0.1,-0.2,3.4,NA,NA,-39.1,10,-8.5,NA,-42.9,-21,3,0.3,3.3,2.1,3.3,2.7,1,-0.2
"112",2002-10-01,NA,3.3,-4,0.9,-1.2,NA,10.4,2.6,NA,691453,171359,563290,203568,NA,72178.8,1746023,182316,321704,95752,214737.2,147250.7,61969,17325,303063,2789.68,39753,17874.4,26211.8,23815,8417,2342.8,4412.3,175221.2,327255,115048,223765.2,201588,62842,18739,330780,-0.2,-0.3,0.8,0.1,0.6,0.1,1.2,0.2,10114.6,113979,53393,85778.8,82162.6,26603,8375,17530.6,50.3,59.8,51.2,61.3,105.9,48.8,42.6,49.8,12129.3,121944,35021,93564,77931.2,29334,8131,19333.2,NA,NA,NA,NA,NA,NA,NA,NA,-0.4,1.5,-0.6,2.5,0.4,1,1.6,4.2,NA,0,-45.7,6.8,-11,NA,-48.5,-20.6,3.3,0.3,3,2.5,3.1,4.3,0.5,1.3
"113",2003-01-01,NA,1,-5.3,1.3,-2.1,NA,4.4,5.2,NA,NA,174140,582793,205049,NA,72569.8,1730331,179209.5,272433,89532,203691.8,117996.7,61043,16945,299071,2714.36,39029,17974.8,26119,23701.5,8357,2309.2,4338.4,165820.4,307882,115614,218492.1,201711.4,62950,17649,307832,0.3,-1.3,1,0.3,-0.4,0.2,-0.7,1.2,9752.6,95911,51037,79320,72317.5,26060,7283,14477.6,52.4,61.1,50.1,62.8,107.9,49.8,44.2,50.2,11643.5,104084,31136,94569.1,59484.3,27815,7493,18023.1,NA,NA,NA,NA,NA,NA,NA,NA,0.2,0.9,0.7,1.7,-0.4,1,1.2,3.1,NA,NA,-46.4,7.5,-13.4,NA,-59,-20.4,0.9,1.3,2.1,2.5,4.4,1.1,0.5,1.1
"114",2003-04-01,NA,0.5,-3,-0.4,-1.9,3.7,2.4,5.8,NA,NA,173621,584189,210592,1649207,69107.6,1749003,190458.1,281500,95262,206579.9,130173.6,72666,17760,316518,2791.97,39101,18297.7,26205,24079.5,8426,2413.2,4449.7,167543.1,315591,114191,216725.2,205716.5,64148,19075,323236,-0.8,0.1,0.4,-0.4,-0.2,-0.5,1.4,-0.2,9709,109853,54436,81726.7,76709.9,27245,8042,16316.2,52.4,61.8,50.1,65,107.8,49.4,45.8,49.2,12150.1,104563,35028,93057.2,62767.9,30643,7997,18996.3,NA,NA,NA,NA,NA,NA,NA,NA,3.2,1.3,1.1,0,-0.4,1.1,2.9,3.6,NA,NA,-50.2,6,-14,4.5,-69.3,-21.3,3.6,2.1,2.3,1.9,5.5,3.3,0.4,2.4
"115",2003-07-01,NA,0.9,-3.5,1.3,0.9,5.1,5.4,6.9,NA,NA,189045,585704,204901,1688779,72169,1768094,183314.6,289792,93612,206183.3,124740.9,60448,18244,315471,2774.03,39361,18480.2,26277.6,24208.1,8428,2440.8,4518.1,166352,324693,113660,214336.9,209055.9,64176,18911,316050,0.3,0.9,0.7,1.1,-0.2,0,1.2,0.8,9732.8,112459,52400,82230.9,69668,24382,8836,14078.6,51.8,62.8,48.5,65.6,108.2,50.3,44.8,48.8,12133,108511,31182,93873.6,62860.5,27933,7886,18770.7,NA,NA,NA,NA,NA,NA,NA,NA,1,0.8,0,0.3,-0.5,1,2.4,3.7,NA,NA,-48.9,2.5,-12.7,6.5,-59.8,-21,3.1,1.5,2.2,2.1,6.8,2.1,-0.6,1.8
"116",2003-10-01,NA,3.5,-3.7,1.1,-0.2,7.4,6.2,5.5,NA,696648,198500,593963,203325,1726335,73734.9,1843161,188110.2,322273,101605,221364.9,151477.9,63824,17731,311023,2754.22,39494,18503.3,26187.2,24206.5,8339,2316.8,4380.8,181232,334258,121857,231035.4,207763.6,63924,19704,341783,1.9,0.1,0.8,0.3,0.9,0.6,0.2,0.7,10884.5,113444,59846,89279.5,79153.2,27951,8895,17633,48.2,63.3,47.7,65.4,105.1,49.9,45.2,49.4,12493.1,121410,36744,98031.2,81681.4,31172,8613,20317.1,NA,NA,NA,NA,NA,NA,NA,NA,2.4,0.7,-0.6,0.7,-1.1,2.1,2,3,NA,0.7,-50.6,-3.1,-11.9,-3.8,-62.5,-17.2,0.7,0.6,3,1.7,3.5,2.8,0.5,0.4
"117",2004-01-01,NA,4.4,-6.3,1.3,-0.9,7.9,6,5.9,NA,698681,206904,605352,205859,1749387,71558.7,1826602,184372.7,275063,95651,211403.4,122667.7,61909,17669,308909,2685.11,38987,18688.8,26111.7,23904.2,8220,2316.8,4304.8,173058.8,314424,125035,226736.1,207725.6,64109,18675,318591,0.4,-0.1,0.6,1.1,0.4,0.9,1.3,1.6,9669.7,94835,55351,84251.7,74570.7,26927,7720,14142.8,50.6,64.8,47.7,66,108.1,50.8,42.1,50.1,12226.7,104647,34159,99085,63683,28300,7933,18552.3,NA,NA,NA,NA,NA,NA,NA,NA,3.1,1.5,0.2,1.1,0.9,1.3,3.1,2.8,NA,1.3,-52.3,-3.8,-11.7,-1.5,-28.8,-18.5,-0.1,-0.5,4,1.4,2.9,0.4,-0.2,0
"118",2004-04-01,NA,4.8,-5.1,0.2,-1,6.5,1.1,6.5,NA,710676,209156,614471,213204,1775248,75175.7,1861250,193532.1,284343,101625,214148.6,136350.6,74105,18354,327174,2783.23,39325,18941.5,26223.2,24166.5,8330,2410,4415.2,176941.1,322081,123139,226249.8,212426.3,65656,19800,335410,0.7,0.6,1.1,0.4,0.3,0.5,0.8,0.7,10373.2,110583,59641,87936.1,81017.1,27815,8685,17232.3,50.9,64.7,47,67.2,109.7,51.1,43.2,48.4,12675.4,105453,38056,97361.7,67742.3,31195,8472,19476.9,NA,NA,NA,NA,NA,NA,NA,NA,3.8,1.8,-0.5,2.1,1.2,3,2.6,3,NA,3.9,-53.5,-4.4,-11.3,-3.6,-14.5,-19.9,-2.6,-0.6,3.3,0.1,2.5,1.1,-0.6,-0.9
"119",2004-07-01,NA,3,-5,1,1.3,6.2,6.3,6.3,NA,713208,214491,618132,213795,1802401,77259.4,1899144,190123.8,289674,99798,213018.7,126200,60988,19009,324728,2755.83,39534,19157.6,26328.3,24347.1,8360,2437.6,4512.3,176571,328719,122572,222192.6,216657.7,65775,19403,326392,0.2,-0.3,0.8,0.4,0.1,0.1,1.1,0.8,10354.1,111857,58064,86560,73070.1,24606,9264,15265.1,51.2,65.3,45.8,66.8,109.1,51.6,43.8,47.4,12590.6,107466,34340,97375.6,62752.9,28466,8218,19001.1,NA,NA,NA,NA,NA,NA,NA,NA,2.6,0.7,0.5,0.8,1.1,2.3,3.4,3.9,NA,4.1,-54.6,-3.6,-12.6,-0.5,-10,-19.5,0.1,0.1,2.7,0.6,-0.3,-0.5,1.9,-0.5
"120",2004-10-01,NA,5.8,-5.3,-0.3,-1.3,9.6,9.5,5.2,NA,721306,231754,637503,216921,1854934,78670,2005843,194963.5,321884,108602,228416.7,158159.6,64724,18592,321939,2752.42,39635,19210.1,26266.4,24315.1,8262,2365.6,4378.4,195681.6,340997,130757,241747.6,215900.7,65018,20507,351308,1.1,0,0.7,0.9,0.3,0.2,1.5,0.5,11522.7,114538,66258,94674.9,82630.5,27918,9667,19526.5,46.2,65,45.3,66.9,104.7,50.2,44.9,48.7,12987,119260,40428,100498.7,86507.8,31720,9001,20449.7,NA,NA,NA,NA,NA,NA,NA,NA,3.7,-0.4,1.1,0.4,0.6,0.3,4.4,3.2,NA,4.4,-59.5,-3.5,-15,-0.2,-9.3,-21.5,1.8,-0.7,3.6,0.6,3.6,-0.9,-0.9,-1
"121",2025-01-01,NA,NA,NA,NA,NA,NA,NA,NA,NA,NA,NA,NA,NA,NA,NA,NA,382674.5,580590,195868,377641.1,205798,129898,33485,762815,3227.21,45819,22044.6,30427.8,26494,10336,2674.9,5329.1,335338.5,563902,233242,400720.1,313211.9,124829,34234,702454,-0.5,0.4,0.6,0.1,0.3,0.1,0,-0.2,21467.1,214827,78443,156755,121009.3,58484,12931,31321.9,NA,NA,NA,NA,NA,NA,NA,NA,22120.4,243591,74655,175728.1,96770.6,72788,17252,36736.6,NA,NA,NA,NA,NA,NA,NA,NA,3.2,-0.5,-0.2,1.2,0.2,3.5,2.8,2.2,NA,NA,NA,NA,NA,NA,NA,NA,0.3,4.4,4.5,2,3.4,4,1.8,2
"122",1991-04-01,NA,NA,NA,NA,NA,NA,NA,NA,NA,NA,NA,NA,NA,NA,NA,NA,NA,NA,NA,NA,NA,NA,NA,NA,NA,NA,NA,NA,NA,NA,NA,NA,NA,NA,NA,NA,NA,NA,NA,NA,0,-0.4,NA,0.4,NA,NA,-1.2,NA,5636.9,97784.2,NA,59575.1,NA,NA,6999.7,NA,NA,NA,NA,NA,NA,NA,NA,NA,6788.5,67958.6,NA,55740.5,NA,NA,6343.7,NA,NA,NA,NA,NA,NA,NA,NA,NA,NA,NA,NA,NA,NA,NA,NA,NA,NA,NA,NA,NA,NA,NA,NA,NA,NA,NA,NA,NA,NA,NA,NA,NA
"123",1991-07-01,NA,NA,NA,NA,NA,NA,NA,NA,NA,NA,NA,NA,NA,NA,NA,NA,NA,NA,NA,NA,NA,NA,NA,NA,NA,NA,NA,NA,NA,NA,NA,NA,NA,NA,NA,NA,NA,NA,NA,NA,1,-0.2,NA,0.4,NA,NA,-2.1,NA,5410.9,97378,NA,58359.8,NA,NA,6804.7,NA,NA,NA,NA,NA,NA,NA,NA,NA,6832.9,70311.8,NA,55688.2,NA,NA,6431.1,NA,NA,NA,NA,NA,NA,NA,NA,NA,NA,NA,NA,NA,NA,NA,NA,NA,NA,NA,NA,NA,NA,NA,NA,NA,NA,NA,NA,NA,NA,NA,NA,NA
"124",1991-10-01,NA,NA,NA,NA,NA,NA,NA,NA,NA,NA,NA,NA,NA,NA,NA,NA,NA,NA,NA,NA,NA,NA,NA,NA,NA,NA,NA,NA,NA,NA,NA,NA,NA,NA,NA,NA,NA,NA,NA,NA,-1.1,1.4,NA,0.5,NA,NA,-1.2,NA,5523.9,101575.7,NA,60091.3,NA,NA,6691.6,NA,NA,NA,NA,NA,NA,NA,NA,NA,6917.4,84644.2,NA,57456.7,NA,NA,6028.9,NA,NA,NA,NA,NA,NA,NA,NA,NA,NA,NA,NA,NA,NA,NA,NA,NA,NA,NA,NA,NA,NA,NA,NA,NA,NA,NA,NA,NA,NA,NA,NA,NA
"125",1992-01-01,NA,NA,NA,NA,NA,NA,NA,NA,NA,NA,NA,NA,NA,NA,NA,NA,NA,NA,NA,NA,NA,NA,NA,NA,NA,NA,NA,NA,NA,NA,NA,NA,NA,NA,NA,NA,NA,NA,NA,NA,1.9,1.4,NA,0.7,NA,NA,0.3,NA,5315.9,92367.4,NA,58937.3,NA,NA,4573.7,NA,NA,NA,NA,NA,NA,NA,NA,NA,6911.1,71265.8,NA,58981.5,NA,NA,5401.1,NA,NA,NA,NA,NA,NA,NA,NA,NA,NA,NA,NA,NA,NA,NA,NA,NA,NA,NA,NA,NA,NA,NA,NA,NA,NA,NA,NA,NA,NA,NA,NA,NA
"126",1992-04-01,NA,NA,NA,NA,NA,NA,NA,NA,NA,NA,NA,NA,NA,NA,NA,NA,NA,NA,NA,NA,NA,NA,NA,NA,NA,NA,NA,NA,NA,NA,NA,NA,NA,NA,NA,NA,NA,NA,NA,NA,-1,-0.6,NA,0.1,NA,NA,-1.1,NA,5834.4,105688.2,NA,59129.9,NA,NA,4939.1,NA,NA,NA,NA,NA,NA,NA,NA,NA,6960.9,74226.5,NA,59593.2,NA,NA,5488.3,NA,NA,NA,NA,NA,NA,NA,NA,NA,NA,NA,NA,NA,NA,NA,NA,NA,NA,NA,NA,NA,NA,NA,NA,NA,NA,NA,NA,NA,NA,NA,NA,NA
"127",1992-07-01,NA,NA,NA,NA,NA,NA,NA,NA,NA,NA,NA,NA,NA,NA,NA,NA,NA,NA,NA,NA,NA,NA,NA,NA,NA,NA,NA,NA,NA,NA,NA,NA,NA,NA,NA,NA,NA,NA,NA,NA,2.5,-0.3,NA,-0.1,NA,NA,-0.8,NA,5297,104825.2,NA,57310.6,NA,NA,4973.3,NA,NA,NA,NA,NA,NA,NA,NA,NA,7121.1,79454.1,NA,60182.4,NA,NA,5392.8,NA,NA,NA,NA,NA,NA,NA,NA,NA,NA,NA,NA,NA,NA,NA,NA,NA,NA,NA,NA,NA,NA,NA,NA,NA,NA,NA,NA,NA,NA,NA,NA,NA
"128",1992-10-01,NA,NA,NA,NA,NA,NA,NA,NA,NA,NA,NA,NA,NA,NA,NA,NA,NA,NA,NA,NA,NA,NA,NA,NA,NA,NA,NA,NA,NA,NA,NA,NA,NA,NA,NA,NA,NA,NA,NA,NA,-0.5,-0.3,NA,0,NA,NA,-0.7,NA,5644.6,111261,NA,60148.8,NA,NA,4820.1,NA,NA,NA,NA,NA,NA,NA,NA,NA,7576,96068.7,NA,64403.4,NA,NA,4853.3,NA,NA,NA,NA,NA,NA,NA,NA,NA,NA,NA,NA,NA,NA,NA,NA,NA,NA,NA,NA,NA,NA,NA,NA,NA,NA,NA,NA,NA,NA,NA,NA,NA
"129",1993-01-01,NA,NA,NA,NA,NA,NA,NA,NA,NA,NA,NA,NA,NA,NA,NA,NA,NA,NA,NA,NA,NA,NA,NA,NA,NA,NA,NA,NA,NA,NA,NA,NA,NA,NA,NA,NA,NA,NA,NA,NA,-1,-0.8,NA,-0.5,NA,NA,0.2,NA,5757.5,93858.1,NA,58564.6,NA,NA,3069.9,8329.5,NA,NA,NA,NA,NA,NA,NA,NA,7591.4,79491.5,NA,66251.4,NA,NA,4228.8,12651.3,NA,NA,NA,NA,NA,NA,NA,NA,NA,NA,NA,NA,NA,NA,NA,NA,NA,NA,NA,NA,NA,NA,NA,NA,NA,NA,NA,NA,NA,NA,NA,NA
"130",1993-04-01,NA,NA,NA,NA,NA,NA,NA,NA,NA,NA,NA,NA,NA,NA,NA,NA,NA,NA,NA,NA,NA,NA,NA,NA,NA,NA,NA,NA,NA,NA,NA,NA,NA,NA,NA,NA,NA,NA,NA,NA,-0.5,0,NA,0,NA,NA,-0.2,0.8,5765.5,109398.5,NA,58719.9,NA,NA,3618,9123,NA,NA,NA,NA,NA,NA,NA,NA,7801.7,82392.6,NA,67234.6,NA,NA,4423.6,13020.6,NA,NA,NA,NA,NA,NA,NA,NA,NA,NA,NA,NA,NA,NA,NA,NA,NA,NA,NA,NA,NA,NA,NA,NA,NA,NA,NA,NA,NA,NA,NA,NA
"131",1993-07-01,NA,NA,NA,NA,NA,NA,NA,NA,NA,NA,NA,NA,NA,NA,NA,NA,NA,NA,NA,NA,NA,NA,NA,NA,NA,NA,NA,NA,NA,NA,NA,NA,NA,NA,NA,NA,NA,NA,NA,NA,0.9,0.6,NA,0.1,NA,NA,0.6,0.6,4955.8,110808.7,NA,55355.4,NA,NA,3715.5,7773.1,NA,NA,NA,NA,NA,NA,NA,NA,7651,85622.6,NA,65622.5,NA,NA,4529.8,11758.7,NA,NA,NA,NA,NA,NA,NA,NA,NA,NA,NA,NA,NA,NA,NA,NA,NA,NA,NA,NA,NA,NA,NA,NA,NA,NA,NA,NA,NA,NA,NA,NA
"132",1993-10-01,NA,NA,NA,NA,NA,NA,NA,NA,NA,NA,NA,NA,NA,NA,NA,NA,NA,NA,NA,NA,NA,NA,NA,NA,NA,NA,NA,NA,NA,NA,NA,NA,NA,NA,NA,NA,NA,NA,NA,NA,0.7,-0.1,NA,0.3,NA,NA,0.7,0.2,5620.5,111259.1,NA,57092.7,NA,NA,4189.7,9632.6,NA,NA,NA,NA,NA,NA,NA,NA,7903.5,99216.5,NA,67308,NA,NA,4553.1,12348.9,NA,NA,NA,NA,NA,NA,NA,NA,NA,NA,NA,NA,NA,NA,NA,NA,NA,NA,NA,NA,NA,NA,NA,NA,NA,NA,NA,NA,NA,NA,NA,NA
"133",1994-01-01,NA,NA,NA,NA,NA,NA,NA,NA,NA,NA,NA,NA,NA,NA,NA,NA,NA,NA,NA,NA,NA,NA,NA,NA,NA,NA,NA,NA,NA,NA,NA,NA,NA,NA,NA,NA,NA,NA,NA,NA,2.5,1.4,NA,0.7,NA,NA,0.7,1.4,5456.7,98259.6,NA,57152.3,NA,NA,3313,8568.3,NA,NA,NA,NA,NA,NA,NA,NA,7990.4,84117.8,NA,68568,NA,NA,4586.3,12586.9,NA,NA,NA,NA,NA,NA,NA,NA,NA,NA,NA,NA,NA,NA,NA,NA,NA,NA,NA,NA,NA,NA,NA,NA,NA,NA,NA,NA,NA,NA,NA,NA
"134",1994-04-01,NA,NA,NA,NA,NA,NA,NA,NA,NA,NA,NA,NA,NA,NA,NA,NA,NA,NA,NA,NA,NA,NA,NA,NA,NA,NA,NA,NA,NA,NA,NA,NA,NA,NA,NA,NA,NA,NA,NA,NA,1.7,0.6,NA,1,NA,NA,0.9,1.3,6147.4,115445.6,NA,59070.2,NA,NA,3860.2,9289,NA,NA,NA,NA,NA,NA,NA,NA,8005.6,85807.1,NA,68214.6,NA,NA,4736.2,13206.7,NA,NA,NA,NA,NA,NA,NA,NA,NA,NA,NA,NA,NA,NA,NA,NA,NA,NA,NA,NA,NA,NA,NA,NA,NA,NA,NA,NA,NA,NA,NA,NA
"135",1994-07-01,NA,NA,NA,NA,NA,NA,NA,NA,NA,NA,NA,NA,NA,NA,NA,NA,NA,NA,NA,NA,NA,NA,NA,NA,NA,NA,NA,NA,NA,NA,NA,NA,NA,NA,NA,NA,NA,NA,NA,NA,0.4,0.6,NA,0.9,NA,NA,2.3,0.5,5715.4,116109.4,NA,58623.4,NA,NA,4184.3,8171.4,NA,NA,NA,NA,NA,NA,NA,NA,7977.5,89383.7,NA,67937.2,NA,NA,4950.2,11931.3,NA,NA,NA,NA,NA,NA,NA,NA,NA,NA,NA,NA,NA,NA,NA,NA,NA,NA,NA,NA,NA,NA,NA,NA,NA,NA,NA,NA,NA,NA,NA,NA
"136",1994-10-01,NA,NA,NA,NA,NA,NA,NA,NA,NA,NA,NA,NA,NA,NA,NA,NA,NA,NA,NA,NA,NA,NA,NA,NA,NA,NA,NA,NA,NA,NA,NA,NA,NA,NA,NA,NA,NA,NA,NA,NA,1.7,1.1,NA,0.9,NA,NA,2.5,2.2,6766.1,119052.4,NA,60489.9,NA,NA,4957.1,11080.2,NA,NA,NA,NA,NA,NA,NA,NA,8161.7,104516.3,NA,69947.5,NA,NA,5271.3,13188.8,NA,NA,NA,NA,NA,NA,NA,NA,NA,NA,NA,NA,NA,NA,NA,NA,NA,NA,NA,NA,NA,NA,NA,NA,NA,NA,NA,NA,NA,NA,NA,NA
"137",1980-01-01,NA,NA,NA,NA,NA,NA,NA,NA,NA,NA,NA,NA,NA,NA,NA,NA,NA,NA,NA,NA,NA,NA,NA,NA,NA,NA,NA,NA,NA,NA,NA,NA,NA,NA,NA,NA,NA,NA,NA,NA,NA,NA,NA,1.2,NA,NA,NA,NA,NA,NA,NA,29421.2,NA,NA,NA,NA,NA,NA,NA,NA,NA,NA,NA,NA,NA,NA,NA,25397.5,NA,NA,NA,NA,NA,NA,NA,NA,NA,NA,NA,NA,NA,NA,NA,NA,NA,NA,NA,NA,NA,NA,NA,NA,NA,NA,NA,NA,NA,NA,NA,NA,NA,NA,NA,NA
"138",1980-04-01,NA,NA,NA,NA,NA,NA,NA,NA,NA,NA,NA,NA,NA,NA,NA,NA,NA,NA,NA,NA,NA,NA,NA,NA,NA,NA,NA,NA,NA,NA,NA,NA,NA,NA,NA,NA,NA,NA,NA,NA,NA,NA,NA,-0.8,NA,NA,NA,NA,NA,NA,NA,31491.1,NA,NA,NA,NA,NA,NA,NA,NA,NA,NA,NA,NA,NA,NA,NA,26224.4,NA,NA,NA,NA,NA,NA,NA,NA,NA,NA,NA,NA,NA,NA,NA,NA,NA,NA,NA,NA,NA,NA,NA,NA,NA,NA,NA,NA,NA,NA,NA,NA,NA,NA,NA,NA
"139",1980-07-01,NA,NA,NA,NA,NA,NA,NA,NA,NA,NA,NA,NA,NA,NA,NA,NA,NA,NA,NA,NA,NA,NA,NA,NA,NA,NA,NA,NA,NA,NA,NA,NA,NA,NA,NA,NA,NA,NA,NA,NA,NA,NA,NA,0.2,NA,NA,NA,NA,NA,NA,NA,30655.5,NA,NA,NA,NA,NA,NA,NA,NA,NA,NA,NA,NA,NA,NA,NA,27410.7,NA,NA,NA,NA,NA,NA,NA,NA,NA,NA,NA,NA,NA,NA,NA,NA,NA,NA,NA,NA,NA,NA,NA,NA,NA,NA,NA,NA,NA,NA,NA,NA,NA,NA,NA,NA
"140",1980-10-01,NA,NA,NA,NA,NA,NA,NA,NA,NA,NA,NA,NA,NA,NA,NA,NA,NA,NA,NA,NA,NA,NA,NA,NA,NA,NA,NA,NA,NA,NA,NA,NA,NA,NA,NA,NA,NA,NA,NA,NA,NA,NA,NA,-0.2,NA,NA,NA,NA,NA,NA,NA,32355.3,NA,NA,NA,NA,NA,NA,NA,NA,NA,NA,NA,NA,NA,NA,NA,28028.1,NA,NA,NA,NA,NA,NA,NA,NA,NA,NA,NA,NA,NA,NA,NA,NA,NA,NA,NA,NA,NA,NA,NA,NA,NA,NA,NA,NA,NA,NA,NA,NA,NA,NA,NA,NA
"141",1981-01-01,NA,NA,NA,NA,NA,NA,NA,NA,NA,NA,NA,NA,NA,NA,NA,NA,NA,NA,NA,NA,NA,NA,NA,NA,NA,NA,NA,NA,NA,NA,NA,NA,NA,NA,NA,NA,NA,NA,NA,NA,NA,NA,NA,0.4,NA,NA,NA,NA,NA,NA,NA,31517.3,NA,NA,NA,NA,NA,NA,NA,NA,NA,NA,NA,NA,NA,NA,NA,28802.9,NA,NA,NA,NA,NA,NA,NA,NA,NA,NA,NA,NA,NA,NA,NA,NA,NA,NA,NA,NA,NA,NA,NA,NA,NA,NA,NA,NA,NA,NA,NA,NA,NA,NA,NA,NA
"142",1981-04-01,NA,NA,NA,NA,NA,NA,NA,NA,NA,NA,NA,NA,NA,NA,NA,NA,NA,NA,NA,NA,NA,NA,NA,NA,NA,NA,NA,NA,NA,NA,NA,NA,NA,NA,NA,NA,NA,NA,NA,NA,NA,NA,NA,0.8,NA,NA,NA,NA,NA,NA,NA,33291.2,NA,NA,NA,NA,NA,NA,NA,NA,NA,NA,NA,NA,NA,NA,NA,29623.4,NA,NA,NA,NA,NA,NA,NA,NA,NA,NA,NA,NA,NA,NA,NA,NA,NA,NA,NA,NA,NA,NA,NA,NA,NA,NA,NA,NA,NA,NA,NA,NA,NA,NA,NA,NA
"143",1981-07-01,NA,NA,NA,NA,NA,NA,NA,NA,NA,NA,NA,NA,NA,NA,NA,NA,NA,NA,NA,NA,NA,NA,NA,NA,NA,NA,NA,NA,NA,NA,NA,NA,NA,NA,NA,NA,NA,NA,NA,NA,NA,NA,NA,0.7,NA,NA,NA,NA,NA,NA,NA,32926.6,NA,NA,NA,NA,NA,NA,NA,NA,NA,NA,NA,NA,NA,NA,NA,30877.7,NA,NA,NA,NA,NA,NA,NA,NA,NA,NA,NA,NA,NA,NA,NA,NA,NA,NA,NA,NA,NA,NA,NA,NA,NA,NA,NA,NA,NA,NA,NA,NA,NA,NA,NA,NA
"144",1981-10-01,NA,NA,NA,NA,NA,NA,NA,NA,NA,NA,NA,NA,NA,NA,NA,NA,NA,NA,NA,NA,NA,NA,NA,NA,NA,NA,NA,NA,NA,NA,NA,NA,NA,NA,NA,NA,NA,NA,NA,NA,NA,NA,NA,0.6,NA,NA,NA,NA,NA,NA,NA,35170.1,NA,NA,NA,NA,NA,NA,NA,NA,NA,NA,NA,NA,NA,NA,NA,32010.7,NA,NA,NA,NA,NA,NA,NA,NA,NA,NA,NA,NA,NA,NA,NA,NA,NA,NA,NA,NA,NA,NA,NA,NA,NA,NA,NA,NA,NA,NA,NA,NA,NA,NA,NA,NA
"145",1982-01-01,NA,NA,NA,NA,NA,NA,NA,NA,NA,NA,NA,NA,NA,NA,NA,NA,NA,NA,NA,NA,NA,NA,NA,NA,NA,NA,NA,NA,NA,NA,NA,NA,NA,NA,NA,NA,NA,NA,NA,NA,NA,NA,NA,0.8,NA,NA,NA,NA,NA,NA,NA,34463,NA,NA,NA,NA,NA,NA,NA,NA,NA,NA,NA,NA,NA,NA,NA,33233.9,NA,NA,NA,NA,NA,NA,NA,NA,NA,NA,NA,NA,NA,NA,NA,NA,NA,NA,NA,NA,NA,NA,NA,NA,NA,NA,NA,NA,NA,NA,NA,NA,NA,NA,NA,NA
"146",1982-04-01,NA,NA,NA,NA,NA,NA,NA,NA,NA,NA,NA,NA,NA,NA,NA,NA,NA,NA,NA,NA,NA,NA,NA,NA,NA,NA,NA,NA,NA,NA,NA,NA,NA,NA,NA,NA,NA,NA,NA,NA,NA,NA,NA,0.7,NA,NA,NA,NA,NA,NA,NA,36599.9,NA,NA,NA,NA,NA,NA,NA,NA,NA,NA,NA,NA,NA,NA,NA,33910.8,NA,NA,NA,NA,NA,NA,NA,NA,NA,NA,NA,NA,NA,NA,NA,NA,NA,NA,NA,NA,NA,NA,NA,NA,NA,NA,NA,NA,NA,NA,NA,NA,NA,NA,NA,NA
"147",1982-07-01,NA,NA,NA,NA,NA,NA,NA,NA,NA,NA,NA,NA,NA,NA,NA,NA,NA,NA,NA,NA,NA,NA,NA,NA,NA,NA,NA,NA,NA,NA,NA,NA,NA,NA,NA,NA,NA,NA,NA,NA,NA,NA,NA,-0.1,NA,NA,NA,NA,NA,NA,NA,33379.9,NA,NA,NA,NA,NA,NA,NA,NA,NA,NA,NA,NA,NA,NA,NA,32770.5,NA,NA,NA,NA,NA,NA,NA,NA,NA,NA,NA,NA,NA,NA,NA,NA,NA,NA,NA,NA,NA,NA,NA,NA,NA,NA,NA,NA,NA,NA,NA,NA,NA,NA,NA,NA
"148",1982-10-01,NA,NA,NA,NA,NA,NA,NA,NA,NA,NA,NA,NA,NA,NA,NA,NA,NA,NA,NA,NA,NA,NA,NA,NA,NA,NA,NA,NA,NA,NA,NA,NA,NA,NA,NA,NA,NA,NA,NA,NA,NA,NA,NA,0.6,NA,NA,NA,NA,NA,NA,NA,35245.1,NA,NA,NA,NA,NA,NA,NA,NA,NA,NA,NA,NA,NA,NA,NA,33820.3,NA,NA,NA,NA,NA,NA,NA,NA,NA,NA,NA,NA,NA,NA,NA,NA,NA,NA,NA,NA,NA,NA,NA,NA,NA,NA,NA,NA,NA,NA,NA,NA,NA,NA,NA,NA
"149",1983-01-01,NA,NA,NA,NA,NA,NA,NA,NA,NA,NA,NA,NA,NA,NA,NA,NA,NA,NA,NA,NA,NA,NA,NA,NA,NA,NA,NA,NA,NA,NA,NA,NA,NA,NA,NA,NA,NA,NA,NA,NA,NA,NA,NA,0.4,NA,NA,NA,NA,NA,NA,NA,34787.8,NA,NA,NA,NA,NA,NA,NA,NA,NA,NA,NA,NA,NA,NA,NA,35679.5,NA,NA,NA,NA,NA,NA,NA,NA,NA,NA,NA,NA,NA,NA,NA,NA,NA,NA,NA,NA,NA,NA,NA,NA,NA,NA,NA,NA,NA,NA,NA,NA,NA,NA,NA,NA
"150",1983-04-01,NA,NA,NA,NA,NA,NA,NA,NA,NA,NA,NA,NA,NA,NA,NA,NA,NA,NA,NA,NA,NA,NA,NA,NA,NA,NA,NA,NA,NA,NA,NA,NA,NA,NA,NA,NA,NA,NA,NA,NA,NA,NA,NA,0.1,NA,NA,NA,NA,NA,NA,NA,34823.8,NA,NA,NA,NA,NA,NA,NA,NA,NA,NA,NA,NA,NA,NA,NA,35078.5,NA,NA,NA,NA,NA,NA,NA,NA,NA,NA,NA,NA,NA,NA,NA,NA,NA,NA,NA,NA,NA,NA,NA,NA,NA,NA,NA,NA,NA,NA,NA,NA,NA,NA,NA,NA
"151",1983-07-01,NA,NA,NA,NA,NA,NA,NA,NA,NA,NA,NA,NA,NA,NA,NA,NA,NA,NA,NA,NA,NA,NA,NA,NA,NA,NA,NA,NA,NA,NA,NA,NA,NA,NA,NA,NA,NA,NA,NA,NA,NA,NA,NA,0.2,NA,NA,NA,NA,NA,NA,NA,33474.4,NA,NA,NA,NA,NA,NA,NA,NA,NA,NA,NA,NA,NA,NA,NA,35185.5,NA,NA,NA,NA,NA,NA,NA,NA,NA,NA,NA,NA,NA,NA,NA,NA,NA,NA,NA,NA,NA,NA,NA,NA,NA,NA,NA,NA,NA,NA,NA,NA,NA,NA,NA,NA
"152",1983-10-01,NA,NA,NA,NA,NA,NA,NA,NA,NA,NA,NA,NA,NA,NA,NA,NA,NA,NA,NA,NA,NA,NA,NA,NA,NA,NA,NA,NA,NA,NA,NA,NA,NA,NA,NA,NA,NA,NA,NA,NA,NA,NA,NA,0.6,NA,NA,NA,NA,NA,NA,NA,35335,NA,NA,NA,NA,NA,NA,NA,NA,NA,NA,NA,NA,NA,NA,NA,35984.2,NA,NA,NA,NA,NA,NA,NA,NA,NA,NA,NA,NA,NA,NA,NA,NA,NA,NA,NA,NA,NA,NA,NA,NA,NA,NA,NA,NA,NA,NA,NA,NA,NA,NA,NA,NA
"153",1984-01-01,NA,NA,NA,NA,NA,NA,NA,NA,NA,NA,NA,NA,NA,NA,NA,NA,NA,NA,NA,NA,NA,NA,NA,NA,NA,NA,NA,NA,NA,NA,NA,NA,NA,NA,NA,NA,NA,NA,NA,NA,NA,NA,NA,0.4,NA,NA,NA,NA,NA,NA,NA,34786,NA,NA,NA,NA,NA,NA,NA,NA,NA,NA,NA,NA,NA,NA,NA,37366.6,NA,NA,NA,NA,NA,NA,NA,NA,NA,NA,NA,NA,NA,NA,NA,NA,NA,NA,NA,NA,NA,NA,NA,NA,NA,NA,NA,NA,NA,NA,NA,NA,NA,NA,NA,NA
"154",1984-04-01,NA,NA,NA,NA,NA,NA,NA,NA,NA,NA,NA,NA,NA,NA,NA,NA,NA,NA,NA,NA,NA,NA,NA,NA,NA,NA,NA,NA,NA,NA,NA,NA,NA,NA,NA,NA,NA,NA,NA,NA,NA,NA,NA,0.5,NA,NA,NA,NA,NA,NA,NA,36124.3,NA,NA,NA,NA,NA,NA,NA,NA,NA,NA,NA,NA,NA,NA,NA,37975.6,NA,NA,NA,NA,NA,NA,NA,NA,NA,NA,NA,NA,NA,NA,NA,NA,NA,NA,NA,NA,NA,NA,NA,NA,NA,NA,NA,NA,NA,NA,NA,NA,NA,NA,NA,NA
"155",1984-07-01,NA,NA,NA,NA,NA,NA,NA,NA,NA,NA,NA,NA,NA,NA,NA,NA,NA,NA,NA,NA,NA,NA,NA,NA,NA,NA,NA,NA,NA,NA,NA,NA,NA,NA,NA,NA,NA,NA,NA,NA,NA,NA,NA,0.6,NA,NA,NA,NA,NA,NA,NA,34973.6,NA,NA,NA,NA,NA,NA,NA,NA,NA,NA,NA,NA,NA,NA,NA,38247.2,NA,NA,NA,NA,NA,NA,NA,NA,NA,NA,NA,NA,NA,NA,NA,NA,NA,NA,NA,NA,NA,NA,NA,NA,NA,NA,NA,NA,NA,NA,NA,NA,NA,NA,NA,NA
"156",1984-10-01,NA,NA,NA,NA,NA,NA,NA,NA,NA,NA,NA,NA,NA,NA,NA,NA,NA,NA,NA,NA,NA,NA,NA,NA,NA,NA,NA,NA,NA,NA,NA,NA,NA,NA,NA,NA,NA,NA,NA,NA,NA,NA,NA,-0.1,NA,NA,NA,NA,NA,NA,NA,37539.7,NA,NA,NA,NA,NA,NA,NA,NA,NA,NA,NA,NA,NA,NA,NA,39605.6,NA,NA,NA,NA,NA,NA,NA,NA,NA,NA,NA,NA,NA,NA,NA,NA,NA,NA,NA,NA,NA,NA,NA,NA,NA,NA,NA,NA,NA,NA,NA,NA,NA,NA,NA,NA
"157",1985-01-01,NA,NA,NA,NA,NA,NA,NA,NA,NA,NA,NA,NA,NA,NA,NA,NA,NA,NA,NA,NA,NA,NA,NA,NA,NA,NA,NA,NA,NA,NA,NA,NA,NA,NA,NA,NA,NA,NA,NA,NA,NA,NA,NA,0.3,NA,NA,NA,NA,NA,NA,NA,36637.5,NA,NA,NA,NA,NA,NA,NA,NA,NA,NA,NA,NA,NA,NA,NA,40793.1,NA,NA,NA,NA,NA,NA,NA,NA,NA,NA,NA,NA,NA,NA,NA,NA,NA,NA,NA,NA,NA,NA,NA,NA,NA,NA,NA,NA,NA,NA,NA,NA,NA,NA,NA,NA
"158",1985-04-01,NA,NA,NA,NA,NA,NA,NA,NA,NA,NA,NA,NA,NA,NA,NA,NA,NA,NA,NA,NA,NA,NA,NA,NA,NA,NA,NA,NA,NA,NA,NA,NA,NA,NA,NA,NA,NA,NA,NA,NA,NA,NA,NA,0.8,NA,NA,NA,NA,NA,NA,NA,38451.4,NA,NA,NA,NA,NA,NA,NA,NA,NA,NA,NA,NA,NA,NA,NA,41036,NA,NA,NA,NA,NA,NA,NA,NA,NA,NA,NA,NA,NA,NA,NA,NA,NA,NA,NA,NA,NA,NA,NA,NA,NA,NA,NA,NA,NA,NA,NA,NA,NA,NA,NA,NA
"159",1985-07-01,NA,NA,NA,NA,NA,NA,NA,NA,NA,NA,NA,NA,NA,NA,NA,NA,NA,NA,NA,NA,NA,NA,NA,NA,NA,NA,NA,NA,NA,NA,NA,NA,NA,NA,NA,NA,NA,NA,NA,NA,NA,NA,NA,0.6,NA,NA,NA,NA,NA,NA,NA,37960.4,NA,NA,NA,NA,NA,NA,NA,NA,NA,NA,NA,NA,NA,NA,NA,41455.4,NA,NA,NA,NA,NA,NA,NA,NA,NA,NA,NA,NA,NA,NA,NA,NA,NA,NA,NA,NA,NA,NA,NA,NA,NA,NA,NA,NA,NA,NA,NA,NA,NA,NA,NA,NA
"160",1985-10-01,NA,NA,NA,NA,NA,NA,NA,NA,NA,NA,NA,NA,NA,NA,NA,NA,NA,NA,NA,NA,NA,NA,NA,NA,NA,NA,NA,NA,NA,NA,NA,NA,NA,NA,NA,NA,NA,NA,NA,NA,NA,NA,NA,0.5,NA,NA,NA,NA,NA,NA,NA,40992.7,NA,NA,NA,NA,NA,NA,NA,NA,NA,NA,NA,NA,NA,NA,NA,43159.4,NA,NA,NA,NA,NA,NA,NA,NA,NA,NA,NA,NA,NA,NA,NA,NA,NA,NA,NA,NA,NA,NA,NA,NA,NA,NA,NA,NA,NA,NA,NA,NA,NA,NA,NA,NA
"161",1986-01-01,NA,NA,NA,NA,NA,NA,NA,NA,NA,NA,NA,NA,NA,NA,NA,NA,NA,NA,NA,NA,NA,NA,NA,NA,NA,NA,NA,NA,NA,NA,NA,NA,NA,NA,NA,NA,NA,NA,NA,NA,NA,NA,NA,0.3,NA,NA,NA,NA,NA,NA,NA,40295,NA,NA,NA,NA,NA,NA,NA,NA,NA,NA,NA,NA,NA,NA,NA,44927.1,NA,NA,NA,NA,NA,NA,NA,NA,NA,NA,NA,NA,NA,NA,NA,NA,NA,NA,NA,NA,NA,NA,NA,NA,NA,NA,NA,NA,NA,NA,NA,NA,NA,NA,NA,NA
"162",1986-04-01,NA,NA,NA,NA,NA,NA,NA,NA,NA,NA,NA,NA,NA,NA,NA,NA,NA,NA,NA,NA,NA,NA,NA,NA,NA,NA,NA,NA,NA,NA,NA,NA,NA,NA,NA,NA,NA,NA,NA,NA,NA,NA,NA,1.1,NA,NA,NA,NA,NA,NA,NA,41619,NA,NA,NA,NA,NA,NA,NA,NA,NA,NA,NA,NA,NA,NA,NA,43721,NA,NA,NA,NA,NA,NA,NA,NA,NA,NA,NA,NA,NA,NA,NA,NA,NA,NA,NA,NA,NA,NA,NA,NA,NA,NA,NA,NA,NA,NA,NA,NA,NA,NA,NA,NA
"163",1986-07-01,NA,NA,NA,NA,NA,NA,NA,NA,NA,NA,NA,NA,NA,NA,NA,NA,NA,NA,NA,NA,NA,NA,NA,NA,NA,NA,NA,NA,NA,NA,NA,NA,NA,NA,NA,NA,NA,NA,NA,NA,NA,NA,NA,0.5,NA,NA,NA,NA,NA,NA,NA,40417.3,NA,NA,NA,NA,NA,NA,NA,NA,NA,NA,NA,NA,NA,NA,NA,43293,NA,NA,NA,NA,NA,NA,NA,NA,NA,NA,NA,NA,NA,NA,NA,NA,NA,NA,NA,NA,NA,NA,NA,NA,NA,NA,NA,NA,NA,NA,NA,NA,NA,NA,NA,NA
"164",1986-10-01,NA,NA,NA,NA,NA,NA,NA,NA,NA,NA,NA,NA,NA,NA,NA,NA,NA,NA,NA,NA,NA,NA,NA,NA,NA,NA,NA,NA,NA,NA,NA,NA,NA,NA,NA,NA,NA,NA,NA,NA,NA,NA,NA,0.1,NA,NA,NA,NA,NA,NA,NA,43449.2,NA,NA,NA,NA,NA,NA,NA,NA,NA,NA,NA,NA,NA,NA,NA,44680.2,NA,NA,NA,NA,NA,NA,NA,NA,NA,NA,NA,NA,NA,NA,NA,NA,NA,NA,NA,NA,NA,NA,NA,NA,NA,NA,NA,NA,NA,NA,NA,NA,NA,NA,NA,NA
"165",1987-01-01,NA,NA,NA,NA,NA,NA,NA,NA,NA,NA,NA,NA,NA,NA,NA,NA,NA,NA,NA,NA,NA,NA,NA,NA,NA,NA,NA,NA,NA,NA,NA,NA,NA,NA,NA,NA,NA,NA,NA,NA,NA,NA,NA,0.1,NA,NA,NA,NA,NA,NA,NA,41824.1,NA,NA,NA,NA,NA,NA,NA,NA,NA,NA,NA,NA,NA,NA,NA,44668.1,NA,NA,NA,NA,NA,NA,NA,NA,NA,NA,NA,NA,NA,NA,NA,NA,NA,NA,NA,NA,NA,NA,NA,NA,NA,NA,NA,NA,NA,NA,NA,NA,NA,NA,NA,NA
"166",1987-04-01,NA,NA,NA,NA,NA,NA,NA,NA,NA,NA,NA,NA,NA,NA,NA,NA,NA,NA,NA,NA,NA,NA,NA,NA,NA,NA,NA,NA,NA,NA,NA,NA,NA,NA,NA,NA,NA,NA,NA,NA,NA,NA,NA,1.5,NA,NA,NA,NA,NA,NA,NA,43945.3,NA,NA,NA,NA,NA,NA,NA,NA,NA,NA,NA,NA,NA,NA,NA,44645.3,NA,NA,NA,NA,NA,NA,NA,NA,NA,NA,NA,NA,NA,NA,NA,NA,NA,NA,NA,NA,NA,NA,NA,NA,NA,NA,NA,NA,NA,NA,NA,NA,NA,NA,NA,NA
"167",1987-07-01,NA,NA,NA,NA,NA,NA,NA,NA,NA,NA,NA,NA,NA,NA,NA,NA,NA,NA,NA,NA,NA,NA,NA,NA,NA,NA,NA,NA,NA,NA,NA,NA,NA,NA,NA,NA,NA,NA,NA,NA,NA,NA,NA,0.7,NA,NA,NA,NA,NA,NA,NA,43619.9,NA,NA,NA,NA,NA,NA,NA,NA,NA,NA,NA,NA,NA,NA,NA,44876.9,NA,NA,NA,NA,NA,NA,NA,NA,NA,NA,NA,NA,NA,NA,NA,NA,NA,NA,NA,NA,NA,NA,NA,NA,NA,NA,NA,NA,NA,NA,NA,NA,NA,NA,NA,NA
"168",1987-10-01,NA,NA,NA,NA,NA,NA,NA,NA,NA,NA,NA,NA,NA,NA,NA,NA,NA,NA,NA,NA,NA,NA,NA,NA,NA,NA,NA,NA,NA,NA,NA,NA,NA,NA,NA,NA,NA,NA,NA,NA,NA,NA,NA,1.5,NA,NA,NA,NA,NA,NA,NA,46570.3,NA,NA,NA,NA,NA,NA,NA,NA,NA,NA,NA,NA,NA,NA,NA,46559.1,NA,NA,NA,NA,NA,NA,NA,NA,NA,NA,NA,NA,NA,NA,NA,NA,NA,NA,NA,NA,NA,NA,NA,NA,NA,NA,NA,NA,NA,NA,NA,NA,NA,NA,NA,NA
"169",1988-01-01,NA,NA,NA,NA,NA,NA,NA,NA,NA,NA,NA,NA,NA,NA,NA,NA,NA,NA,NA,NA,NA,NA,NA,NA,NA,NA,NA,NA,NA,NA,NA,NA,NA,NA,NA,NA,NA,NA,NA,NA,NA,NA,NA,1.3,NA,NA,NA,NA,NA,NA,NA,46078.8,NA,NA,NA,NA,NA,NA,NA,NA,NA,NA,NA,NA,NA,NA,NA,46856.7,NA,NA,NA,NA,NA,NA,NA,NA,NA,NA,NA,NA,NA,NA,NA,NA,NA,NA,NA,NA,NA,NA,NA,NA,NA,NA,NA,NA,NA,NA,NA,NA,NA,NA,NA,NA
"170",1988-04-01,NA,NA,NA,NA,NA,NA,NA,NA,NA,NA,NA,NA,NA,NA,NA,NA,NA,NA,NA,NA,NA,NA,NA,NA,NA,NA,NA,NA,NA,NA,NA,NA,NA,NA,NA,NA,NA,NA,NA,NA,NA,NA,NA,0.9,NA,NA,NA,NA,NA,NA,NA,48567.5,NA,NA,NA,NA,NA,NA,NA,NA,NA,NA,NA,NA,NA,NA,NA,47160.6,NA,NA,NA,NA,NA,NA,NA,NA,NA,NA,NA,NA,NA,NA,NA,NA,NA,NA,NA,NA,NA,NA,NA,NA,NA,NA,NA,NA,NA,NA,NA,NA,NA,NA,NA,NA
"171",1988-07-01,NA,NA,NA,NA,NA,NA,NA,NA,NA,NA,NA,NA,NA,NA,NA,NA,NA,NA,NA,NA,NA,NA,NA,NA,NA,NA,NA,NA,NA,NA,NA,NA,NA,NA,NA,NA,NA,NA,NA,NA,NA,NA,NA,1.3,NA,NA,NA,NA,NA,NA,NA,47917.5,NA,NA,NA,NA,NA,NA,NA,NA,NA,NA,NA,NA,NA,NA,NA,46866.6,NA,NA,NA,NA,NA,NA,NA,NA,NA,NA,NA,NA,NA,NA,NA,NA,NA,NA,NA,NA,NA,NA,NA,NA,NA,NA,NA,NA,NA,NA,NA,NA,NA,NA,NA,NA
"172",1988-10-01,NA,NA,NA,NA,NA,NA,NA,NA,NA,NA,NA,NA,NA,NA,NA,NA,NA,NA,NA,NA,NA,NA,NA,NA,NA,NA,NA,NA,NA,NA,NA,NA,NA,NA,NA,NA,NA,NA,NA,NA,NA,NA,NA,0.8,NA,NA,NA,NA,NA,NA,NA,51113,NA,NA,NA,NA,NA,NA,NA,NA,NA,NA,NA,NA,NA,NA,NA,47679.8,NA,NA,NA,NA,NA,NA,NA,NA,NA,NA,NA,NA,NA,NA,NA,NA,NA,NA,NA,NA,NA,NA,NA,NA,NA,NA,NA,NA,NA,NA,NA,NA,NA,NA,NA,NA
"173",1989-01-01,NA,NA,NA,NA,NA,NA,NA,NA,NA,NA,NA,NA,NA,NA,NA,NA,NA,NA,NA,NA,NA,NA,NA,NA,NA,NA,NA,NA,NA,NA,NA,NA,NA,NA,NA,NA,NA,NA,NA,NA,NA,NA,NA,1.3,NA,NA,NA,NA,NA,NA,NA,51159.6,NA,NA,NA,NA,NA,NA,NA,NA,NA,NA,NA,NA,NA,NA,NA,48469.1,NA,NA,NA,NA,NA,NA,NA,NA,NA,NA,NA,NA,NA,NA,NA,NA,NA,NA,NA,NA,NA,NA,NA,NA,NA,NA,NA,NA,NA,NA,NA,NA,NA,NA,NA,NA
"174",1989-04-01,NA,NA,NA,NA,NA,NA,NA,NA,NA,NA,NA,NA,NA,NA,NA,NA,NA,NA,NA,NA,NA,NA,NA,NA,NA,NA,NA,NA,NA,NA,NA,NA,NA,NA,NA,NA,NA,NA,NA,NA,NA,NA,NA,1.1,NA,NA,NA,NA,NA,NA,NA,53625.2,NA,NA,NA,NA,NA,NA,NA,NA,NA,NA,NA,NA,NA,NA,NA,49015.6,NA,NA,NA,NA,NA,NA,NA,NA,NA,NA,NA,NA,NA,NA,NA,NA,NA,NA,NA,NA,NA,NA,NA,NA,NA,NA,NA,NA,NA,NA,NA,NA,NA,NA,NA,NA
"175",1989-07-01,NA,NA,NA,NA,NA,NA,NA,NA,NA,NA,NA,NA,NA,NA,NA,NA,NA,NA,NA,NA,NA,NA,NA,NA,NA,NA,NA,NA,NA,NA,NA,NA,NA,NA,NA,NA,NA,NA,NA,NA,NA,NA,NA,1.1,NA,NA,NA,NA,NA,NA,NA,52533.1,NA,NA,NA,NA,NA,NA,NA,NA,NA,NA,NA,NA,NA,NA,NA,48868.2,NA,NA,NA,NA,NA,NA,NA,NA,NA,NA,NA,NA,NA,NA,NA,NA,NA,NA,NA,NA,NA,NA,NA,NA,NA,NA,NA,NA,NA,NA,NA,NA,NA,NA,NA,NA
"176",1989-10-01,NA,NA,NA,NA,NA,NA,NA,NA,NA,NA,NA,NA,NA,NA,NA,NA,NA,NA,NA,NA,NA,NA,NA,NA,NA,NA,NA,NA,NA,NA,NA,NA,NA,NA,NA,NA,NA,NA,NA,NA,NA,NA,NA,1.3,NA,NA,NA,NA,NA,NA,NA,56648.7,NA,NA,NA,NA,NA,NA,NA,NA,NA,NA,NA,NA,NA,NA,NA,52075,NA,NA,NA,NA,NA,NA,NA,NA,NA,NA,NA,NA,NA,NA,NA,NA,NA,NA,NA,NA,NA,NA,NA,NA,NA,NA,NA,NA,NA,NA,NA,NA,NA,NA,NA,NA
"177",1990-01-01,NA,NA,NA,NA,NA,NA,NA,NA,NA,NA,NA,NA,NA,NA,NA,NA,NA,NA,NA,NA,NA,NA,NA,NA,NA,NA,NA,NA,NA,NA,NA,NA,NA,NA,NA,NA,NA,NA,NA,NA,NA,NA,NA,0.2,NA,NA,NA,NA,NA,NA,NA,56627.8,NA,NA,7544.8,NA,NA,NA,NA,NA,NA,NA,NA,NA,NA,NA,NA,52375.4,NA,NA,5561.6,NA,NA,NA,NA,NA,NA,NA,NA,NA,NA,NA,NA,NA,NA,NA,NA,NA,NA,NA,NA,NA,NA,NA,NA,NA,NA,NA,NA,NA,NA,NA,NA,NA
"178",1990-04-01,NA,NA,NA,NA,NA,NA,NA,NA,NA,NA,NA,NA,NA,NA,NA,NA,NA,NA,NA,NA,NA,NA,NA,NA,NA,NA,NA,NA,NA,NA,NA,NA,NA,NA,NA,NA,NA,NA,NA,NA,NA,NA,NA,0.5,NA,NA,-1.3,NA,NA,NA,NA,58227,NA,NA,8073.1,NA,NA,NA,NA,NA,NA,NA,NA,NA,NA,NA,NA,53256,NA,NA,5729.6,NA,NA,NA,NA,NA,NA,NA,NA,NA,NA,NA,NA,NA,NA,NA,NA,NA,NA,NA,NA,NA,NA,NA,NA,NA,NA,NA,NA,NA,NA,NA,NA,NA
"179",1990-07-01,NA,NA,NA,NA,NA,NA,NA,NA,NA,NA,NA,NA,NA,NA,NA,NA,NA,NA,NA,NA,NA,NA,NA,NA,NA,NA,NA,NA,NA,NA,NA,NA,NA,NA,NA,NA,NA,NA,NA,NA,NA,NA,NA,0.6,NA,NA,-2.2,NA,NA,NA,NA,56902.8,NA,NA,8302,NA,NA,NA,NA,NA,NA,NA,NA,NA,NA,NA,NA,52914.6,NA,NA,5955.8,NA,NA,NA,NA,NA,NA,NA,NA,NA,NA,NA,NA,NA,NA,NA,NA,NA,NA,NA,NA,NA,NA,NA,NA,NA,NA,NA,NA,NA,NA,NA,NA,NA
"180",1990-10-01,NA,NA,NA,NA,NA,NA,NA,NA,NA,NA,NA,NA,NA,NA,NA,NA,NA,NA,NA,NA,NA,NA,NA,NA,NA,NA,NA,NA,NA,NA,NA,NA,NA,NA,NA,NA,NA,NA,NA,NA,NA,NA,NA,0,NA,NA,-0.5,NA,NA,NA,NA,59824.4,NA,NA,9126,NA,NA,NA,NA,NA,NA,NA,NA,NA,NA,NA,NA,54671.3,NA,NA,5998.4,NA,NA,NA,NA,NA,NA,NA,NA,NA,NA,NA,NA,NA,NA,NA,NA,NA,NA,NA,NA,NA,NA,NA,NA,NA,NA,NA,NA,NA,NA,NA,NA,NA
"181",1991-01-01,NA,NA,NA,NA,NA,NA,NA,NA,NA,NA,NA,NA,NA,NA,NA,NA,NA,NA,NA,NA,NA,NA,NA,NA,NA,NA,NA,NA,NA,NA,NA,NA,NA,NA,NA,NA,NA,NA,NA,NA,NA,NA,NA,0.3,NA,NA,-1.9,NA,5469.2,80309,NA,57820.5,NA,NA,6242.9,NA,NA,NA,NA,NA,NA,NA,NA,NA,6767.2,62697.5,NA,55328,NA,NA,5914.3,NA,NA,NA,NA,NA,NA,NA,NA,NA,NA,NA,NA,NA,NA,NA,NA,NA,NA,NA,NA,NA,NA,NA,NA,NA,NA,NA,NA,NA,NA,NA,NA,NA
